episode_id,ticker,episode_start,episode_end,detector,classification,demonstrable_reason,rank_at_start,percentile_at_start,score_at_start,selected_at_start,fraction_of_move_remaining,forward_price_return_12m,sector_pit,market_cap_pit,liquidity_pit,regime_pit
ABEV3-0001,ABEV3,2017-03-31,2017-03-31,52W_HIGH,MISS,RANK_TOO_LOW,26,0.43333333333333335,0.911221945137157,false,,0.34444444444444433,NOT_AVAILABLE_PIT,NOT_AVAILABLE_PIT,UNIVERSE_ELIGIBLE_ONLY,CALENDAR_YEAR_2017
ABEV3-0001,ABEV3,2017-03-31,2017-03-31,LOW_VOL_252,EARLY_HIT,DETECTED,3,0.05,0.012151386994817309,true,1.0,0.34444444444444433,NOT_AVAILABLE_PIT,NOT_AVAILABLE_PIT,UNIVERSE_ELIGIBLE_ONLY,CALENDAR_YEAR_2017
ABEV3-0001,ABEV3,2017-03-31,2017-03-31,MOMENTUM_12_1,MISS,RANK_TOO_LOW,52,0.8666666666666667,-0.07394002068252326,false,,0.34444444444444433,NOT_AVAILABLE_PIT,NOT_AVAILABLE_PIT,UNIVERSE_ELIGIBLE_ONLY,CALENDAR_YEAR_2017
ABEV3-0001,ABEV3,2017-03-31,2017-03-31,MOMENTUM_6_1,MISS,RANK_TOO_LOW,51,0.85,-0.08715596330275233,false,,0.34444444444444433,NOT_AVAILABLE_PIT,NOT_AVAILABLE_PIT,UNIVERSE_ELIGIBLE_ONLY,CALENDAR_YEAR_2017
ABEV3-0001,ABEV3,2017-03-31,2017-03-31,MOMENTUM_LOW_VOL,NOT_SCORABLE_BY_DETECTOR,INSUFFICIENT_HISTORY,,,,false,,0.34444444444444433,NOT_AVAILABLE_PIT,NOT_AVAILABLE_PIT,UNIVERSE_ELIGIBLE_ONLY,CALENDAR_YEAR_2017
ABEV3-0001,ABEV3,2017-03-31,2017-03-31,REVERSAL_21,MISS,RANK_TOO_LOW,40,0.6666666666666666,0.02010050251256268,false,,0.34444444444444433,NOT_AVAILABLE_PIT,NOT_AVAILABLE_PIT,UNIVERSE_ELIGIBLE_ONLY,CALENDAR_YEAR_2017
ABEV3-0001,ABEV3,2017-03-31,2017-03-31,VOLUME_SURGE,MISS,RANK_TOO_LOW,49,0.8166666666666667,-0.10521283803108117,false,,0.34444444444444433,NOT_AVAILABLE_PIT,NOT_AVAILABLE_PIT,UNIVERSE_ELIGIBLE_ONLY,CALENDAR_YEAR_2017
ABEV3-0002,ABEV3,2020-05-29,2020-05-29,52W_HIGH,MISS,RANK_TOO_LOW,42,0.7,0.6214251090644692,false,,0.4896825396825397,NOT_AVAILABLE_PIT,NOT_AVAILABLE_PIT,UNIVERSE_ELIGIBLE_ONLY,CALENDAR_YEAR_2020
ABEV3-0002,ABEV3,2020-05-29,2020-05-29,LOW_VOL_252,EARLY_HIT,DETECTED,11,0.18333333333333332,0.025730436632462772,true,1.0,0.4896825396825397,NOT_AVAILABLE_PIT,NOT_AVAILABLE_PIT,UNIVERSE_ELIGIBLE_ONLY,CALENDAR_YEAR_2020
ABEV3-0002,ABEV3,2020-05-29,2020-05-29,MOMENTUM_12_1,MISS,RANK_TOO_LOW,50,0.8333333333333334,-0.3201626961069146,false,,0.4896825396825397,NOT_AVAILABLE_PIT,NOT_AVAILABLE_PIT,UNIVERSE_ELIGIBLE_ONLY,CALENDAR_YEAR_2020
ABEV3-0002,ABEV3,2020-05-29,2020-05-29,MOMENTUM_6_1,MISS,RANK_TOO_LOW,49,0.8166666666666667,-0.3525179856115108,false,,0.4896825396825397,NOT_AVAILABLE_PIT,NOT_AVAILABLE_PIT,UNIVERSE_ELIGIBLE_ONLY,CALENDAR_YEAR_2020
ABEV3-0002,ABEV3,2020-05-29,2020-05-29,MOMENTUM_LOW_VOL,NOT_SCORABLE_BY_DETECTOR,INSUFFICIENT_HISTORY,,,,false,,0.4896825396825397,NOT_AVAILABLE_PIT,NOT_AVAILABLE_PIT,UNIVERSE_ELIGIBLE_ONLY,CALENDAR_YEAR_2020
ABEV3-0002,ABEV3,2020-05-29,2020-05-29,REVERSAL_21,MISS,RANK_TOO_LOW,37,0.6166666666666667,0.09572649572649583,false,,0.4896825396825397,NOT_AVAILABLE_PIT,NOT_AVAILABLE_PIT,UNIVERSE_ELIGIBLE_ONLY,CALENDAR_YEAR_2020
ABEV3-0002,ABEV3,2020-05-29,2020-05-29,VOLUME_SURGE,MISS,RANK_TOO_LOW,50,0.8333333333333334,-0.034101249663209376,false,,0.4896825396825397,NOT_AVAILABLE_PIT,NOT_AVAILABLE_PIT,UNIVERSE_ELIGIBLE_ONLY,CALENDAR_YEAR_2020
ABEV3-0003,ABEV3,2020-08-31,2020-08-31,52W_HIGH,MISS,RANK_TOO_LOW,48,0.8,0.6505102040816326,false,,0.36442687747035585,NOT_AVAILABLE_PIT,NOT_AVAILABLE_PIT,UNIVERSE_ELIGIBLE_ONLY,CALENDAR_YEAR_2020
ABEV3-0003,ABEV3,2020-08-31,2020-08-31,LOW_VOL_252,EARLY_HIT,DETECTED,10,0.16666666666666666,0.02664827468966496,true,1.0,0.36442687747035585,NOT_AVAILABLE_PIT,NOT_AVAILABLE_PIT,UNIVERSE_ELIGIBLE_ONLY,CALENDAR_YEAR_2020
ABEV3-0003,ABEV3,2020-08-31,2020-08-31,MOMENTUM_12_1,MISS,RANK_TOO_LOW,49,0.8166666666666667,-0.1956882255389718,false,,0.36442687747035585,NOT_AVAILABLE_PIT,NOT_AVAILABLE_PIT,UNIVERSE_ELIGIBLE_ONLY,CALENDAR_YEAR_2020
ABEV3-0003,ABEV3,2020-08-31,2020-08-31,MOMENTUM_6_1,MISS,RANK_TOO_LOW,26,0.43333333333333335,0.0006877579092161579,false,,0.36442687747035585,NOT_AVAILABLE_PIT,NOT_AVAILABLE_PIT,UNIVERSE_ELIGIBLE_ONLY,CALENDAR_YEAR_2020
ABEV3-0003,ABEV3,2020-08-31,2020-08-31,MOMENTUM_LOW_VOL,NOT_SCORABLE_BY_DETECTOR,INSUFFICIENT_HISTORY,,,,false,,0.36442687747035585,NOT_AVAILABLE_PIT,NOT_AVAILABLE_PIT,UNIVERSE_ELIGIBLE_ONLY,CALENDAR_YEAR_2020
ABEV3-0003,ABEV3,2020-08-31,2020-08-31,REVERSAL_21,EARLY_HIT,DETECTED,7,0.11666666666666667,-0.12371134020618557,true,1.0,0.36442687747035585,NOT_AVAILABLE_PIT,NOT_AVAILABLE_PIT,UNIVERSE_ELIGIBLE_ONLY,CALENDAR_YEAR_2020
ABEV3-0003,ABEV3,2020-08-31,2020-08-31,VOLUME_SURGE,MISS,RANK_TOO_LOW,39,0.65,0.021804883590091473,false,,0.36442687747035585,NOT_AVAILABLE_PIT,NOT_AVAILABLE_PIT,UNIVERSE_ELIGIBLE_ONLY,CALENDAR_YEAR_2020
ABEV3-0004,ABEV3,2020-10-30,2020-10-30,52W_HIGH,MISS,RANK_TOO_LOW,32,0.5333333333333333,0.6706555671175859,false,,0.39514866979655716,NOT_AVAILABLE_PIT,NOT_AVAILABLE_PIT,UNIVERSE_ELIGIBLE_ONLY,CALENDAR_YEAR_2020
ABEV3-0004,ABEV3,2020-10-30,2020-10-30,LOW_VOL_252,EARLY_HIT,DETECTED,9,0.15,0.02770297397246986,true,1.0,0.39514866979655716,NOT_AVAILABLE_PIT,NOT_AVAILABLE_PIT,UNIVERSE_ELIGIBLE_ONLY,CALENDAR_YEAR_2020
ABEV3-0004,ABEV3,2020-10-30,2020-10-30,MOMENTUM_12_1,MISS,RANK_TOO_LOW,48,0.8,-0.33886509635974305,false,,0.39514866979655716,NOT_AVAILABLE_PIT,NOT_AVAILABLE_PIT,UNIVERSE_ELIGIBLE_ONLY,CALENDAR_YEAR_2020
ABEV3-0004,ABEV3,2020-10-30,2020-10-30,MOMENTUM_6_1,MISS,RANK_TOO_LOW,28,0.4666666666666667,0.08906525573192248,false,,0.39514866979655716,NOT_AVAILABLE_PIT,NOT_AVAILABLE_PIT,UNIVERSE_ELIGIBLE_ONLY,CALENDAR_YEAR_2020
ABEV3-0004,ABEV3,2020-10-30,2020-10-30,MOMENTUM_LOW_VOL,NOT_SCORABLE_BY_DETECTOR,INSUFFICIENT_HISTORY,,,,false,,0.39514866979655716,NOT_AVAILABLE_PIT,NOT_AVAILABLE_PIT,UNIVERSE_ELIGIBLE_ONLY,CALENDAR_YEAR_2020
ABEV3-0004,ABEV3,2020-10-30,2020-10-30,REVERSAL_21,MISS,RANK_TOO_LOW,40,0.6666666666666666,0.043724696356275405,false,,0.39514866979655716,NOT_AVAILABLE_PIT,NOT_AVAILABLE_PIT,UNIVERSE_ELIGIBLE_ONLY,CALENDAR_YEAR_2020
ABEV3-0004,ABEV3,2020-10-30,2020-10-30,VOLUME_SURGE,MISS,RANK_TOO_LOW,27,0.45,-0.042908393547314794,false,,0.39514866979655716,NOT_AVAILABLE_PIT,NOT_AVAILABLE_PIT,UNIVERSE_ELIGIBLE_ONLY,CALENDAR_YEAR_2020
ABEV3-0005,ABEV3,2025-01-31,2025-01-31,52W_HIGH,MISS,RANK_TOO_LOW,28,0.4666666666666667,0.7704576976421637,false,1.0,0.3943789664551225,NOT_AVAILABLE_PIT,NOT_AVAILABLE_PIT,UNIVERSE_ELIGIBLE_ONLY,CALENDAR_YEAR_2025
ABEV3-0005,ABEV3,2025-01-31,2025-01-31,LOW_VOL_252,EARLY_HIT,DETECTED,9,0.15,0.013555171108819257,true,1.0,0.3943789664551225,NOT_AVAILABLE_PIT,NOT_AVAILABLE_PIT,UNIVERSE_ELIGIBLE_ONLY,CALENDAR_YEAR_2025
ABEV3-0005,ABEV3,2025-01-31,2025-01-31,MOMENTUM_12_1,MISS,RANK_TOO_LOW,26,0.43333333333333335,-0.11396226415094335,false,1.0,0.3943789664551225,NOT_AVAILABLE_PIT,NOT_AVAILABLE_PIT,UNIVERSE_ELIGIBLE_ONLY,CALENDAR_YEAR_2025
ABEV3-0005,ABEV3,2025-01-31,2025-01-31,MOMENTUM_6_1,EARLY_HIT,DETECTED,12,0.2,0.00859106529209619,true,1.0,0.3943789664551225,NOT_AVAILABLE_PIT,NOT_AVAILABLE_PIT,UNIVERSE_ELIGIBLE_ONLY,CALENDAR_YEAR_2025
ABEV3-0005,ABEV3,2025-01-31,2025-01-31,MOMENTUM_LOW_VOL,NOT_SCORABLE_BY_DETECTOR,INSUFFICIENT_HISTORY,,,,false,1.0,0.3943789664551225,NOT_AVAILABLE_PIT,NOT_AVAILABLE_PIT,UNIVERSE_ELIGIBLE_ONLY,CALENDAR_YEAR_2025
ABEV3-0005,ABEV3,2025-01-31,2025-01-31,REVERSAL_21,EARLY_HIT,DETECTED,7,0.11666666666666667,-0.053662691652470285,true,1.0,0.3943789664551225,NOT_AVAILABLE_PIT,NOT_AVAILABLE_PIT,UNIVERSE_ELIGIBLE_ONLY,CALENDAR_YEAR_2025
ABEV3-0005,ABEV3,2025-01-31,2025-01-31,VOLUME_SURGE,EARLY_HIT,DETECTED,8,0.13333333333333333,0.05101044411470346,true,1.0,0.3943789664551225,NOT_AVAILABLE_PIT,NOT_AVAILABLE_PIT,UNIVERSE_ELIGIBLE_ONLY,CALENDAR_YEAR_2025
ABEV3-0006,ABEV3,2025-07-31,2025-07-31,52W_HIGH,MISS,RANK_TOO_LOW,18,0.3,0.9025394646533974,false,,0.3010577705451587,NOT_AVAILABLE_PIT,NOT_AVAILABLE_PIT,UNIVERSE_ELIGIBLE_ONLY,CALENDAR_YEAR_2025
ABEV3-0006,ABEV3,2025-07-31,2025-07-31,LOW_VOL_252,EARLY_HIT,DETECTED,11,0.18333333333333332,0.014641176706058481,true,1.0,0.3010577705451587,NOT_AVAILABLE_PIT,NOT_AVAILABLE_PIT,UNIVERSE_ELIGIBLE_ONLY,CALENDAR_YEAR_2025
ABEV3-0006,ABEV3,2025-07-31,2025-07-31,MOMENTUM_12_1,MISS,RANK_TOO_LOW,23,0.38333333333333336,0.12911392405063293,false,,0.3010577705451587,NOT_AVAILABLE_PIT,NOT_AVAILABLE_PIT,UNIVERSE_ELIGIBLE_ONLY,CALENDAR_YEAR_2025
ABEV3-0006,ABEV3,2025-07-31,2025-07-31,MOMENTUM_6_1,MISS,RANK_TOO_LOW,28,0.4666666666666667,0.20323741007194251,false,,0.3010577705451587,NOT_AVAILABLE_PIT,NOT_AVAILABLE_PIT,UNIVERSE_ELIGIBLE_ONLY,CALENDAR_YEAR_2025
ABEV3-0006,ABEV3,2025-07-31,2025-07-31,MOMENTUM_LOW_VOL,EARLY_HIT,DETECTED,3,0.125,-0.014641176706058481,true,1.0,0.3010577705451587,NOT_AVAILABLE_PIT,NOT_AVAILABLE_PIT,UNIVERSE_ELIGIBLE_ONLY,CALENDAR_YEAR_2025
ABEV3-0006,ABEV3,2025-07-31,2025-07-31,REVERSAL_21,MISS,RANK_TOO_LOW,42,0.7,-0.017189835575485812,false,,0.3010577705451587,NOT_AVAILABLE_PIT,NOT_AVAILABLE_PIT,UNIVERSE_ELIGIBLE_ONLY,CALENDAR_YEAR_2025
ABEV3-0006,ABEV3,2025-07-31,2025-07-31,VOLUME_SURGE,MISS,RANK_TOO_LOW,31,0.5166666666666667,-0.11577479614820596,false,,0.3010577705451587,NOT_AVAILABLE_PIT,NOT_AVAILABLE_PIT,UNIVERSE_ELIGIBLE_ONLY,CALENDAR_YEAR_2025
ALOS3-0007,ALOS3,2024-11-29,2025-04-30,52W_HIGH,MISS,RANK_TOO_LOW,38,0.6333333333333333,0.7403129657228018,false,,0.489974293059126,NOT_AVAILABLE_PIT,NOT_AVAILABLE_PIT,UNIVERSE_ELIGIBLE_ONLY,CALENDAR_YEAR_2024
ALOS3-0007,ALOS3,2024-11-29,2025-04-30,LOW_VOL_252,EARLY_HIT,DETECTED,12,0.2,0.014164607967397784,true,1.0,0.489974293059126,NOT_AVAILABLE_PIT,NOT_AVAILABLE_PIT,UNIVERSE_ELIGIBLE_ONLY,CALENDAR_YEAR_2024
ALOS3-0007,ALOS3,2024-11-29,2025-04-30,MOMENTUM_12_1,MISS,RANK_TOO_LOW,40,0.6666666666666666,-0.1228209191759112,false,,0.489974293059126,NOT_AVAILABLE_PIT,NOT_AVAILABLE_PIT,UNIVERSE_ELIGIBLE_ONLY,CALENDAR_YEAR_2024
ALOS3-0007,ALOS3,2024-11-29,2025-04-30,MOMENTUM_6_1,MISS,RANK_TOO_LOW,26,0.43333333333333335,0.046313799621928275,false,,0.489974293059126,NOT_AVAILABLE_PIT,NOT_AVAILABLE_PIT,UNIVERSE_ELIGIBLE_ONLY,CALENDAR_YEAR_2024
ALOS3-0007,ALOS3,2024-11-29,2025-04-30,MOMENTUM_LOW_VOL,NOT_SCORABLE_BY_DETECTOR,INSUFFICIENT_HISTORY,,,,false,,0.489974293059126,NOT_AVAILABLE_PIT,NOT_AVAILABLE_PIT,UNIVERSE_ELIGIBLE_ONLY,CALENDAR_YEAR_2024
ALOS3-0007,ALOS3,2024-11-29,2025-04-30,REVERSAL_21,MISS,RANK_TOO_LOW,21,0.35,-0.10252935862691959,false,,0.489974293059126,NOT_AVAILABLE_PIT,NOT_AVAILABLE_PIT,UNIVERSE_ELIGIBLE_ONLY,CALENDAR_YEAR_2024
ALOS3-0007,ALOS3,2024-11-29,2025-04-30,VOLUME_SURGE,MISS,RANK_TOO_LOW,26,0.43333333333333335,0.10828671356199404,false,,0.489974293059126,NOT_AVAILABLE_PIT,NOT_AVAILABLE_PIT,UNIVERSE_ELIGIBLE_ONLY,CALENDAR_YEAR_2024
ALPA4-0008,ALPA4,2020-03-31,2020-09-30,52W_HIGH,LATE_HIT,DETECTED,27,0.45,0.6415591256254938,false,0.24755859375,0.6029346376167186,NOT_AVAILABLE_PIT,NOT_AVAILABLE_PIT,UNIVERSE_ELIGIBLE_ONLY,CALENDAR_YEAR_2020
ALPA4-0008,ALPA4,2020-03-31,2020-09-30,LOW_VOL_252,MISS,RANK_TOO_LOW,48,0.8,0.03672241530120437,false,1.0,0.6029346376167186,NOT_AVAILABLE_PIT,NOT_AVAILABLE_PIT,UNIVERSE_ELIGIBLE_ONLY,CALENDAR_YEAR_2020
ALPA4-0008,ALPA4,2020-03-31,2020-09-30,MOMENTUM_12_1,EARLY_HIT,DETECTED,3,0.05,1.0547231270358308,true,1.0,0.6029346376167186,NOT_AVAILABLE_PIT,NOT_AVAILABLE_PIT,UNIVERSE_ELIGIBLE_ONLY,CALENDAR_YEAR_2020
ALPA4-0008,ALPA4,2020-03-31,2020-09-30,MOMENTUM_6_1,EARLY_HIT,DETECTED,9,0.15,0.27588996763754037,true,1.0,0.6029346376167186,NOT_AVAILABLE_PIT,NOT_AVAILABLE_PIT,UNIVERSE_ELIGIBLE_ONLY,CALENDAR_YEAR_2020
ALPA4-0008,ALPA4,2020-03-31,2020-09-30,MOMENTUM_LOW_VOL,MISS,RANK_TOO_LOW,18,0.75,-0.03672241530120437,false,1.0,0.6029346376167186,NOT_AVAILABLE_PIT,NOT_AVAILABLE_PIT,UNIVERSE_ELIGIBLE_ONLY,CALENDAR_YEAR_2020
ALPA4-0008,ALPA4,2020-03-31,2020-09-30,REVERSAL_21,EARLY_HIT,DETECTED,39,0.65,-0.2276474318325935,false,0.8481445312499999,0.6029346376167186,NOT_AVAILABLE_PIT,NOT_AVAILABLE_PIT,UNIVERSE_ELIGIBLE_ONLY,CALENDAR_YEAR_2020
ALPA4-0008,ALPA4,2020-03-31,2020-09-30,VOLUME_SURGE,EARLY_HIT,DETECTED,5,0.08333333333333333,1.4323797772518017,true,1.0,0.6029346376167186,NOT_AVAILABLE_PIT,NOT_AVAILABLE_PIT,UNIVERSE_ELIGIBLE_ONLY,CALENDAR_YEAR_2020
ALPA4-0009,ALPA4,2023-04-28,2023-04-28,52W_HIGH,MISS,RANK_TOO_LOW,60,1.0,0.298728813559322,false,,0.3388203017832647,NOT_AVAILABLE_PIT,NOT_AVAILABLE_PIT,UNIVERSE_ELIGIBLE_ONLY,CALENDAR_YEAR_2023
ALPA4-0009,ALPA4,2023-04-28,2023-04-28,LOW_VOL_252,MISS,RANK_TOO_LOW,52,0.8666666666666667,0.03666869733563596,false,,0.3388203017832647,NOT_AVAILABLE_PIT,NOT_AVAILABLE_PIT,UNIVERSE_ELIGIBLE_ONLY,CALENDAR_YEAR_2023
ALPA4-0009,ALPA4,2023-04-28,2023-04-28,MOMENTUM_12_1,MISS,RANK_TOO_LOW,57,0.95,-0.6007866273353,false,,0.3388203017832647,NOT_AVAILABLE_PIT,NOT_AVAILABLE_PIT,UNIVERSE_ELIGIBLE_ONLY,CALENDAR_YEAR_2023
ALPA4-0009,ALPA4,2023-04-28,2023-04-28,MOMENTUM_6_1,MISS,RANK_TOO_LOW,60,1.0,-0.6029339853300734,false,,0.3388203017832647,NOT_AVAILABLE_PIT,NOT_AVAILABLE_PIT,UNIVERSE_ELIGIBLE_ONLY,CALENDAR_YEAR_2023
ALPA4-0009,ALPA4,2023-04-28,2023-04-28,MOMENTUM_LOW_VOL,NOT_SCORABLE_BY_DETECTOR,INSUFFICIENT_HISTORY,,,,false,,0.3388203017832647,NOT_AVAILABLE_PIT,NOT_AVAILABLE_PIT,UNIVERSE_ELIGIBLE_ONLY,CALENDAR_YEAR_2023
ALPA4-0009,ALPA4,2023-04-28,2023-04-28,REVERSAL_21,EARLY_HIT,DETECTED,4,0.06666666666666667,-0.13177339901477825,true,1.0,0.3388203017832647,NOT_AVAILABLE_PIT,NOT_AVAILABLE_PIT,UNIVERSE_ELIGIBLE_ONLY,CALENDAR_YEAR_2023
ALPA4-0009,ALPA4,2023-04-28,2023-04-28,VOLUME_SURGE,MISS,RANK_TOO_LOW,38,0.6333333333333333,-0.14443902723533808,false,,0.3388203017832647,NOT_AVAILABLE_PIT,NOT_AVAILABLE_PIT,UNIVERSE_ELIGIBLE_ONLY,CALENDAR_YEAR_2023
ALSO3-0010,ALSO3,2022-06-30,2022-07-29,52W_HIGH,BOUNDARY_UNCERTAIN_EXCLUDED,OUTCOME_UNCERTAINTY,39,0.65,0.5240259740259741,false,,0.5048840048840049,NOT_AVAILABLE_PIT,NOT_AVAILABLE_PIT,UNIVERSE_ELIGIBLE_ONLY,CALENDAR_YEAR_2022
ALSO3-0010,ALSO3,2022-06-30,2022-07-29,LOW_VOL_252,BOUNDARY_UNCERTAIN_EXCLUDED,OUTCOME_UNCERTAINTY,21,0.35,0.022932350577442095,false,,0.5048840048840049,NOT_AVAILABLE_PIT,NOT_AVAILABLE_PIT,UNIVERSE_ELIGIBLE_ONLY,CALENDAR_YEAR_2022
ALSO3-0010,ALSO3,2022-06-30,2022-07-29,MOMENTUM_12_1,BOUNDARY_UNCERTAIN_EXCLUDED,OUTCOME_UNCERTAINTY,44,0.7333333333333333,-0.37597402597402607,false,,0.5048840048840049,NOT_AVAILABLE_PIT,NOT_AVAILABLE_PIT,UNIVERSE_ELIGIBLE_ONLY,CALENDAR_YEAR_2022
ALSO3-0010,ALSO3,2022-06-30,2022-07-29,MOMENTUM_6_1,BOUNDARY_UNCERTAIN_EXCLUDED,OUTCOME_UNCERTAINTY,39,0.65,-0.06744298884036881,false,,0.5048840048840049,NOT_AVAILABLE_PIT,NOT_AVAILABLE_PIT,UNIVERSE_ELIGIBLE_ONLY,CALENDAR_YEAR_2022
ALSO3-0010,ALSO3,2022-06-30,2022-07-29,MOMENTUM_LOW_VOL,BOUNDARY_UNCERTAIN_EXCLUDED,OUTCOME_UNCERTAINTY,,,,false,,0.5048840048840049,NOT_AVAILABLE_PIT,NOT_AVAILABLE_PIT,UNIVERSE_ELIGIBLE_ONLY,CALENDAR_YEAR_2022
ALSO3-0010,ALSO3,2022-06-30,2022-07-29,REVERSAL_21,BOUNDARY_UNCERTAIN_EXCLUDED,OUTCOME_UNCERTAINTY,19,0.31666666666666665,-0.16024973985431834,false,,0.5048840048840049,NOT_AVAILABLE_PIT,NOT_AVAILABLE_PIT,UNIVERSE_ELIGIBLE_ONLY,CALENDAR_YEAR_2022
ALSO3-0010,ALSO3,2022-06-30,2022-07-29,VOLUME_SURGE,BOUNDARY_UNCERTAIN_EXCLUDED,OUTCOME_UNCERTAINTY,5,0.08333333333333333,0.2602179915902729,true,,0.5048840048840049,NOT_AVAILABLE_PIT,NOT_AVAILABLE_PIT,UNIVERSE_ELIGIBLE_ONLY,CALENDAR_YEAR_2022
ARZZ3-0011,ARZZ3,2021-10-29,2021-10-29,52W_HIGH,BOUNDARY_UNCERTAIN_EXCLUDED,OUTCOME_UNCERTAINTY,23,0.38333333333333336,0.7534966769169724,false,,0.35442704907249034,NOT_AVAILABLE_PIT,NOT_AVAILABLE_PIT,UNIVERSE_ELIGIBLE_ONLY,CALENDAR_YEAR_2021
ARZZ3-0011,ARZZ3,2021-10-29,2021-10-29,LOW_VOL_252,BOUNDARY_UNCERTAIN_EXCLUDED,OUTCOME_UNCERTAINTY,29,0.48333333333333334,0.02343488260681325,false,,0.35442704907249034,NOT_AVAILABLE_PIT,NOT_AVAILABLE_PIT,UNIVERSE_ELIGIBLE_ONLY,CALENDAR_YEAR_2021
ARZZ3-0011,ARZZ3,2021-10-29,2021-10-29,MOMENTUM_12_1,BOUNDARY_UNCERTAIN_EXCLUDED,OUTCOME_UNCERTAINTY,9,0.15,0.5249169435215948,true,,0.35442704907249034,NOT_AVAILABLE_PIT,NOT_AVAILABLE_PIT,UNIVERSE_ELIGIBLE_ONLY,CALENDAR_YEAR_2021
ARZZ3-0011,ARZZ3,2021-10-29,2021-10-29,MOMENTUM_6_1,BOUNDARY_UNCERTAIN_EXCLUDED,OUTCOME_UNCERTAINTY,14,0.23333333333333334,0.08467900748326107,false,,0.35442704907249034,NOT_AVAILABLE_PIT,NOT_AVAILABLE_PIT,UNIVERSE_ELIGIBLE_ONLY,CALENDAR_YEAR_2021
ARZZ3-0011,ARZZ3,2021-10-29,2021-10-29,MOMENTUM_LOW_VOL,BOUNDARY_UNCERTAIN_EXCLUDED,OUTCOME_UNCERTAINTY,10,0.4166666666666667,-0.02343488260681325,false,,0.35442704907249034,NOT_AVAILABLE_PIT,NOT_AVAILABLE_PIT,UNIVERSE_ELIGIBLE_ONLY,CALENDAR_YEAR_2021
ARZZ3-0011,ARZZ3,2021-10-29,2021-10-29,REVERSAL_21,BOUNDARY_UNCERTAIN_EXCLUDED,OUTCOME_UNCERTAINTY,25,0.4166666666666667,-0.08061002178649246,false,,0.35442704907249034,NOT_AVAILABLE_PIT,NOT_AVAILABLE_PIT,UNIVERSE_ELIGIBLE_ONLY,CALENDAR_YEAR_2021
ARZZ3-0011,ARZZ3,2021-10-29,2021-10-29,VOLUME_SURGE,BOUNDARY_UNCERTAIN_EXCLUDED,OUTCOME_UNCERTAINTY,10,0.16666666666666666,0.24259886051158652,true,,0.35442704907249034,NOT_AVAILABLE_PIT,NOT_AVAILABLE_PIT,UNIVERSE_ELIGIBLE_ONLY,CALENDAR_YEAR_2021
AURE3-0012,AURE3,2024-11-29,2025-04-30,52W_HIGH,MISS,RANK_TOO_LOW,47,0.7833333333333333,0.6447368421052633,false,,0.3263378803777546,NOT_AVAILABLE_PIT,NOT_AVAILABLE_PIT,UNIVERSE_ELIGIBLE_ONLY,CALENDAR_YEAR_2024
AURE3-0012,AURE3,2024-11-29,2025-04-30,LOW_VOL_252,EARLY_HIT,DETECTED,8,0.13333333333333333,0.013000083365962927,true,1.0,0.3263378803777546,NOT_AVAILABLE_PIT,NOT_AVAILABLE_PIT,UNIVERSE_ELIGIBLE_ONLY,CALENDAR_YEAR_2024
AURE3-0012,AURE3,2024-11-29,2025-04-30,MOMENTUM_12_1,MISS,RANK_TOO_LOW,54,0.9,-0.2917808219178082,false,,0.3263378803777546,NOT_AVAILABLE_PIT,NOT_AVAILABLE_PIT,UNIVERSE_ELIGIBLE_ONLY,CALENDAR_YEAR_2024
AURE3-0012,AURE3,2024-11-29,2025-04-30,MOMENTUM_6_1,MISS,RANK_TOO_LOW,55,0.9166666666666666,-0.1468646864686468,false,,0.3263378803777546,NOT_AVAILABLE_PIT,NOT_AVAILABLE_PIT,UNIVERSE_ELIGIBLE_ONLY,CALENDAR_YEAR_2024
AURE3-0012,AURE3,2024-11-29,2025-04-30,MOMENTUM_LOW_VOL,NOT_SCORABLE_BY_DETECTOR,INSUFFICIENT_HISTORY,,,,false,,0.3263378803777546,NOT_AVAILABLE_PIT,NOT_AVAILABLE_PIT,UNIVERSE_ELIGIBLE_ONLY,CALENDAR_YEAR_2024
AURE3-0012,AURE3,2024-11-29,2025-04-30,REVERSAL_21,EARLY_HIT,DETECTED,35,0.5833333333333334,-0.05222437137330749,false,1.4565916398713825,0.3263378803777546,NOT_AVAILABLE_PIT,NOT_AVAILABLE_PIT,UNIVERSE_ELIGIBLE_ONLY,CALENDAR_YEAR_2024
AURE3-0012,AURE3,2024-11-29,2025-04-30,VOLUME_SURGE,MISS,RANK_TOO_LOW,20,0.3333333333333333,0.18420980829749434,false,,0.3263378803777546,NOT_AVAILABLE_PIT,NOT_AVAILABLE_PIT,UNIVERSE_ELIGIBLE_ONLY,CALENDAR_YEAR_2024
AZUL4-0013,AZUL4,2018-05-30,2019-01-31,52W_HIGH,BOUNDARY_UNCERTAIN_EXCLUDED,OUTCOME_UNCERTAINTY,44,0.7333333333333333,0.6999224605841302,false,,0.47924528301886804,NOT_AVAILABLE_PIT,NOT_AVAILABLE_PIT,UNIVERSE_ELIGIBLE_ONLY,CALENDAR_YEAR_2018
AZUL4-0013,AZUL4,2018-05-30,2019-01-31,LOW_VOL_252,BOUNDARY_UNCERTAIN_EXCLUDED,OUTCOME_UNCERTAINTY,40,0.6666666666666666,0.02151901815440438,false,,0.47924528301886804,NOT_AVAILABLE_PIT,NOT_AVAILABLE_PIT,UNIVERSE_ELIGIBLE_ONLY,CALENDAR_YEAR_2018
AZUL4-0013,AZUL4,2018-05-30,2019-01-31,MOMENTUM_12_1,BOUNDARY_UNCERTAIN_EXCLUDED,OUTCOME_UNCERTAINTY,15,0.25,0.5950450450450449,false,,0.47924528301886804,NOT_AVAILABLE_PIT,NOT_AVAILABLE_PIT,UNIVERSE_ELIGIBLE_ONLY,CALENDAR_YEAR_2018
AZUL4-0013,AZUL4,2018-05-30,2019-01-31,MOMENTUM_6_1,BOUNDARY_UNCERTAIN_EXCLUDED,OUTCOME_UNCERTAINTY,15,0.25,0.27008608321377325,false,,0.47924528301886804,NOT_AVAILABLE_PIT,NOT_AVAILABLE_PIT,UNIVERSE_ELIGIBLE_ONLY,CALENDAR_YEAR_2018
AZUL4-0013,AZUL4,2018-05-30,2019-01-31,MOMENTUM_LOW_VOL,BOUNDARY_UNCERTAIN_EXCLUDED,OUTCOME_UNCERTAINTY,14,0.5833333333333334,-0.02151901815440438,false,,0.47924528301886804,NOT_AVAILABLE_PIT,NOT_AVAILABLE_PIT,UNIVERSE_ELIGIBLE_ONLY,CALENDAR_YEAR_2018
AZUL4-0013,AZUL4,2018-05-30,2019-01-31,REVERSAL_21,BOUNDARY_UNCERTAIN_EXCLUDED,OUTCOME_UNCERTAINTY,6,0.1,-0.23524428127647556,true,,0.47924528301886804,NOT_AVAILABLE_PIT,NOT_AVAILABLE_PIT,UNIVERSE_ELIGIBLE_ONLY,CALENDAR_YEAR_2018
AZUL4-0013,AZUL4,2018-05-30,2019-01-31,VOLUME_SURGE,BOUNDARY_UNCERTAIN_EXCLUDED,OUTCOME_UNCERTAINTY,2,0.03333333333333333,1.2897754633256007,true,,0.47924528301886804,NOT_AVAILABLE_PIT,NOT_AVAILABLE_PIT,UNIVERSE_ELIGIBLE_ONLY,CALENDAR_YEAR_2018
B3SA3-0014,B3SA3,2019-05-31,2019-08-30,52W_HIGH,EARLY_HIT,DETECTED,1,0.016666666666666666,1.0,true,1.0,0.3375342465753426,NOT_AVAILABLE_PIT,NOT_AVAILABLE_PIT,UNIVERSE_ELIGIBLE_ONLY,CALENDAR_YEAR_2019
B3SA3-0014,B3SA3,2019-05-31,2019-08-30,LOW_VOL_252,MISS,RANK_TOO_LOW,29,0.48333333333333334,0.02228142469906491,false,0.9007817197835238,0.3375342465753426,NOT_AVAILABLE_PIT,NOT_AVAILABLE_PIT,UNIVERSE_ELIGIBLE_ONLY,CALENDAR_YEAR_2019
B3SA3-0014,B3SA3,2019-05-31,2019-08-30,MOMENTUM_12_1,EARLY_HIT,DETECTED,11,0.18333333333333332,0.5553047404063207,true,1.0,0.3375342465753426,NOT_AVAILABLE_PIT,NOT_AVAILABLE_PIT,UNIVERSE_ELIGIBLE_ONLY,CALENDAR_YEAR_2019
B3SA3-0014,B3SA3,2019-05-31,2019-08-30,MOMENTUM_6_1,EARLY_HIT,DETECTED,12,0.2,0.29559984956750673,true,1.0,0.3375342465753426,NOT_AVAILABLE_PIT,NOT_AVAILABLE_PIT,UNIVERSE_ELIGIBLE_ONLY,CALENDAR_YEAR_2019
B3SA3-0014,B3SA3,2019-05-31,2019-08-30,MOMENTUM_LOW_VOL,MISS,RANK_TOO_LOW,13,0.5416666666666666,-0.02228142469906491,false,0.9007817197835238,0.3375342465753426,NOT_AVAILABLE_PIT,NOT_AVAILABLE_PIT,UNIVERSE_ELIGIBLE_ONLY,CALENDAR_YEAR_2019
B3SA3-0014,B3SA3,2019-05-31,2019-08-30,REVERSAL_21,MISS,RANK_TOO_LOW,44,0.7333333333333333,0.06531204644412192,false,0.9007817197835238,0.3375342465753426,NOT_AVAILABLE_PIT,NOT_AVAILABLE_PIT,UNIVERSE_ELIGIBLE_ONLY,CALENDAR_YEAR_2019
B3SA3-0014,B3SA3,2019-05-31,2019-08-30,VOLUME_SURGE,EARLY_HIT,DETECTED,39,0.65,0.0014372892049592245,false,0.9007817197835238,0.3375342465753426,NOT_AVAILABLE_PIT,NOT_AVAILABLE_PIT,UNIVERSE_ELIGIBLE_ONLY,CALENDAR_YEAR_2019
B3SA3-0015,B3SA3,2019-12-30,2019-12-30,52W_HIGH,MISS,RANK_TOO_LOW,51,0.85,0.882435129740519,false,1.0,0.3739747284415873,NOT_AVAILABLE_PIT,NOT_AVAILABLE_PIT,UNIVERSE_ELIGIBLE_ONLY,CALENDAR_YEAR_2019
B3SA3-0015,B3SA3,2019-12-30,2019-12-30,LOW_VOL_252,MISS,RANK_TOO_LOW,42,0.7,0.021350750942331444,false,1.0,0.3739747284415873,NOT_AVAILABLE_PIT,NOT_AVAILABLE_PIT,UNIVERSE_ELIGIBLE_ONLY,CALENDAR_YEAR_2019
B3SA3-0015,B3SA3,2019-12-30,2019-12-30,MOMENTUM_12_1,EARLY_HIT,DETECTED,12,0.2,0.7775229357798166,true,1.0,0.3739747284415873,NOT_AVAILABLE_PIT,NOT_AVAILABLE_PIT,UNIVERSE_ELIGIBLE_ONLY,CALENDAR_YEAR_2019
B3SA3-0015,B3SA3,2019-12-30,2019-12-30,MOMENTUM_6_1,MISS,RANK_TOO_LOW,18,0.3,0.2370311252992816,false,1.0,0.3739747284415873,NOT_AVAILABLE_PIT,NOT_AVAILABLE_PIT,UNIVERSE_ELIGIBLE_ONLY,CALENDAR_YEAR_2019
B3SA3-0015,B3SA3,2019-12-30,2019-12-30,MOMENTUM_LOW_VOL,MISS,RANK_TOO_LOW,13,0.5416666666666666,-0.021350750942331444,false,1.0,0.3739747284415873,NOT_AVAILABLE_PIT,NOT_AVAILABLE_PIT,UNIVERSE_ELIGIBLE_ONLY,CALENDAR_YEAR_2019
B3SA3-0015,B3SA3,2019-12-30,2019-12-30,REVERSAL_21,EARLY_HIT,DETECTED,2,0.03333333333333333,-0.04924731182795694,true,1.0,0.3739747284415873,NOT_AVAILABLE_PIT,NOT_AVAILABLE_PIT,UNIVERSE_ELIGIBLE_ONLY,CALENDAR_YEAR_2019
B3SA3-0015,B3SA3,2019-12-30,2019-12-30,VOLUME_SURGE,EARLY_HIT,DETECTED,11,0.18333333333333332,0.47480183019636635,true,1.0,0.3739747284415873,NOT_AVAILABLE_PIT,NOT_AVAILABLE_PIT,UNIVERSE_ELIGIBLE_ONLY,CALENDAR_YEAR_2019
B3SA3-0016,B3SA3,2020-03-31,2020-04-30,52W_HIGH,BOUNDARY_UNCERTAIN_EXCLUDED,OUTCOME_UNCERTAINTY,16,0.26666666666666666,0.6964050442311311,false,,0.5471861471861474,NOT_AVAILABLE_PIT,NOT_AVAILABLE_PIT,UNIVERSE_ELIGIBLE_ONLY,CALENDAR_YEAR_2020
B3SA3-0016,B3SA3,2020-03-31,2020-04-30,LOW_VOL_252,BOUNDARY_UNCERTAIN_EXCLUDED,OUTCOME_UNCERTAINTY,33,0.55,0.03275424431810656,false,,0.5471861471861474,NOT_AVAILABLE_PIT,NOT_AVAILABLE_PIT,UNIVERSE_ELIGIBLE_ONLY,CALENDAR_YEAR_2020
B3SA3-0016,B3SA3,2020-03-31,2020-04-30,MOMENTUM_12_1,BOUNDARY_UNCERTAIN_EXCLUDED,OUTCOME_UNCERTAINTY,19,0.31666666666666665,0.4414414414414416,false,,0.5471861471861474,NOT_AVAILABLE_PIT,NOT_AVAILABLE_PIT,UNIVERSE_ELIGIBLE_ONLY,CALENDAR_YEAR_2020
B3SA3-0016,B3SA3,2020-03-31,2020-04-30,MOMENTUM_6_1,BOUNDARY_UNCERTAIN_EXCLUDED,OUTCOME_UNCERTAINTY,29,0.48333333333333334,0.08352144469525968,false,,0.5471861471861474,NOT_AVAILABLE_PIT,NOT_AVAILABLE_PIT,UNIVERSE_ELIGIBLE_ONLY,CALENDAR_YEAR_2020
B3SA3-0016,B3SA3,2020-03-31,2020-04-30,MOMENTUM_LOW_VOL,BOUNDARY_UNCERTAIN_EXCLUDED,OUTCOME_UNCERTAINTY,10,0.4166666666666667,-0.03275424431810656,false,,0.5471861471861474,NOT_AVAILABLE_PIT,NOT_AVAILABLE_PIT,UNIVERSE_ELIGIBLE_ONLY,CALENDAR_YEAR_2020
B3SA3-0016,B3SA3,2020-03-31,2020-04-30,REVERSAL_21,BOUNDARY_UNCERTAIN_EXCLUDED,OUTCOME_UNCERTAINTY,38,0.6333333333333333,-0.22916666666666663,false,,0.5471861471861474,NOT_AVAILABLE_PIT,NOT_AVAILABLE_PIT,UNIVERSE_ELIGIBLE_ONLY,CALENDAR_YEAR_2020
B3SA3-0016,B3SA3,2020-03-31,2020-04-30,VOLUME_SURGE,BOUNDARY_UNCERTAIN_EXCLUDED,OUTCOME_UNCERTAINTY,13,0.21666666666666667,1.0642484388505529,false,,0.5471861471861474,NOT_AVAILABLE_PIT,NOT_AVAILABLE_PIT,UNIVERSE_ELIGIBLE_ONLY,CALENDAR_YEAR_2020
BBAS3-0017,BBAS3,2017-11-30,2018-01-31,52W_HIGH,LATE_HIT,DETECTED,43,0.7166666666666667,0.8296059637912673,false,0.3985313751668892,0.4499675113710202,NOT_AVAILABLE_PIT,NOT_AVAILABLE_PIT,UNIVERSE_ELIGIBLE_ONLY,CALENDAR_YEAR_2017
BBAS3-0017,BBAS3,2017-11-30,2018-01-31,LOW_VOL_252,MISS,RANK_TOO_LOW,45,0.75,0.02433877126703073,false,0.3985313751668892,0.4499675113710202,NOT_AVAILABLE_PIT,NOT_AVAILABLE_PIT,UNIVERSE_ELIGIBLE_ONLY,CALENDAR_YEAR_2017
BBAS3-0017,BBAS3,2017-11-30,2018-01-31,MOMENTUM_12_1,MISS,RANK_TOO_LOW,22,0.36666666666666664,0.2885764499121264,false,0.3985313751668892,0.4499675113710202,NOT_AVAILABLE_PIT,NOT_AVAILABLE_PIT,UNIVERSE_ELIGIBLE_ONLY,CALENDAR_YEAR_2017
BBAS3-0017,BBAS3,2017-11-30,2018-01-31,MOMENTUM_6_1,MISS,RANK_TOO_LOW,14,0.23333333333333334,0.2791346824842986,false,0.3985313751668892,0.4499675113710202,NOT_AVAILABLE_PIT,NOT_AVAILABLE_PIT,UNIVERSE_ELIGIBLE_ONLY,CALENDAR_YEAR_2017
BBAS3-0017,BBAS3,2017-11-30,2018-01-31,MOMENTUM_LOW_VOL,MISS,RANK_TOO_LOW,18,0.75,-0.02433877126703073,false,0.3985313751668892,0.4499675113710202,NOT_AVAILABLE_PIT,NOT_AVAILABLE_PIT,UNIVERSE_ELIGIBLE_ONLY,CALENDAR_YEAR_2017
BBAS3-0017,BBAS3,2017-11-30,2018-01-31,REVERSAL_21,EARLY_HIT,DETECTED,5,0.08333333333333333,-0.1500272776868521,true,1.0,0.4499675113710202,NOT_AVAILABLE_PIT,NOT_AVAILABLE_PIT,UNIVERSE_ELIGIBLE_ONLY,CALENDAR_YEAR_2017
BBAS3-0017,BBAS3,2017-11-30,2018-01-31,VOLUME_SURGE,LATE_HIT,DETECTED,18,0.3,0.27918945407882045,false,0.3985313751668892,0.4499675113710202,NOT_AVAILABLE_PIT,NOT_AVAILABLE_PIT,UNIVERSE_ELIGIBLE_ONLY,CALENDAR_YEAR_2017
BBAS3-0018,BBAS3,2018-04-30,2018-09-28,52W_HIGH,MISS,RANK_TOO_LOW,42,0.7,0.8544955387783116,false,,0.38228761799000543,NOT_AVAILABLE_PIT,NOT_AVAILABLE_PIT,UNIVERSE_ELIGIBLE_ONLY,CALENDAR_YEAR_2018
BBAS3-0018,BBAS3,2018-04-30,2018-09-28,LOW_VOL_252,MISS,RANK_TOO_LOW,45,0.75,0.02331977580929169,false,,0.38228761799000543,NOT_AVAILABLE_PIT,NOT_AVAILABLE_PIT,UNIVERSE_ELIGIBLE_ONLY,CALENDAR_YEAR_2018
BBAS3-0018,BBAS3,2018-04-30,2018-09-28,MOMENTUM_12_1,MISS,RANK_TOO_LOW,26,0.43333333333333335,0.29438202247191025,false,,0.38228761799000543,NOT_AVAILABLE_PIT,NOT_AVAILABLE_PIT,UNIVERSE_ELIGIBLE_ONLY,CALENDAR_YEAR_2018
BBAS3-0018,BBAS3,2018-04-30,2018-09-28,MOMENTUM_6_1,MISS,RANK_TOO_LOW,28,0.4666666666666667,0.08445400753093057,false,,0.38228761799000543,NOT_AVAILABLE_PIT,NOT_AVAILABLE_PIT,UNIVERSE_ELIGIBLE_ONLY,CALENDAR_YEAR_2018
BBAS3-0018,BBAS3,2018-04-30,2018-09-28,MOMENTUM_LOW_VOL,MISS,NO_SIGNAL,,,,false,,0.38228761799000543,NOT_AVAILABLE_PIT,NOT_AVAILABLE_PIT,UNIVERSE_ELIGIBLE_ONLY,CALENDAR_YEAR_2018
BBAS3-0018,BBAS3,2018-04-30,2018-09-28,REVERSAL_21,EARLY_HIT,DETECTED,9,0.15,-0.0736607142857143,true,1.0,0.38228761799000543,NOT_AVAILABLE_PIT,NOT_AVAILABLE_PIT,UNIVERSE_ELIGIBLE_ONLY,CALENDAR_YEAR_2018
BBAS3-0018,BBAS3,2018-04-30,2018-09-28,VOLUME_SURGE,MISS,RANK_TOO_LOW,24,0.4,0.12297838344389778,false,,0.38228761799000543,NOT_AVAILABLE_PIT,NOT_AVAILABLE_PIT,UNIVERSE_ELIGIBLE_ONLY,CALENDAR_YEAR_2018
BBAS3-0019,BBAS3,2021-08-31,2021-10-29,52W_HIGH,MISS,RANK_TOO_LOW,43,0.7166666666666667,0.7599899472229203,false,,0.3896913985554824,NOT_AVAILABLE_PIT,NOT_AVAILABLE_PIT,UNIVERSE_ELIGIBLE_ONLY,CALENDAR_YEAR_2021
BBAS3-0019,BBAS3,2021-08-31,2021-10-29,LOW_VOL_252,MISS,RANK_TOO_LOW,13,0.21666666666666667,0.0196740374367317,false,,0.3896913985554824,NOT_AVAILABLE_PIT,NOT_AVAILABLE_PIT,UNIVERSE_ELIGIBLE_ONLY,CALENDAR_YEAR_2021
BBAS3-0019,BBAS3,2021-08-31,2021-10-29,MOMENTUM_12_1,MISS,RANK_TOO_LOW,39,0.65,-0.04006069802731427,false,,0.3896913985554824,NOT_AVAILABLE_PIT,NOT_AVAILABLE_PIT,UNIVERSE_ELIGIBLE_ONLY,CALENDAR_YEAR_2021
BBAS3-0019,BBAS3,2021-08-31,2021-10-29,MOMENTUM_6_1,MISS,RANK_TOO_LOW,30,0.5,0.13531945441493187,false,,0.3896913985554824,NOT_AVAILABLE_PIT,NOT_AVAILABLE_PIT,UNIVERSE_ELIGIBLE_ONLY,CALENDAR_YEAR_2021
BBAS3-0019,BBAS3,2021-08-31,2021-10-29,MOMENTUM_LOW_VOL,NOT_SCORABLE_BY_DETECTOR,INSUFFICIENT_HISTORY,,,,false,,0.3896913985554824,NOT_AVAILABLE_PIT,NOT_AVAILABLE_PIT,UNIVERSE_ELIGIBLE_ONLY,CALENDAR_YEAR_2021
BBAS3-0019,BBAS3,2021-08-31,2021-10-29,REVERSAL_21,MISS,RANK_TOO_LOW,27,0.45,-0.04394562124565293,false,,0.3896913985554824,NOT_AVAILABLE_PIT,NOT_AVAILABLE_PIT,UNIVERSE_ELIGIBLE_ONLY,CALENDAR_YEAR_2021
BBAS3-0019,BBAS3,2021-08-31,2021-10-29,VOLUME_SURGE,MISS,RANK_TOO_LOW,50,0.8333333333333334,-0.20743939936099365,false,,0.3896913985554824,NOT_AVAILABLE_PIT,NOT_AVAILABLE_PIT,UNIVERSE_ELIGIBLE_ONLY,CALENDAR_YEAR_2021
BBAS3-0020,BBAS3,2022-06-30,2022-07-29,52W_HIGH,EARLY_HIT,DETECTED,9,0.15,0.8578838174273858,true,1.0,0.4901960784313726,NOT_AVAILABLE_PIT,NOT_AVAILABLE_PIT,UNIVERSE_ELIGIBLE_ONLY,CALENDAR_YEAR_2022
BBAS3-0020,BBAS3,2022-06-30,2022-07-29,LOW_VOL_252,EARLY_HIT,DETECTED,11,0.18333333333333332,0.018011552258968954,true,1.0,0.4901960784313726,NOT_AVAILABLE_PIT,NOT_AVAILABLE_PIT,UNIVERSE_ELIGIBLE_ONLY,CALENDAR_YEAR_2022
BBAS3-0020,BBAS3,2022-06-30,2022-07-29,MOMENTUM_12_1,EARLY_HIT,DETECTED,9,0.15,0.06338443396226401,true,1.0,0.4901960784313726,NOT_AVAILABLE_PIT,NOT_AVAILABLE_PIT,UNIVERSE_ELIGIBLE_ONLY,CALENDAR_YEAR_2022
BBAS3-0020,BBAS3,2022-06-30,2022-07-29,MOMENTUM_6_1,EARLY_HIT,DETECTED,10,0.16666666666666666,0.2318989071038251,true,1.0,0.4901960784313726,NOT_AVAILABLE_PIT,NOT_AVAILABLE_PIT,UNIVERSE_ELIGIBLE_ONLY,CALENDAR_YEAR_2022
BBAS3-0020,BBAS3,2022-06-30,2022-07-29,MOMENTUM_LOW_VOL,MISS,RANK_TOO_LOW,8,0.3333333333333333,-0.018011552258968954,false,1.0,0.4901960784313726,NOT_AVAILABLE_PIT,NOT_AVAILABLE_PIT,UNIVERSE_ELIGIBLE_ONLY,CALENDAR_YEAR_2022
BBAS3-0020,BBAS3,2022-06-30,2022-07-29,REVERSAL_21,MISS,RANK_TOO_LOW,42,0.7,-0.0828943720543388,false,1.0,0.4901960784313726,NOT_AVAILABLE_PIT,NOT_AVAILABLE_PIT,UNIVERSE_ELIGIBLE_ONLY,CALENDAR_YEAR_2022
BBAS3-0020,BBAS3,2022-06-30,2022-07-29,VOLUME_SURGE,EARLY_HIT,DETECTED,8,0.13333333333333333,0.1582309514615543,true,1.0,0.4901960784313726,NOT_AVAILABLE_PIT,NOT_AVAILABLE_PIT,UNIVERSE_ELIGIBLE_ONLY,CALENDAR_YEAR_2022
BBAS3-0021,BBAS3,2022-11-30,2023-03-31,52W_HIGH,BOUNDARY_UNCERTAIN_EXCLUDED,OUTCOME_UNCERTAINTY,24,0.4,0.7889435989256939,false,,0.543132803632236,NOT_AVAILABLE_PIT,NOT_AVAILABLE_PIT,UNIVERSE_ELIGIBLE_ONLY,CALENDAR_YEAR_2022
BBAS3-0021,BBAS3,2022-11-30,2023-03-31,LOW_VOL_252,BOUNDARY_UNCERTAIN_EXCLUDED,OUTCOME_UNCERTAINTY,16,0.26666666666666666,0.02037420671326173,false,,0.543132803632236,NOT_AVAILABLE_PIT,NOT_AVAILABLE_PIT,UNIVERSE_ELIGIBLE_ONLY,CALENDAR_YEAR_2022
BBAS3-0021,BBAS3,2022-11-30,2023-03-31,MOMENTUM_12_1,BOUNDARY_UNCERTAIN_EXCLUDED,OUTCOME_UNCERTAINTY,11,0.18333333333333332,0.21314052184847543,true,,0.543132803632236,NOT_AVAILABLE_PIT,NOT_AVAILABLE_PIT,UNIVERSE_ELIGIBLE_ONLY,CALENDAR_YEAR_2022
BBAS3-0021,BBAS3,2022-11-30,2023-03-31,MOMENTUM_6_1,BOUNDARY_UNCERTAIN_EXCLUDED,OUTCOME_UNCERTAINTY,19,0.31666666666666665,0.06986415303576399,false,,0.543132803632236,NOT_AVAILABLE_PIT,NOT_AVAILABLE_PIT,UNIVERSE_ELIGIBLE_ONLY,CALENDAR_YEAR_2022
BBAS3-0021,BBAS3,2022-11-30,2023-03-31,MOMENTUM_LOW_VOL,BOUNDARY_UNCERTAIN_EXCLUDED,OUTCOME_UNCERTAINTY,8,0.3333333333333333,-0.02037420671326173,false,,0.543132803632236,NOT_AVAILABLE_PIT,NOT_AVAILABLE_PIT,UNIVERSE_ELIGIBLE_ONLY,CALENDAR_YEAR_2022
BBAS3-0021,BBAS3,2022-11-30,2023-03-31,REVERSAL_21,BOUNDARY_UNCERTAIN_EXCLUDED,OUTCOME_UNCERTAINTY,27,0.45,-0.08655091992744246,false,,0.543132803632236,NOT_AVAILABLE_PIT,NOT_AVAILABLE_PIT,UNIVERSE_ELIGIBLE_ONLY,CALENDAR_YEAR_2022
BBAS3-0021,BBAS3,2022-11-30,2023-03-31,VOLUME_SURGE,BOUNDARY_UNCERTAIN_EXCLUDED,OUTCOME_UNCERTAINTY,7,0.11666666666666667,0.5233444492210237,true,,0.543132803632236,NOT_AVAILABLE_PIT,NOT_AVAILABLE_PIT,UNIVERSE_ELIGIBLE_ONLY,CALENDAR_YEAR_2022
BBDC4-0022,BBDC4,2018-06-29,2018-06-29,52W_HIGH,MISS,RANK_TOO_LOW,46,0.7666666666666667,0.6410194174757281,false,,0.42109227871939714,NOT_AVAILABLE_PIT,NOT_AVAILABLE_PIT,UNIVERSE_ELIGIBLE_ONLY,CALENDAR_YEAR_2018
BBDC4-0022,BBDC4,2018-06-29,2018-06-29,LOW_VOL_252,MISS,RANK_TOO_LOW,22,0.36666666666666664,0.017869962365696972,false,,0.42109227871939714,NOT_AVAILABLE_PIT,NOT_AVAILABLE_PIT,UNIVERSE_ELIGIBLE_ONLY,CALENDAR_YEAR_2018
BBDC4-0022,BBDC4,2018-06-29,2018-06-29,MOMENTUM_12_1,MISS,RANK_TOO_LOW,32,0.5333333333333333,0.11596958174904937,false,,0.42109227871939714,NOT_AVAILABLE_PIT,NOT_AVAILABLE_PIT,UNIVERSE_ELIGIBLE_ONLY,CALENDAR_YEAR_2018
BBDC4-0022,BBDC4,2018-06-29,2018-06-29,MOMENTUM_6_1,MISS,RANK_TOO_LOW,44,0.7333333333333333,-0.1360023550191345,false,,0.42109227871939714,NOT_AVAILABLE_PIT,NOT_AVAILABLE_PIT,UNIVERSE_ELIGIBLE_ONLY,CALENDAR_YEAR_2018
BBDC4-0022,BBDC4,2018-06-29,2018-06-29,MOMENTUM_LOW_VOL,NOT_SCORABLE_BY_DETECTOR,INSUFFICIENT_HISTORY,,,,false,,0.42109227871939714,NOT_AVAILABLE_PIT,NOT_AVAILABLE_PIT,UNIVERSE_ELIGIBLE_ONLY,CALENDAR_YEAR_2018
BBDC4-0022,BBDC4,2018-06-29,2018-06-29,REVERSAL_21,MISS,RANK_TOO_LOW,13,0.21666666666666667,-0.1001703577512777,false,,0.42109227871939714,NOT_AVAILABLE_PIT,NOT_AVAILABLE_PIT,UNIVERSE_ELIGIBLE_ONLY,CALENDAR_YEAR_2018
BBDC4-0022,BBDC4,2018-06-29,2018-06-29,VOLUME_SURGE,MISS,RANK_TOO_LOW,22,0.36666666666666664,0.24823305562385856,false,,0.42109227871939714,NOT_AVAILABLE_PIT,NOT_AVAILABLE_PIT,UNIVERSE_ELIGIBLE_ONLY,CALENDAR_YEAR_2018
BBDC4-0023,BBDC4,2020-04-30,2020-05-29,52W_HIGH,MISS,RANK_TOO_LOW,52,0.8666666666666667,0.5237249429078915,false,,0.3005464480874316,NOT_AVAILABLE_PIT,NOT_AVAILABLE_PIT,UNIVERSE_ELIGIBLE_ONLY,CALENDAR_YEAR_2020
BBDC4-0023,BBDC4,2020-04-30,2020-05-29,LOW_VOL_252,MISS,RANK_TOO_LOW,22,0.36666666666666664,0.03118919347234702,false,,0.3005464480874316,NOT_AVAILABLE_PIT,NOT_AVAILABLE_PIT,UNIVERSE_ELIGIBLE_ONLY,CALENDAR_YEAR_2020
BBDC4-0023,BBDC4,2020-04-30,2020-05-29,MOMENTUM_12_1,MISS,RANK_TOO_LOW,52,0.8666666666666667,-0.41486676016830293,false,,0.3005464480874316,NOT_AVAILABLE_PIT,NOT_AVAILABLE_PIT,UNIVERSE_ELIGIBLE_ONLY,CALENDAR_YEAR_2020
BBDC4-0023,BBDC4,2020-04-30,2020-05-29,MOMENTUM_6_1,MISS,RANK_TOO_LOW,51,0.85,-0.404,false,,0.3005464480874316,NOT_AVAILABLE_PIT,NOT_AVAILABLE_PIT,UNIVERSE_ELIGIBLE_ONLY,CALENDAR_YEAR_2020
BBDC4-0023,BBDC4,2020-04-30,2020-05-29,MOMENTUM_LOW_VOL,NOT_SCORABLE_BY_DETECTOR,INSUFFICIENT_HISTORY,,,,false,,0.3005464480874316,NOT_AVAILABLE_PIT,NOT_AVAILABLE_PIT,UNIVERSE_ELIGIBLE_ONLY,CALENDAR_YEAR_2020
BBDC4-0023,BBDC4,2020-04-30,2020-05-29,REVERSAL_21,EARLY_HIT,DETECTED,11,0.18333333333333332,-0.010546500479386323,true,1.0,0.3005464480874316,NOT_AVAILABLE_PIT,NOT_AVAILABLE_PIT,UNIVERSE_ELIGIBLE_ONLY,CALENDAR_YEAR_2020
BBDC4-0023,BBDC4,2020-04-30,2020-05-29,VOLUME_SURGE,MISS,RANK_TOO_LOW,31,0.5166666666666667,0.16185462154055608,false,,0.3005464480874316,NOT_AVAILABLE_PIT,NOT_AVAILABLE_PIT,UNIVERSE_ELIGIBLE_ONLY,CALENDAR_YEAR_2020
BBDC4-0024,BBDC4,2024-06-28,2024-06-28,52W_HIGH,MISS,RANK_TOO_LOW,43,0.7166666666666667,0.7076923076923076,false,,0.3594132029339854,NOT_AVAILABLE_PIT,NOT_AVAILABLE_PIT,UNIVERSE_ELIGIBLE_ONLY,CALENDAR_YEAR_2024
BBDC4-0024,BBDC4,2024-06-28,2024-06-28,LOW_VOL_252,MISS,RANK_TOO_LOW,21,0.35,0.017278652146402826,false,,0.3594132029339854,NOT_AVAILABLE_PIT,NOT_AVAILABLE_PIT,UNIVERSE_ELIGIBLE_ONLY,CALENDAR_YEAR_2024
BBDC4-0024,BBDC4,2024-06-28,2024-06-28,MOMENTUM_12_1,MISS,RANK_TOO_LOW,47,0.7833333333333333,-0.22121760096443643,false,,0.3594132029339854,NOT_AVAILABLE_PIT,NOT_AVAILABLE_PIT,UNIVERSE_ELIGIBLE_ONLY,CALENDAR_YEAR_2024
BBDC4-0024,BBDC4,2024-06-28,2024-06-28,MOMENTUM_6_1,MISS,RANK_TOO_LOW,48,0.8,-0.23232323232323226,false,,0.3594132029339854,NOT_AVAILABLE_PIT,NOT_AVAILABLE_PIT,UNIVERSE_ELIGIBLE_ONLY,CALENDAR_YEAR_2024
BBDC4-0024,BBDC4,2024-06-28,2024-06-28,MOMENTUM_LOW_VOL,NOT_SCORABLE_BY_DETECTOR,INSUFFICIENT_HISTORY,,,,false,,0.3594132029339854,NOT_AVAILABLE_PIT,NOT_AVAILABLE_PIT,UNIVERSE_ELIGIBLE_ONLY,CALENDAR_YEAR_2024
BBDC4-0024,BBDC4,2024-06-28,2024-06-28,REVERSAL_21,EARLY_HIT,DETECTED,12,0.2,-0.03869969040247678,true,1.0,0.3594132029339854,NOT_AVAILABLE_PIT,NOT_AVAILABLE_PIT,UNIVERSE_ELIGIBLE_ONLY,CALENDAR_YEAR_2024
BBDC4-0024,BBDC4,2024-06-28,2024-06-28,VOLUME_SURGE,MISS,RANK_TOO_LOW,28,0.4666666666666667,-0.0634149978409787,false,,0.3594132029339854,NOT_AVAILABLE_PIT,NOT_AVAILABLE_PIT,UNIVERSE_ELIGIBLE_ONLY,CALENDAR_YEAR_2024
BBDC4-0025,BBDC4,2024-11-29,2025-04-30,52W_HIGH,MISS,RANK_TOO_LOW,39,0.65,0.7270655270655271,false,,0.580906148867314,NOT_AVAILABLE_PIT,NOT_AVAILABLE_PIT,UNIVERSE_ELIGIBLE_ONLY,CALENDAR_YEAR_2024
BBDC4-0025,BBDC4,2024-11-29,2025-04-30,LOW_VOL_252,MISS,RANK_TOO_LOW,23,0.38333333333333336,0.017028478053935,false,,0.580906148867314,NOT_AVAILABLE_PIT,NOT_AVAILABLE_PIT,UNIVERSE_ELIGIBLE_ONLY,CALENDAR_YEAR_2024
BBDC4-0025,BBDC4,2024-11-29,2025-04-30,MOMENTUM_12_1,MISS,RANK_TOO_LOW,35,0.5833333333333334,-0.062307217766810696,false,,0.580906148867314,NOT_AVAILABLE_PIT,NOT_AVAILABLE_PIT,UNIVERSE_ELIGIBLE_ONLY,CALENDAR_YEAR_2024
BBDC4-0025,BBDC4,2024-11-29,2025-04-30,MOMENTUM_6_1,MISS,RANK_TOO_LOW,15,0.25,0.19215686274509802,false,,0.580906148867314,NOT_AVAILABLE_PIT,NOT_AVAILABLE_PIT,UNIVERSE_ELIGIBLE_ONLY,CALENDAR_YEAR_2024
BBDC4-0025,BBDC4,2024-11-29,2025-04-30,MOMENTUM_LOW_VOL,NOT_SCORABLE_BY_DETECTOR,INSUFFICIENT_HISTORY,,,,false,,0.580906148867314,NOT_AVAILABLE_PIT,NOT_AVAILABLE_PIT,UNIVERSE_ELIGIBLE_ONLY,CALENDAR_YEAR_2024
BBDC4-0025,BBDC4,2024-11-29,2025-04-30,REVERSAL_21,EARLY_HIT,DETECTED,10,0.16666666666666666,-0.16052631578947363,true,1.0,0.580906148867314,NOT_AVAILABLE_PIT,NOT_AVAILABLE_PIT,UNIVERSE_ELIGIBLE_ONLY,CALENDAR_YEAR_2024
BBDC4-0025,BBDC4,2024-11-29,2025-04-30,VOLUME_SURGE,MISS,RANK_TOO_LOW,28,0.4666666666666667,0.08414302423969278,false,,0.580906148867314,NOT_AVAILABLE_PIT,NOT_AVAILABLE_PIT,UNIVERSE_ELIGIBLE_ONLY,CALENDAR_YEAR_2024
BBSE3-0026,BBSE3,2018-06-29,2018-06-29,52W_HIGH,MISS,RANK_TOO_LOW,30,0.5,0.7430769230769231,false,,0.33606557377049184,NOT_AVAILABLE_PIT,NOT_AVAILABLE_PIT,UNIVERSE_ELIGIBLE_ONLY,CALENDAR_YEAR_2018
BBSE3-0026,BBSE3,2018-06-29,2018-06-29,LOW_VOL_252,EARLY_HIT,DETECTED,6,0.1,0.014004752129539218,true,1.0,0.33606557377049184,NOT_AVAILABLE_PIT,NOT_AVAILABLE_PIT,UNIVERSE_ELIGIBLE_ONLY,CALENDAR_YEAR_2018
BBSE3-0026,BBSE3,2018-06-29,2018-06-29,MOMENTUM_12_1,MISS,RANK_TOO_LOW,48,0.8,-0.07985865724381636,false,,0.33606557377049184,NOT_AVAILABLE_PIT,NOT_AVAILABLE_PIT,UNIVERSE_ELIGIBLE_ONLY,CALENDAR_YEAR_2018
BBSE3-0026,BBSE3,2018-06-29,2018-06-29,MOMENTUM_6_1,MISS,RANK_TOO_LOW,40,0.6666666666666666,-0.07823008849557522,false,,0.33606557377049184,NOT_AVAILABLE_PIT,NOT_AVAILABLE_PIT,UNIVERSE_ELIGIBLE_ONLY,CALENDAR_YEAR_2018
BBSE3-0026,BBSE3,2018-06-29,2018-06-29,MOMENTUM_LOW_VOL,NOT_SCORABLE_BY_DETECTOR,INSUFFICIENT_HISTORY,,,,false,,0.33606557377049184,NOT_AVAILABLE_PIT,NOT_AVAILABLE_PIT,UNIVERSE_ELIGIBLE_ONLY,CALENDAR_YEAR_2018
BBSE3-0026,BBSE3,2018-06-29,2018-06-29,REVERSAL_21,MISS,RANK_TOO_LOW,25,0.4166666666666667,-0.07258064516129037,false,,0.33606557377049184,NOT_AVAILABLE_PIT,NOT_AVAILABLE_PIT,UNIVERSE_ELIGIBLE_ONLY,CALENDAR_YEAR_2018
BBSE3-0026,BBSE3,2018-06-29,2018-06-29,VOLUME_SURGE,MISS,RANK_TOO_LOW,51,0.85,-0.11628387955471264,false,,0.33606557377049184,NOT_AVAILABLE_PIT,NOT_AVAILABLE_PIT,UNIVERSE_ELIGIBLE_ONLY,CALENDAR_YEAR_2018
BBSE3-0027,BBSE3,2018-08-31,2018-09-28,52W_HIGH,MISS,RANK_TOO_LOW,34,0.5666666666666667,0.7464615384615385,false,,0.3391521197007481,NOT_AVAILABLE_PIT,NOT_AVAILABLE_PIT,UNIVERSE_ELIGIBLE_ONLY,CALENDAR_YEAR_2018
BBSE3-0027,BBSE3,2018-08-31,2018-09-28,LOW_VOL_252,EARLY_HIT,DETECTED,7,0.11666666666666667,0.014811789090378136,true,1.0,0.3391521197007481,NOT_AVAILABLE_PIT,NOT_AVAILABLE_PIT,UNIVERSE_ELIGIBLE_ONLY,CALENDAR_YEAR_2018
BBSE3-0027,BBSE3,2018-08-31,2018-09-28,MOMENTUM_12_1,MISS,RANK_TOO_LOW,48,0.8,-0.1074380165289256,false,,0.3391521197007481,NOT_AVAILABLE_PIT,NOT_AVAILABLE_PIT,UNIVERSE_ELIGIBLE_ONLY,CALENDAR_YEAR_2018
BBSE3-0027,BBSE3,2018-08-31,2018-09-28,MOMENTUM_6_1,MISS,RANK_TOO_LOW,40,0.6666666666666666,-0.1496062992125985,false,,0.3391521197007481,NOT_AVAILABLE_PIT,NOT_AVAILABLE_PIT,UNIVERSE_ELIGIBLE_ONLY,CALENDAR_YEAR_2018
BBSE3-0027,BBSE3,2018-08-31,2018-09-28,MOMENTUM_LOW_VOL,NOT_SCORABLE_BY_DETECTOR,INSUFFICIENT_HISTORY,,,,false,,0.3391521197007481,NOT_AVAILABLE_PIT,NOT_AVAILABLE_PIT,UNIVERSE_ELIGIBLE_ONLY,CALENDAR_YEAR_2018
BBSE3-0027,BBSE3,2018-08-31,2018-09-28,REVERSAL_21,MISS,RANK_TOO_LOW,39,0.65,-0.023349436392914535,false,,0.3391521197007481,NOT_AVAILABLE_PIT,NOT_AVAILABLE_PIT,UNIVERSE_ELIGIBLE_ONLY,CALENDAR_YEAR_2018
BBSE3-0027,BBSE3,2018-08-31,2018-09-28,VOLUME_SURGE,MISS,RANK_TOO_LOW,26,0.43333333333333335,-0.03873737178568193,false,,0.3391521197007481,NOT_AVAILABLE_PIT,NOT_AVAILABLE_PIT,UNIVERSE_ELIGIBLE_ONLY,CALENDAR_YEAR_2018
BBSE3-0028,BBSE3,2018-12-28,2018-12-28,52W_HIGH,MISS,RANK_TOO_LOW,28,0.4666666666666667,0.8366153846153846,false,,0.34533898305084754,NOT_AVAILABLE_PIT,NOT_AVAILABLE_PIT,UNIVERSE_ELIGIBLE_ONLY,CALENDAR_YEAR_2018
BBSE3-0028,BBSE3,2018-12-28,2018-12-28,LOW_VOL_252,EARLY_HIT,DETECTED,6,0.1,0.01653649435968715,true,1.0,0.34533898305084754,NOT_AVAILABLE_PIT,NOT_AVAILABLE_PIT,UNIVERSE_ELIGIBLE_ONLY,CALENDAR_YEAR_2018
BBSE3-0028,BBSE3,2018-12-28,2018-12-28,MOMENTUM_12_1,MISS,RANK_TOO_LOW,42,0.7,-0.04255319148936165,false,,0.34533898305084754,NOT_AVAILABLE_PIT,NOT_AVAILABLE_PIT,UNIVERSE_ELIGIBLE_ONLY,CALENDAR_YEAR_2018
BBSE3-0028,BBSE3,2018-12-28,2018-12-28,MOMENTUM_6_1,MISS,RANK_TOO_LOW,34,0.5666666666666667,0.11019736842105265,false,,0.34533898305084754,NOT_AVAILABLE_PIT,NOT_AVAILABLE_PIT,UNIVERSE_ELIGIBLE_ONLY,CALENDAR_YEAR_2018
BBSE3-0028,BBSE3,2018-12-28,2018-12-28,MOMENTUM_LOW_VOL,NOT_SCORABLE_BY_DETECTOR,INSUFFICIENT_HISTORY,,,,false,,0.34533898305084754,NOT_AVAILABLE_PIT,NOT_AVAILABLE_PIT,UNIVERSE_ELIGIBLE_ONLY,CALENDAR_YEAR_2018
BBSE3-0028,BBSE3,2018-12-28,2018-12-28,REVERSAL_21,MISS,RANK_TOO_LOW,27,0.45,0.007037037037037175,false,,0.34533898305084754,NOT_AVAILABLE_PIT,NOT_AVAILABLE_PIT,UNIVERSE_ELIGIBLE_ONLY,CALENDAR_YEAR_2018
BBSE3-0028,BBSE3,2018-12-28,2018-12-28,VOLUME_SURGE,MISS,RANK_TOO_LOW,17,0.2833333333333333,0.3424680802547937,false,,0.34533898305084754,NOT_AVAILABLE_PIT,NOT_AVAILABLE_PIT,UNIVERSE_ELIGIBLE_ONLY,CALENDAR_YEAR_2018
BBSE3-0029,BBSE3,2021-07-30,2022-02-25,52W_HIGH,MISS,RANK_TOO_LOW,49,0.8166666666666667,0.7148050231328485,false,1.0,0.3928571428571428,NOT_AVAILABLE_PIT,NOT_AVAILABLE_PIT,UNIVERSE_ELIGIBLE_ONLY,CALENDAR_YEAR_2021
BBSE3-0029,BBSE3,2021-07-30,2022-02-25,LOW_VOL_252,EARLY_HIT,DETECTED,6,0.1,0.015689206433555123,true,1.0,0.3928571428571428,NOT_AVAILABLE_PIT,NOT_AVAILABLE_PIT,UNIVERSE_ELIGIBLE_ONLY,CALENDAR_YEAR_2021
BBSE3-0029,BBSE3,2021-07-30,2022-02-25,MOMENTUM_12_1,MISS,RANK_TOO_LOW,47,0.7833333333333333,-0.16201906106600772,false,1.0,0.3928571428571428,NOT_AVAILABLE_PIT,NOT_AVAILABLE_PIT,UNIVERSE_ELIGIBLE_ONLY,CALENDAR_YEAR_2021
BBSE3-0029,BBSE3,2021-07-30,2022-02-25,MOMENTUM_6_1,EARLY_HIT,DETECTED,58,0.9666666666666667,-0.16555360281195086,false,0.7466666666666667,0.3928571428571428,NOT_AVAILABLE_PIT,NOT_AVAILABLE_PIT,UNIVERSE_ELIGIBLE_ONLY,CALENDAR_YEAR_2021
BBSE3-0029,BBSE3,2021-07-30,2022-02-25,MOMENTUM_LOW_VOL,NOT_SCORABLE_BY_DETECTOR,INSUFFICIENT_HISTORY,,,,false,1.0,0.3928571428571428,NOT_AVAILABLE_PIT,NOT_AVAILABLE_PIT,UNIVERSE_ELIGIBLE_ONLY,CALENDAR_YEAR_2021
BBSE3-0029,BBSE3,2021-07-30,2022-02-25,REVERSAL_21,EARLY_HIT,DETECTED,7,0.11666666666666667,-0.08887952822240941,true,1.0,0.3928571428571428,NOT_AVAILABLE_PIT,NOT_AVAILABLE_PIT,UNIVERSE_ELIGIBLE_ONLY,CALENDAR_YEAR_2021
BBSE3-0029,BBSE3,2021-07-30,2022-02-25,VOLUME_SURGE,EARLY_HIT,DETECTED,10,0.16666666666666666,0.0953084950254457,true,1.0,0.3928571428571428,NOT_AVAILABLE_PIT,NOT_AVAILABLE_PIT,UNIVERSE_ELIGIBLE_ONLY,CALENDAR_YEAR_2021
BBSE3-0030,BBSE3,2022-04-29,2022-04-29,52W_HIGH,EARLY_HIT,DETECTED,5,0.08333333333333333,0.9667662434652726,true,1.0,0.37154308617234477,NOT_AVAILABLE_PIT,NOT_AVAILABLE_PIT,UNIVERSE_ELIGIBLE_ONLY,CALENDAR_YEAR_2022
BBSE3-0030,BBSE3,2022-04-29,2022-04-29,LOW_VOL_252,EARLY_HIT,DETECTED,7,0.11666666666666667,0.01608474628025017,true,1.0,0.37154308617234477,NOT_AVAILABLE_PIT,NOT_AVAILABLE_PIT,UNIVERSE_ELIGIBLE_ONLY,CALENDAR_YEAR_2022
BBSE3-0030,BBSE3,2022-04-29,2022-04-29,MOMENTUM_12_1,MISS,RANK_TOO_LOW,19,0.31666666666666665,0.050854700854700896,false,,0.37154308617234477,NOT_AVAILABLE_PIT,NOT_AVAILABLE_PIT,UNIVERSE_ELIGIBLE_ONLY,CALENDAR_YEAR_2022
BBSE3-0030,BBSE3,2022-04-29,2022-04-29,MOMENTUM_6_1,MISS,RANK_TOO_LOW,29,0.48333333333333334,0.1347485002307336,false,,0.37154308617234477,NOT_AVAILABLE_PIT,NOT_AVAILABLE_PIT,UNIVERSE_ELIGIBLE_ONLY,CALENDAR_YEAR_2022
BBSE3-0030,BBSE3,2022-04-29,2022-04-29,MOMENTUM_LOW_VOL,MISS,RANK_TOO_LOW,6,0.25,-0.01608474628025017,false,,0.37154308617234477,NOT_AVAILABLE_PIT,NOT_AVAILABLE_PIT,UNIVERSE_ELIGIBLE_ONLY,CALENDAR_YEAR_2022
BBSE3-0030,BBSE3,2022-04-29,2022-04-29,REVERSAL_21,MISS,RANK_TOO_LOW,54,0.9,0.05286701911346081,false,,0.37154308617234477,NOT_AVAILABLE_PIT,NOT_AVAILABLE_PIT,UNIVERSE_ELIGIBLE_ONLY,CALENDAR_YEAR_2022
BBSE3-0030,BBSE3,2022-04-29,2022-04-29,VOLUME_SURGE,MISS,RANK_TOO_LOW,14,0.23333333333333334,0.17077530647438866,false,,0.37154308617234477,NOT_AVAILABLE_PIT,NOT_AVAILABLE_PIT,UNIVERSE_ELIGIBLE_ONLY,CALENDAR_YEAR_2022
BBSE3-0031,BBSE3,2024-04-30,2024-04-30,52W_HIGH,MISS,RANK_TOO_LOW,21,0.35,0.9009486607142856,false,,0.30012338062924115,NOT_AVAILABLE_PIT,NOT_AVAILABLE_PIT,UNIVERSE_ELIGIBLE_ONLY,CALENDAR_YEAR_2024
BBSE3-0031,BBSE3,2024-04-30,2024-04-30,LOW_VOL_252,EARLY_HIT,DETECTED,3,0.05,0.012210202935549025,true,1.0,0.30012338062924115,NOT_AVAILABLE_PIT,NOT_AVAILABLE_PIT,UNIVERSE_ELIGIBLE_ONLY,CALENDAR_YEAR_2024
BBSE3-0031,BBSE3,2024-04-30,2024-04-30,MOMENTUM_12_1,MISS,RANK_TOO_LOW,53,0.8833333333333333,-0.06417266187050352,false,,0.30012338062924115,NOT_AVAILABLE_PIT,NOT_AVAILABLE_PIT,UNIVERSE_ELIGIBLE_ONLY,CALENDAR_YEAR_2024
BBSE3-0031,BBSE3,2024-04-30,2024-04-30,MOMENTUM_6_1,MISS,RANK_TOO_LOW,44,0.7333333333333333,0.03566878980891741,false,,0.30012338062924115,NOT_AVAILABLE_PIT,NOT_AVAILABLE_PIT,UNIVERSE_ELIGIBLE_ONLY,CALENDAR_YEAR_2024
BBSE3-0031,BBSE3,2024-04-30,2024-04-30,MOMENTUM_LOW_VOL,NOT_SCORABLE_BY_DETECTOR,INSUFFICIENT_HISTORY,,,,false,,0.30012338062924115,NOT_AVAILABLE_PIT,NOT_AVAILABLE_PIT,UNIVERSE_ELIGIBLE_ONLY,CALENDAR_YEAR_2024
BBSE3-0031,BBSE3,2024-04-30,2024-04-30,REVERSAL_21,MISS,RANK_TOO_LOW,46,0.7666666666666667,-0.007072570725707328,false,,0.30012338062924115,NOT_AVAILABLE_PIT,NOT_AVAILABLE_PIT,UNIVERSE_ELIGIBLE_ONLY,CALENDAR_YEAR_2024
BBSE3-0031,BBSE3,2024-04-30,2024-04-30,VOLUME_SURGE,MISS,RANK_TOO_LOW,35,0.5833333333333334,-0.06505642724120908,false,,0.30012338062924115,NOT_AVAILABLE_PIT,NOT_AVAILABLE_PIT,UNIVERSE_ELIGIBLE_ONLY,CALENDAR_YEAR_2024
BEEF3-0032,BEEF3,2021-04-30,2021-08-31,52W_HIGH,MISS,RANK_TOO_LOW,54,0.9,0.6682496607869742,false,1.0,0.3467336683417086,NOT_AVAILABLE_PIT,NOT_AVAILABLE_PIT,UNIVERSE_ELIGIBLE_ONLY,CALENDAR_YEAR_2021
BEEF3-0032,BEEF3,2021-04-30,2021-08-31,LOW_VOL_252,MISS,RANK_TOO_LOW,25,0.4166666666666667,0.02602380278667375,false,1.0,0.3467336683417086,NOT_AVAILABLE_PIT,NOT_AVAILABLE_PIT,UNIVERSE_ELIGIBLE_ONLY,CALENDAR_YEAR_2021
BEEF3-0032,BEEF3,2021-04-30,2021-08-31,MOMENTUM_12_1,MISS,RANK_TOO_LOW,37,0.6166666666666667,0.035608308605341366,false,1.0,0.3467336683417086,NOT_AVAILABLE_PIT,NOT_AVAILABLE_PIT,UNIVERSE_ELIGIBLE_ONLY,CALENDAR_YEAR_2021
BEEF3-0032,BEEF3,2021-04-30,2021-08-31,MOMENTUM_6_1,MISS,RANK_TOO_LOW,46,0.7666666666666667,-0.07015985790408519,false,1.0,0.3467336683417086,NOT_AVAILABLE_PIT,NOT_AVAILABLE_PIT,UNIVERSE_ELIGIBLE_ONLY,CALENDAR_YEAR_2021
BEEF3-0032,BEEF3,2021-04-30,2021-08-31,MOMENTUM_LOW_VOL,NOT_SCORABLE_BY_DETECTOR,INSUFFICIENT_HISTORY,,,,false,1.0,0.3467336683417086,NOT_AVAILABLE_PIT,NOT_AVAILABLE_PIT,UNIVERSE_ELIGIBLE_ONLY,CALENDAR_YEAR_2021
BEEF3-0032,BEEF3,2021-04-30,2021-08-31,REVERSAL_21,EARLY_HIT,DETECTED,5,0.08333333333333333,-0.05921680993314238,true,1.0,0.3467336683417086,NOT_AVAILABLE_PIT,NOT_AVAILABLE_PIT,UNIVERSE_ELIGIBLE_ONLY,CALENDAR_YEAR_2021
BEEF3-0032,BEEF3,2021-04-30,2021-08-31,VOLUME_SURGE,EARLY_HIT,DETECTED,9,0.15,0.22937060913480467,true,1.0,0.3467336683417086,NOT_AVAILABLE_PIT,NOT_AVAILABLE_PIT,UNIVERSE_ELIGIBLE_ONLY,CALENDAR_YEAR_2021
BEEF3-0033,BEEF3,2021-10-29,2021-11-30,52W_HIGH,MISS,RANK_TOO_LOW,15,0.25,0.7994722955145119,false,,0.4075587334014301,NOT_AVAILABLE_PIT,NOT_AVAILABLE_PIT,UNIVERSE_ELIGIBLE_ONLY,CALENDAR_YEAR_2021
BEEF3-0033,BEEF3,2021-10-29,2021-11-30,LOW_VOL_252,MISS,RANK_TOO_LOW,34,0.5666666666666667,0.024678396232826923,false,,0.4075587334014301,NOT_AVAILABLE_PIT,NOT_AVAILABLE_PIT,UNIVERSE_ELIGIBLE_ONLY,CALENDAR_YEAR_2021
BEEF3-0033,BEEF3,2021-10-29,2021-11-30,MOMENTUM_12_1,MISS,RANK_TOO_LOW,36,0.6,-0.06927175843694489,false,,0.4075587334014301,NOT_AVAILABLE_PIT,NOT_AVAILABLE_PIT,UNIVERSE_ELIGIBLE_ONLY,CALENDAR_YEAR_2021
BEEF3-0033,BEEF3,2021-10-29,2021-11-30,MOMENTUM_6_1,MISS,RANK_TOO_LOW,15,0.25,0.06395939086294433,false,,0.4075587334014301,NOT_AVAILABLE_PIT,NOT_AVAILABLE_PIT,UNIVERSE_ELIGIBLE_ONLY,CALENDAR_YEAR_2021
BEEF3-0033,BEEF3,2021-10-29,2021-11-30,MOMENTUM_LOW_VOL,NOT_SCORABLE_BY_DETECTOR,INSUFFICIENT_HISTORY,,,,false,,0.4075587334014301,NOT_AVAILABLE_PIT,NOT_AVAILABLE_PIT,UNIVERSE_ELIGIBLE_ONLY,CALENDAR_YEAR_2021
BEEF3-0033,BEEF3,2021-10-29,2021-11-30,REVERSAL_21,MISS,RANK_TOO_LOW,14,0.23333333333333334,-0.13263358778625955,false,,0.4075587334014301,NOT_AVAILABLE_PIT,NOT_AVAILABLE_PIT,UNIVERSE_ELIGIBLE_ONLY,CALENDAR_YEAR_2021
BEEF3-0033,BEEF3,2021-10-29,2021-11-30,VOLUME_SURGE,MISS,RANK_TOO_LOW,20,0.3333333333333333,0.12046696354357889,false,,0.4075587334014301,NOT_AVAILABLE_PIT,NOT_AVAILABLE_PIT,UNIVERSE_ELIGIBLE_ONLY,CALENDAR_YEAR_2021
BEEF3-0034,BEEF3,2022-01-31,2022-01-31,52W_HIGH,MISS,RANK_TOO_LOW,14,0.23333333333333334,0.8372911169744943,false,,0.5397350993377481,NOT_AVAILABLE_PIT,NOT_AVAILABLE_PIT,UNIVERSE_ELIGIBLE_ONLY,CALENDAR_YEAR_2022
BEEF3-0034,BEEF3,2022-01-31,2022-01-31,LOW_VOL_252,MISS,RANK_TOO_LOW,43,0.7166666666666667,0.026083848080391988,false,,0.5397350993377481,NOT_AVAILABLE_PIT,NOT_AVAILABLE_PIT,UNIVERSE_ELIGIBLE_ONLY,CALENDAR_YEAR_2022
BEEF3-0034,BEEF3,2022-01-31,2022-01-31,MOMENTUM_12_1,EARLY_HIT,DETECTED,5,0.08333333333333333,0.1568627450980391,true,1.0,0.5397350993377481,NOT_AVAILABLE_PIT,NOT_AVAILABLE_PIT,UNIVERSE_ELIGIBLE_ONLY,CALENDAR_YEAR_2022
BEEF3-0034,BEEF3,2022-01-31,2022-01-31,MOMENTUM_6_1,EARLY_HIT,DETECTED,5,0.08333333333333333,0.13826366559485526,true,1.0,0.5397350993377481,NOT_AVAILABLE_PIT,NOT_AVAILABLE_PIT,UNIVERSE_ELIGIBLE_ONLY,CALENDAR_YEAR_2022
BEEF3-0034,BEEF3,2022-01-31,2022-01-31,MOMENTUM_LOW_VOL,MISS,RANK_TOO_LOW,17,0.7083333333333334,-0.026083848080391988,false,,0.5397350993377481,NOT_AVAILABLE_PIT,NOT_AVAILABLE_PIT,UNIVERSE_ELIGIBLE_ONLY,CALENDAR_YEAR_2022
BEEF3-0034,BEEF3,2022-01-31,2022-01-31,REVERSAL_21,EARLY_HIT,DETECTED,4,0.06666666666666667,-0.10357815442561202,true,1.0,0.5397350993377481,NOT_AVAILABLE_PIT,NOT_AVAILABLE_PIT,UNIVERSE_ELIGIBLE_ONLY,CALENDAR_YEAR_2022
BEEF3-0034,BEEF3,2022-01-31,2022-01-31,VOLUME_SURGE,MISS,RANK_TOO_LOW,51,0.85,-0.32379842434483486,false,,0.5397350993377481,NOT_AVAILABLE_PIT,NOT_AVAILABLE_PIT,UNIVERSE_ELIGIBLE_ONLY,CALENDAR_YEAR_2022
BEEF3-0035,BEEF3,2025-01-31,2025-01-31,52W_HIGH,MISS,RANK_TOO_LOW,51,0.85,0.6213836477987422,false,,0.3070539419087135,NOT_AVAILABLE_PIT,NOT_AVAILABLE_PIT,UNIVERSE_ELIGIBLE_ONLY,CALENDAR_YEAR_2025
BEEF3-0035,BEEF3,2025-01-31,2025-01-31,LOW_VOL_252,MISS,RANK_TOO_LOW,45,0.75,0.02573563052765729,false,,0.3070539419087135,NOT_AVAILABLE_PIT,NOT_AVAILABLE_PIT,UNIVERSE_ELIGIBLE_ONLY,CALENDAR_YEAR_2025
BEEF3-0035,BEEF3,2025-01-31,2025-01-31,MOMENTUM_12_1,MISS,RANK_TOO_LOW,46,0.7666666666666667,-0.2780141843971631,false,,0.3070539419087135,NOT_AVAILABLE_PIT,NOT_AVAILABLE_PIT,UNIVERSE_ELIGIBLE_ONLY,CALENDAR_YEAR_2025
BEEF3-0035,BEEF3,2025-01-31,2025-01-31,MOMENTUM_6_1,MISS,RANK_TOO_LOW,46,0.7666666666666667,-0.1933438985736925,false,,0.3070539419087135,NOT_AVAILABLE_PIT,NOT_AVAILABLE_PIT,UNIVERSE_ELIGIBLE_ONLY,CALENDAR_YEAR_2025
BEEF3-0035,BEEF3,2025-01-31,2025-01-31,MOMENTUM_LOW_VOL,NOT_SCORABLE_BY_DETECTOR,INSUFFICIENT_HISTORY,,,,false,,0.3070539419087135,NOT_AVAILABLE_PIT,NOT_AVAILABLE_PIT,UNIVERSE_ELIGIBLE_ONLY,CALENDAR_YEAR_2025
BEEF3-0035,BEEF3,2025-01-31,2025-01-31,REVERSAL_21,EARLY_HIT,DETECTED,8,0.13333333333333333,-0.029469548133595147,true,1.0,0.3070539419087135,NOT_AVAILABLE_PIT,NOT_AVAILABLE_PIT,UNIVERSE_ELIGIBLE_ONLY,CALENDAR_YEAR_2025
BEEF3-0035,BEEF3,2025-01-31,2025-01-31,VOLUME_SURGE,MISS,RANK_TOO_LOW,41,0.6833333333333333,-0.19096486087356868,false,,0.3070539419087135,NOT_AVAILABLE_PIT,NOT_AVAILABLE_PIT,UNIVERSE_ELIGIBLE_ONLY,CALENDAR_YEAR_2025
BPAC11-0036,BPAC11,2019-06-28,2019-08-30,52W_HIGH,EARLY_HIT,DETECTED,12,0.2,0.987090367428004,true,1.0,0.5284715284715285,NOT_AVAILABLE_PIT,NOT_AVAILABLE_PIT,UNIVERSE_ELIGIBLE_ONLY,CALENDAR_YEAR_2019
BPAC11-0036,BPAC11,2019-06-28,2019-08-30,LOW_VOL_252,MISS,RANK_TOO_LOW,29,0.48333333333333334,0.021634099714397524,false,1.0,0.5284715284715285,NOT_AVAILABLE_PIT,NOT_AVAILABLE_PIT,UNIVERSE_ELIGIBLE_ONLY,CALENDAR_YEAR_2019
BPAC11-0036,BPAC11,2019-06-28,2019-08-30,MOMENTUM_12_1,EARLY_HIT,DETECTED,1,0.016666666666666666,1.4954285714285716,true,1.0,0.5284715284715285,NOT_AVAILABLE_PIT,NOT_AVAILABLE_PIT,UNIVERSE_ELIGIBLE_ONLY,CALENDAR_YEAR_2019
BPAC11-0036,BPAC11,2019-06-28,2019-08-30,MOMENTUM_6_1,EARLY_HIT,DETECTED,1,0.016666666666666666,0.8863930885529159,true,1.0,0.5284715284715285,NOT_AVAILABLE_PIT,NOT_AVAILABLE_PIT,UNIVERSE_ELIGIBLE_ONLY,CALENDAR_YEAR_2019
BPAC11-0036,BPAC11,2019-06-28,2019-08-30,MOMENTUM_LOW_VOL,MISS,RANK_TOO_LOW,9,0.375,-0.021634099714397524,false,1.0,0.5284715284715285,NOT_AVAILABLE_PIT,NOT_AVAILABLE_PIT,UNIVERSE_ELIGIBLE_ONLY,CALENDAR_YEAR_2019
BPAC11-0036,BPAC11,2019-06-28,2019-08-30,REVERSAL_21,MISS,RANK_TOO_LOW,56,0.9333333333333333,0.13808106251431185,false,1.0,0.5284715284715285,NOT_AVAILABLE_PIT,NOT_AVAILABLE_PIT,UNIVERSE_ELIGIBLE_ONLY,CALENDAR_YEAR_2019
BPAC11-0036,BPAC11,2019-06-28,2019-08-30,VOLUME_SURGE,EARLY_HIT,DETECTED,2,0.03333333333333333,2.1266716203578286,true,1.0,0.5284715284715285,NOT_AVAILABLE_PIT,NOT_AVAILABLE_PIT,UNIVERSE_ELIGIBLE_ONLY,CALENDAR_YEAR_2019
BPAC11-0037,BPAC11,2020-01-31,2020-05-29,52W_HIGH,BOUNDARY_UNCERTAIN_EXCLUDED,OUTCOME_UNCERTAINTY,21,0.35,0.9623484365028718,false,,0.4103854815207313,NOT_AVAILABLE_PIT,NOT_AVAILABLE_PIT,UNIVERSE_ELIGIBLE_ONLY,CALENDAR_YEAR_2020
BPAC11-0037,BPAC11,2020-01-31,2020-05-29,LOW_VOL_252,BOUNDARY_UNCERTAIN_EXCLUDED,OUTCOME_UNCERTAINTY,56,0.9333333333333333,0.028777759271455542,false,,0.4103854815207313,NOT_AVAILABLE_PIT,NOT_AVAILABLE_PIT,UNIVERSE_ELIGIBLE_ONLY,CALENDAR_YEAR_2020
BPAC11-0037,BPAC11,2020-01-31,2020-05-29,MOMENTUM_12_1,BOUNDARY_UNCERTAIN_EXCLUDED,OUTCOME_UNCERTAINTY,1,0.016666666666666666,1.5806779661016948,true,,0.4103854815207313,NOT_AVAILABLE_PIT,NOT_AVAILABLE_PIT,UNIVERSE_ELIGIBLE_ONLY,CALENDAR_YEAR_2020
BPAC11-0037,BPAC11,2020-01-31,2020-05-29,MOMENTUM_6_1,BOUNDARY_UNCERTAIN_EXCLUDED,OUTCOME_UNCERTAINTY,18,0.3,0.2794957983193276,false,,0.4103854815207313,NOT_AVAILABLE_PIT,NOT_AVAILABLE_PIT,UNIVERSE_ELIGIBLE_ONLY,CALENDAR_YEAR_2020
BPAC11-0037,BPAC11,2020-01-31,2020-05-29,MOMENTUM_LOW_VOL,BOUNDARY_UNCERTAIN_EXCLUDED,OUTCOME_UNCERTAINTY,21,0.875,-0.028777759271455542,false,,0.4103854815207313,NOT_AVAILABLE_PIT,NOT_AVAILABLE_PIT,UNIVERSE_ELIGIBLE_ONLY,CALENDAR_YEAR_2020
BPAC11-0037,BPAC11,2020-01-31,2020-05-29,REVERSAL_21,BOUNDARY_UNCERTAIN_EXCLUDED,OUTCOME_UNCERTAINTY,23,0.38333333333333336,-0.009588861158544515,false,,0.4103854815207313,NOT_AVAILABLE_PIT,NOT_AVAILABLE_PIT,UNIVERSE_ELIGIBLE_ONLY,CALENDAR_YEAR_2020
BPAC11-0037,BPAC11,2020-01-31,2020-05-29,VOLUME_SURGE,BOUNDARY_UNCERTAIN_EXCLUDED,OUTCOME_UNCERTAINTY,52,0.8666666666666667,-0.05495960839037195,false,,0.4103854815207313,NOT_AVAILABLE_PIT,NOT_AVAILABLE_PIT,UNIVERSE_ELIGIBLE_ONLY,CALENDAR_YEAR_2020
BRAP4-0038,BRAP4,2017-01-31,2017-07-31,52W_HIGH,MISS,RANK_TOO_LOW,20,0.3333333333333333,0.9232150875617422,false,1.0,0.45651173492867003,NOT_AVAILABLE_PIT,NOT_AVAILABLE_PIT,UNIVERSE_ELIGIBLE_ONLY,CALENDAR_YEAR_2017
BRAP4-0038,BRAP4,2017-01-31,2017-07-31,LOW_VOL_252,MISS,RANK_TOO_LOW,56,0.9333333333333333,0.04028480493081765,false,1.0,0.45651173492867003,NOT_AVAILABLE_PIT,NOT_AVAILABLE_PIT,UNIVERSE_ELIGIBLE_ONLY,CALENDAR_YEAR_2017
BRAP4-0038,BRAP4,2017-01-31,2017-07-31,MOMENTUM_12_1,EARLY_HIT,DETECTED,2,0.03333333333333333,3.6707692307692303,true,1.0,0.45651173492867003,NOT_AVAILABLE_PIT,NOT_AVAILABLE_PIT,UNIVERSE_ELIGIBLE_ONLY,CALENDAR_YEAR_2017
BRAP4-0038,BRAP4,2017-01-31,2017-07-31,MOMENTUM_6_1,EARLY_HIT,DETECTED,6,0.1,0.399078341013825,true,1.0,0.45651173492867003,NOT_AVAILABLE_PIT,NOT_AVAILABLE_PIT,UNIVERSE_ELIGIBLE_ONLY,CALENDAR_YEAR_2017
BRAP4-0038,BRAP4,2017-01-31,2017-07-31,MOMENTUM_LOW_VOL,MISS,RANK_TOO_LOW,20,0.8333333333333334,-0.04028480493081765,false,1.0,0.45651173492867003,NOT_AVAILABLE_PIT,NOT_AVAILABLE_PIT,UNIVERSE_ELIGIBLE_ONLY,CALENDAR_YEAR_2017
BRAP4-0038,BRAP4,2017-01-31,2017-07-31,REVERSAL_21,EARLY_HIT,DETECTED,60,1.0,0.3544137022397891,false,1.0491195551436516,0.45651173492867003,NOT_AVAILABLE_PIT,NOT_AVAILABLE_PIT,UNIVERSE_ELIGIBLE_ONLY,CALENDAR_YEAR_2017
BRAP4-0038,BRAP4,2017-01-31,2017-07-31,VOLUME_SURGE,EARLY_HIT,DETECTED,2,0.03333333333333333,0.5669611979223679,true,1.0,0.45651173492867003,NOT_AVAILABLE_PIT,NOT_AVAILABLE_PIT,UNIVERSE_ELIGIBLE_ONLY,CALENDAR_YEAR_2017
BRAP4-0039,BRAP4,2017-09-29,2017-10-31,52W_HIGH,MISS,RANK_TOO_LOW,42,0.7,0.8551351351351352,false,,0.5593220338983049,NOT_AVAILABLE_PIT,NOT_AVAILABLE_PIT,UNIVERSE_ELIGIBLE_ONLY,CALENDAR_YEAR_2017
BRAP4-0039,BRAP4,2017-09-29,2017-10-31,LOW_VOL_252,MISS,RANK_TOO_LOW,57,0.95,0.031425991747621354,false,,0.5593220338983049,NOT_AVAILABLE_PIT,NOT_AVAILABLE_PIT,UNIVERSE_ELIGIBLE_ONLY,CALENDAR_YEAR_2017
BRAP4-0039,BRAP4,2017-09-29,2017-10-31,MOMENTUM_12_1,EARLY_HIT,DETECTED,1,0.016666666666666666,1.6609657947686118,true,1.0,0.5593220338983049,NOT_AVAILABLE_PIT,NOT_AVAILABLE_PIT,UNIVERSE_ELIGIBLE_ONLY,CALENDAR_YEAR_2017
BRAP4-0039,BRAP4,2017-09-29,2017-10-31,MOMENTUM_6_1,EARLY_HIT,DETECTED,11,0.18333333333333332,0.1909049977487618,true,1.0,0.5593220338983049,NOT_AVAILABLE_PIT,NOT_AVAILABLE_PIT,UNIVERSE_ELIGIBLE_ONLY,CALENDAR_YEAR_2017
BRAP4-0039,BRAP4,2017-09-29,2017-10-31,MOMENTUM_LOW_VOL,MISS,RANK_TOO_LOW,22,0.9166666666666666,-0.031425991747621354,false,,0.5593220338983049,NOT_AVAILABLE_PIT,NOT_AVAILABLE_PIT,UNIVERSE_ELIGIBLE_ONLY,CALENDAR_YEAR_2017
BRAP4-0039,BRAP4,2017-09-29,2017-10-31,REVERSAL_21,EARLY_HIT,DETECTED,2,0.03333333333333333,-0.10283553875236295,true,1.0,0.5593220338983049,NOT_AVAILABLE_PIT,NOT_AVAILABLE_PIT,UNIVERSE_ELIGIBLE_ONLY,CALENDAR_YEAR_2017
BRAP4-0039,BRAP4,2017-09-29,2017-10-31,VOLUME_SURGE,MISS,RANK_TOO_LOW,28,0.4666666666666667,0.1857267220676908,false,,0.5593220338983049,NOT_AVAILABLE_PIT,NOT_AVAILABLE_PIT,UNIVERSE_ELIGIBLE_ONLY,CALENDAR_YEAR_2017
BRAP4-0040,BRAP4,2019-07-31,2020-08-31,52W_HIGH,BOUNDARY_UNCERTAIN_EXCLUDED,OUTCOME_UNCERTAINTY,48,0.8,0.8301148225469728,false,,0.4045676998368679,NOT_AVAILABLE_PIT,NOT_AVAILABLE_PIT,UNIVERSE_ELIGIBLE_ONLY,CALENDAR_YEAR_2019
BRAP4-0040,BRAP4,2019-07-31,2020-08-31,LOW_VOL_252,BOUNDARY_UNCERTAIN_EXCLUDED,OUTCOME_UNCERTAINTY,51,0.85,0.027272832869516195,false,,0.4045676998368679,NOT_AVAILABLE_PIT,NOT_AVAILABLE_PIT,UNIVERSE_ELIGIBLE_ONLY,CALENDAR_YEAR_2019
BRAP4-0040,BRAP4,2019-07-31,2020-08-31,MOMENTUM_12_1,BOUNDARY_UNCERTAIN_EXCLUDED,OUTCOME_UNCERTAINTY,41,0.6833333333333333,0.13236814891416748,false,,0.4045676998368679,NOT_AVAILABLE_PIT,NOT_AVAILABLE_PIT,UNIVERSE_ELIGIBLE_ONLY,CALENDAR_YEAR_2019
BRAP4-0040,BRAP4,2019-07-31,2020-08-31,MOMENTUM_6_1,BOUNDARY_UNCERTAIN_EXCLUDED,OUTCOME_UNCERTAINTY,46,0.7666666666666667,-0.06142857142857139,false,,0.4045676998368679,NOT_AVAILABLE_PIT,NOT_AVAILABLE_PIT,UNIVERSE_ELIGIBLE_ONLY,CALENDAR_YEAR_2019
BRAP4-0040,BRAP4,2019-07-31,2020-08-31,MOMENTUM_LOW_VOL,BOUNDARY_UNCERTAIN_EXCLUDED,OUTCOME_UNCERTAINTY,,,,false,,0.4045676998368679,NOT_AVAILABLE_PIT,NOT_AVAILABLE_PIT,UNIVERSE_ELIGIBLE_ONLY,CALENDAR_YEAR_2019
BRAP4-0040,BRAP4,2019-07-31,2020-08-31,REVERSAL_21,BOUNDARY_UNCERTAIN_EXCLUDED,OUTCOME_UNCERTAINTY,11,0.18333333333333332,-0.031659056316590606,true,,0.4045676998368679,NOT_AVAILABLE_PIT,NOT_AVAILABLE_PIT,UNIVERSE_ELIGIBLE_ONLY,CALENDAR_YEAR_2019
BRAP4-0040,BRAP4,2019-07-31,2020-08-31,VOLUME_SURGE,BOUNDARY_UNCERTAIN_EXCLUDED,OUTCOME_UNCERTAINTY,56,0.9333333333333333,-0.2528072023653447,false,,0.4045676998368679,NOT_AVAILABLE_PIT,NOT_AVAILABLE_PIT,UNIVERSE_ELIGIBLE_ONLY,CALENDAR_YEAR_2019
BRDT3-0041,BRDT3,2020-03-31,2020-03-31,52W_HIGH,MISS,RANK_TOO_LOW,47,0.7833333333333333,0.5065937600514635,false,,0.5870185449358061,NOT_AVAILABLE_PIT,NOT_AVAILABLE_PIT,UNIVERSE_ELIGIBLE_ONLY,CALENDAR_YEAR_2020
BRDT3-0041,BRDT3,2020-03-31,2020-03-31,LOW_VOL_252,MISS,RANK_TOO_LOW,22,0.36666666666666664,0.03020274368699333,false,,0.5870185449358061,NOT_AVAILABLE_PIT,NOT_AVAILABLE_PIT,UNIVERSE_ELIGIBLE_ONLY,CALENDAR_YEAR_2020
BRDT3-0041,BRDT3,2020-03-31,2020-03-31,MOMENTUM_12_1,MISS,RANK_TOO_LOW,43,0.7166666666666667,0.05882352941176472,false,,0.5870185449358061,NOT_AVAILABLE_PIT,NOT_AVAILABLE_PIT,UNIVERSE_ELIGIBLE_ONLY,CALENDAR_YEAR_2020
BRDT3-0041,BRDT3,2020-03-31,2020-03-31,MOMENTUM_6_1,MISS,RANK_TOO_LOW,46,0.7666666666666667,-0.03690036900368998,false,,0.5870185449358061,NOT_AVAILABLE_PIT,NOT_AVAILABLE_PIT,UNIVERSE_ELIGIBLE_ONLY,CALENDAR_YEAR_2020
BRDT3-0041,BRDT3,2020-03-31,2020-03-31,MOMENTUM_LOW_VOL,NOT_SCORABLE_BY_DETECTOR,INSUFFICIENT_HISTORY,,,,false,,0.5870185449358061,NOT_AVAILABLE_PIT,NOT_AVAILABLE_PIT,UNIVERSE_ELIGIBLE_ONLY,CALENDAR_YEAR_2020
BRDT3-0041,BRDT3,2020-03-31,2020-03-31,REVERSAL_21,EARLY_HIT,DETECTED,9,0.15,-0.39655172413793105,true,1.0,0.5870185449358061,NOT_AVAILABLE_PIT,NOT_AVAILABLE_PIT,UNIVERSE_ELIGIBLE_ONLY,CALENDAR_YEAR_2020
BRDT3-0041,BRDT3,2020-03-31,2020-03-31,VOLUME_SURGE,MISS,RANK_TOO_LOW,53,0.8833333333333333,0.21983120225529218,false,,0.5870185449358061,NOT_AVAILABLE_PIT,NOT_AVAILABLE_PIT,UNIVERSE_ELIGIBLE_ONLY,CALENDAR_YEAR_2020
BRDT3-0042,BRDT3,2020-06-30,2020-06-30,52W_HIGH,BOUNDARY_UNCERTAIN_EXCLUDED,OUTCOME_UNCERTAINTY,40,0.6666666666666666,0.6905757478288839,false,,0.3119266055045873,NOT_AVAILABLE_PIT,NOT_AVAILABLE_PIT,UNIVERSE_ELIGIBLE_ONLY,CALENDAR_YEAR_2020
BRDT3-0042,BRDT3,2020-06-30,2020-06-30,LOW_VOL_252,BOUNDARY_UNCERTAIN_EXCLUDED,OUTCOME_UNCERTAINTY,31,0.5166666666666667,0.03600325659162028,false,,0.3119266055045873,NOT_AVAILABLE_PIT,NOT_AVAILABLE_PIT,UNIVERSE_ELIGIBLE_ONLY,CALENDAR_YEAR_2020
BRDT3-0042,BRDT3,2020-06-30,2020-06-30,MOMENTUM_12_1,BOUNDARY_UNCERTAIN_EXCLUDED,OUTCOME_UNCERTAINTY,38,0.6333333333333333,-0.11280000000000001,false,,0.3119266055045873,NOT_AVAILABLE_PIT,NOT_AVAILABLE_PIT,UNIVERSE_ELIGIBLE_ONLY,CALENDAR_YEAR_2020
BRDT3-0042,BRDT3,2020-06-30,2020-06-30,MOMENTUM_6_1,BOUNDARY_UNCERTAIN_EXCLUDED,OUTCOME_UNCERTAINTY,35,0.5833333333333334,-0.2430034129692833,false,,0.3119266055045873,NOT_AVAILABLE_PIT,NOT_AVAILABLE_PIT,UNIVERSE_ELIGIBLE_ONLY,CALENDAR_YEAR_2020
BRDT3-0042,BRDT3,2020-06-30,2020-06-30,MOMENTUM_LOW_VOL,BOUNDARY_UNCERTAIN_EXCLUDED,OUTCOME_UNCERTAINTY,,,,false,,0.3119266055045873,NOT_AVAILABLE_PIT,NOT_AVAILABLE_PIT,UNIVERSE_ELIGIBLE_ONLY,CALENDAR_YEAR_2020
BRDT3-0042,BRDT3,2020-06-30,2020-06-30,REVERSAL_21,BOUNDARY_UNCERTAIN_EXCLUDED,OUTCOME_UNCERTAINTY,4,0.06666666666666667,-0.032010820559062236,true,,0.3119266055045873,NOT_AVAILABLE_PIT,NOT_AVAILABLE_PIT,UNIVERSE_ELIGIBLE_ONLY,CALENDAR_YEAR_2020
BRDT3-0042,BRDT3,2020-06-30,2020-06-30,VOLUME_SURGE,BOUNDARY_UNCERTAIN_EXCLUDED,OUTCOME_UNCERTAINTY,44,0.7333333333333333,0.1435134901929449,false,,0.3119266055045873,NOT_AVAILABLE_PIT,NOT_AVAILABLE_PIT,UNIVERSE_ELIGIBLE_ONLY,CALENDAR_YEAR_2020
BRFS3-0043,BRFS3,2018-06-29,2018-12-28,52W_HIGH,MISS,RANK_TOO_LOW,60,1.0,0.37351407716371215,false,,0.6427511133102426,NOT_AVAILABLE_PIT,NOT_AVAILABLE_PIT,UNIVERSE_ELIGIBLE_ONLY,CALENDAR_YEAR_2018
BRFS3-0043,BRFS3,2018-06-29,2018-12-28,LOW_VOL_252,MISS,RANK_TOO_LOW,55,0.9166666666666666,0.02650056904958176,false,,0.6427511133102426,NOT_AVAILABLE_PIT,NOT_AVAILABLE_PIT,UNIVERSE_ELIGIBLE_ONLY,CALENDAR_YEAR_2018
BRFS3-0043,BRFS3,2018-06-29,2018-12-28,MOMENTUM_12_1,MISS,RANK_TOO_LOW,60,1.0,-0.48368241597661965,false,,0.6427511133102426,NOT_AVAILABLE_PIT,NOT_AVAILABLE_PIT,UNIVERSE_ELIGIBLE_ONLY,CALENDAR_YEAR_2018
BRFS3-0043,BRFS3,2018-06-29,2018-12-28,MOMENTUM_6_1,MISS,RANK_TOO_LOW,60,1.0,-0.4164602257087806,false,,0.6427511133102426,NOT_AVAILABLE_PIT,NOT_AVAILABLE_PIT,UNIVERSE_ELIGIBLE_ONLY,CALENDAR_YEAR_2018
BRFS3-0043,BRFS3,2018-06-29,2018-12-28,MOMENTUM_LOW_VOL,NOT_SCORABLE_BY_DETECTOR,INSUFFICIENT_HISTORY,,,,false,,0.6427511133102426,NOT_AVAILABLE_PIT,NOT_AVAILABLE_PIT,UNIVERSE_ELIGIBLE_ONLY,CALENDAR_YEAR_2018
BRFS3-0043,BRFS3,2018-06-29,2018-12-28,REVERSAL_21,EARLY_HIT,DETECTED,3,0.05,-0.155188679245283,true,1.0,0.6427511133102426,NOT_AVAILABLE_PIT,NOT_AVAILABLE_PIT,UNIVERSE_ELIGIBLE_ONLY,CALENDAR_YEAR_2018
BRFS3-0043,BRFS3,2018-06-29,2018-12-28,VOLUME_SURGE,MISS,RANK_TOO_LOW,29,0.48333333333333334,0.16545866604380377,false,,0.6427511133102426,NOT_AVAILABLE_PIT,NOT_AVAILABLE_PIT,UNIVERSE_ELIGIBLE_ONLY,CALENDAR_YEAR_2018
BRFS3-0044,BRFS3,2019-02-28,2019-02-28,52W_HIGH,MISS,RANK_TOO_LOW,55,0.9166666666666666,0.697224015493867,false,,0.3177387914230019,NOT_AVAILABLE_PIT,NOT_AVAILABLE_PIT,UNIVERSE_ELIGIBLE_ONLY,CALENDAR_YEAR_2019
BRFS3-0044,BRFS3,2019-02-28,2019-02-28,LOW_VOL_252,MISS,RANK_TOO_LOW,53,0.8833333333333333,0.030572868259275496,false,,0.3177387914230019,NOT_AVAILABLE_PIT,NOT_AVAILABLE_PIT,UNIVERSE_ELIGIBLE_ONLY,CALENDAR_YEAR_2019
BRFS3-0044,BRFS3,2019-02-28,2019-02-28,MOMENTUM_12_1,MISS,RANK_TOO_LOW,53,0.8833333333333333,-0.19966442953020136,false,,0.3177387914230019,NOT_AVAILABLE_PIT,NOT_AVAILABLE_PIT,UNIVERSE_ELIGIBLE_ONLY,CALENDAR_YEAR_2019
BRFS3-0044,BRFS3,2019-02-28,2019-02-28,MOMENTUM_6_1,MISS,RANK_TOO_LOW,34,0.5666666666666667,0.2155963302752293,false,,0.3177387914230019,NOT_AVAILABLE_PIT,NOT_AVAILABLE_PIT,UNIVERSE_ELIGIBLE_ONLY,CALENDAR_YEAR_2019
BRFS3-0044,BRFS3,2019-02-28,2019-02-28,MOMENTUM_LOW_VOL,NOT_SCORABLE_BY_DETECTOR,INSUFFICIENT_HISTORY,,,,false,,0.3177387914230019,NOT_AVAILABLE_PIT,NOT_AVAILABLE_PIT,UNIVERSE_ELIGIBLE_ONLY,CALENDAR_YEAR_2019
BRFS3-0044,BRFS3,2019-02-28,2019-02-28,REVERSAL_21,EARLY_HIT,DETECTED,2,0.03333333333333333,-0.09433962264150941,true,1.0,0.3177387914230019,NOT_AVAILABLE_PIT,NOT_AVAILABLE_PIT,UNIVERSE_ELIGIBLE_ONLY,CALENDAR_YEAR_2019
BRFS3-0044,BRFS3,2019-02-28,2019-02-28,VOLUME_SURGE,MISS,RANK_TOO_LOW,47,0.7833333333333333,0.058684086633803645,false,,0.3177387914230019,NOT_AVAILABLE_PIT,NOT_AVAILABLE_PIT,UNIVERSE_ELIGIBLE_ONLY,CALENDAR_YEAR_2019
BRFS3-0045,BRFS3,2020-03-31,2020-03-31,52W_HIGH,MISS,RANK_TOO_LOW,60,1.0,0.3582716049382716,false,,0.572709801409353,NOT_AVAILABLE_PIT,NOT_AVAILABLE_PIT,UNIVERSE_ELIGIBLE_ONLY,CALENDAR_YEAR_2020
BRFS3-0045,BRFS3,2020-03-31,2020-03-31,LOW_VOL_252,MISS,RANK_TOO_LOW,41,0.6833333333333333,0.03377994957282168,false,,0.572709801409353,NOT_AVAILABLE_PIT,NOT_AVAILABLE_PIT,UNIVERSE_ELIGIBLE_ONLY,CALENDAR_YEAR_2020
BRFS3-0045,BRFS3,2020-03-31,2020-03-31,MOMENTUM_12_1,MISS,RANK_TOO_LOW,32,0.5333333333333333,0.21038495971351834,false,,0.572709801409353,NOT_AVAILABLE_PIT,NOT_AVAILABLE_PIT,UNIVERSE_ELIGIBLE_ONLY,CALENDAR_YEAR_2020
BRFS3-0045,BRFS3,2020-03-31,2020-03-31,MOMENTUM_6_1,MISS,RANK_TOO_LOW,60,1.0,-0.3212851405622491,false,,0.572709801409353,NOT_AVAILABLE_PIT,NOT_AVAILABLE_PIT,UNIVERSE_ELIGIBLE_ONLY,CALENDAR_YEAR_2020
BRFS3-0045,BRFS3,2020-03-31,2020-03-31,MOMENTUM_LOW_VOL,NOT_SCORABLE_BY_DETECTOR,INSUFFICIENT_HISTORY,,,,false,,0.572709801409353,NOT_AVAILABLE_PIT,NOT_AVAILABLE_PIT,UNIVERSE_ELIGIBLE_ONLY,CALENDAR_YEAR_2020
BRFS3-0045,BRFS3,2020-03-31,2020-03-31,REVERSAL_21,EARLY_HIT,DETECTED,5,0.08333333333333333,-0.46338757396449703,true,1.0,0.572709801409353,NOT_AVAILABLE_PIT,NOT_AVAILABLE_PIT,UNIVERSE_ELIGIBLE_ONLY,CALENDAR_YEAR_2020
BRFS3-0045,BRFS3,2020-03-31,2020-03-31,VOLUME_SURGE,MISS,RANK_TOO_LOW,56,0.9333333333333333,0.10746881546929221,false,,0.572709801409353,NOT_AVAILABLE_PIT,NOT_AVAILABLE_PIT,UNIVERSE_ELIGIBLE_ONLY,CALENDAR_YEAR_2020
BRFS3-0046,BRFS3,2020-06-30,2020-06-30,52W_HIGH,MISS,RANK_TOO_LOW,58,0.9666666666666667,0.5153086419753087,false,,0.3190243902439025,NOT_AVAILABLE_PIT,NOT_AVAILABLE_PIT,UNIVERSE_ELIGIBLE_ONLY,CALENDAR_YEAR_2020
BRFS3-0046,BRFS3,2020-06-30,2020-06-30,LOW_VOL_252,MISS,RANK_TOO_LOW,36,0.6,0.037418679223204514,false,,0.3190243902439025,NOT_AVAILABLE_PIT,NOT_AVAILABLE_PIT,UNIVERSE_ELIGIBLE_ONLY,CALENDAR_YEAR_2020
BRFS3-0046,BRFS3,2020-06-30,2020-06-30,MOMENTUM_12_1,MISS,RANK_TOO_LOW,45,0.75,-0.19660782277604705,false,,0.3190243902439025,NOT_AVAILABLE_PIT,NOT_AVAILABLE_PIT,UNIVERSE_ELIGIBLE_ONLY,CALENDAR_YEAR_2020
BRFS3-0046,BRFS3,2020-06-30,2020-06-30,MOMENTUM_6_1,MISS,RANK_TOO_LOW,47,0.7833333333333333,-0.33323757540936516,false,,0.3190243902439025,NOT_AVAILABLE_PIT,NOT_AVAILABLE_PIT,UNIVERSE_ELIGIBLE_ONLY,CALENDAR_YEAR_2020
BRFS3-0046,BRFS3,2020-06-30,2020-06-30,MOMENTUM_LOW_VOL,NOT_SCORABLE_BY_DETECTOR,INSUFFICIENT_HISTORY,,,,false,,0.3190243902439025,NOT_AVAILABLE_PIT,NOT_AVAILABLE_PIT,UNIVERSE_ELIGIBLE_ONLY,CALENDAR_YEAR_2020
BRFS3-0046,BRFS3,2020-06-30,2020-06-30,REVERSAL_21,EARLY_HIT,DETECTED,1,0.016666666666666666,-0.10081861266695391,true,1.0,0.3190243902439025,NOT_AVAILABLE_PIT,NOT_AVAILABLE_PIT,UNIVERSE_ELIGIBLE_ONLY,CALENDAR_YEAR_2020
BRFS3-0046,BRFS3,2020-06-30,2020-06-30,VOLUME_SURGE,MISS,RANK_TOO_LOW,56,0.9333333333333333,-0.026201610994828428,false,,0.3190243902439025,NOT_AVAILABLE_PIT,NOT_AVAILABLE_PIT,UNIVERSE_ELIGIBLE_ONLY,CALENDAR_YEAR_2020
BRFS3-0047,BRFS3,2020-09-30,2020-10-30,52W_HIGH,MISS,RANK_TOO_LOW,57,0.95,0.44962962962962966,false,,0.4694759589411128,NOT_AVAILABLE_PIT,NOT_AVAILABLE_PIT,UNIVERSE_ELIGIBLE_ONLY,CALENDAR_YEAR_2020
BRFS3-0047,BRFS3,2020-09-30,2020-10-30,LOW_VOL_252,MISS,RANK_TOO_LOW,35,0.5833333333333334,0.037869090872509586,false,,0.4694759589411128,NOT_AVAILABLE_PIT,NOT_AVAILABLE_PIT,UNIVERSE_ELIGIBLE_ONLY,CALENDAR_YEAR_2020
BRFS3-0047,BRFS3,2020-09-30,2020-10-30,MOMENTUM_12_1,MISS,RANK_TOO_LOW,59,0.9833333333333333,-0.5,false,,0.4694759589411128,NOT_AVAILABLE_PIT,NOT_AVAILABLE_PIT,UNIVERSE_ELIGIBLE_ONLY,CALENDAR_YEAR_2020
BRFS3-0047,BRFS3,2020-09-30,2020-10-30,MOMENTUM_6_1,MISS,RANK_TOO_LOW,26,0.43333333333333335,0.3728463128876638,false,,0.4694759589411128,NOT_AVAILABLE_PIT,NOT_AVAILABLE_PIT,UNIVERSE_ELIGIBLE_ONLY,CALENDAR_YEAR_2020
BRFS3-0047,BRFS3,2020-09-30,2020-10-30,MOMENTUM_LOW_VOL,NOT_SCORABLE_BY_DETECTOR,INSUFFICIENT_HISTORY,,,,false,,0.4694759589411128,NOT_AVAILABLE_PIT,NOT_AVAILABLE_PIT,UNIVERSE_ELIGIBLE_ONLY,CALENDAR_YEAR_2020
BRFS3-0047,BRFS3,2020-09-30,2020-10-30,REVERSAL_21,EARLY_HIT,DETECTED,35,0.5833333333333334,-0.08584337349397597,false,1.1237024221453291,0.4694759589411128,NOT_AVAILABLE_PIT,NOT_AVAILABLE_PIT,UNIVERSE_ELIGIBLE_ONLY,CALENDAR_YEAR_2020
BRFS3-0047,BRFS3,2020-09-30,2020-10-30,VOLUME_SURGE,MISS,RANK_TOO_LOW,36,0.6,-0.019673163357177392,false,,0.4694759589411128,NOT_AVAILABLE_PIT,NOT_AVAILABLE_PIT,UNIVERSE_ELIGIBLE_ONLY,CALENDAR_YEAR_2020
BRFS3-0048,BRFS3,2022-11-30,2024-01-31,52W_HIGH,LATE_HIT,DETECTED,55,0.9166666666666666,0.40444444444444444,false,0.0,0.7712952158693114,NOT_AVAILABLE_PIT,NOT_AVAILABLE_PIT,UNIVERSE_ELIGIBLE_ONLY,CALENDAR_YEAR_2022
BRFS3-0048,BRFS3,2022-11-30,2024-01-31,LOW_VOL_252,MISS,RANK_TOO_LOW,47,0.7833333333333333,0.03291707424010994,false,0.8184568835098337,0.7712952158693114,NOT_AVAILABLE_PIT,NOT_AVAILABLE_PIT,UNIVERSE_ELIGIBLE_ONLY,CALENDAR_YEAR_2022
BRFS3-0048,BRFS3,2022-11-30,2024-01-31,MOMENTUM_12_1,LATE_HIT,DETECTED,49,0.8166666666666667,-0.42810760667903525,false,0.29198184568835095,0.7712952158693114,NOT_AVAILABLE_PIT,NOT_AVAILABLE_PIT,UNIVERSE_ELIGIBLE_ONLY,CALENDAR_YEAR_2022
BRFS3-0048,BRFS3,2022-11-30,2024-01-31,MOMENTUM_6_1,EARLY_HIT,DETECTED,47,0.7833333333333333,-0.1807308970099668,false,0.924357034795764,0.7712952158693114,NOT_AVAILABLE_PIT,NOT_AVAILABLE_PIT,UNIVERSE_ELIGIBLE_ONLY,CALENDAR_YEAR_2022
BRFS3-0048,BRFS3,2022-11-30,2024-01-31,MOMENTUM_LOW_VOL,MISS,NO_SIGNAL,,,,false,0.8184568835098337,0.7712952158693114,NOT_AVAILABLE_PIT,NOT_AVAILABLE_PIT,UNIVERSE_ELIGIBLE_ONLY,CALENDAR_YEAR_2022
BRFS3-0048,BRFS3,2022-11-30,2024-01-31,REVERSAL_21,EARLY_HIT,DETECTED,12,0.2,-0.18815896188158965,true,1.0,0.7712952158693114,NOT_AVAILABLE_PIT,NOT_AVAILABLE_PIT,UNIVERSE_ELIGIBLE_ONLY,CALENDAR_YEAR_2022
BRFS3-0048,BRFS3,2022-11-30,2024-01-31,VOLUME_SURGE,EARLY_HIT,DETECTED,58,0.9666666666666667,-0.3071239713368753,false,0.8184568835098337,0.7712952158693114,NOT_AVAILABLE_PIT,NOT_AVAILABLE_PIT,UNIVERSE_ELIGIBLE_ONLY,CALENDAR_YEAR_2022
BRFS3-0049,BRFS3,2024-04-30,2024-04-30,52W_HIGH,BOUNDARY_UNCERTAIN_EXCLUDED,OUTCOME_UNCERTAINTY,6,0.1,0.9631284916201117,true,,0.34410532615200484,NOT_AVAILABLE_PIT,NOT_AVAILABLE_PIT,UNIVERSE_ELIGIBLE_ONLY,CALENDAR_YEAR_2024
BRFS3-0049,BRFS3,2024-04-30,2024-04-30,LOW_VOL_252,BOUNDARY_UNCERTAIN_EXCLUDED,OUTCOME_UNCERTAINTY,56,0.9333333333333333,0.03249735161377941,false,,0.34410532615200484,NOT_AVAILABLE_PIT,NOT_AVAILABLE_PIT,UNIVERSE_ELIGIBLE_ONLY,CALENDAR_YEAR_2024
BRFS3-0049,BRFS3,2024-04-30,2024-04-30,MOMENTUM_12_1,BOUNDARY_UNCERTAIN_EXCLUDED,OUTCOME_UNCERTAINTY,2,0.03333333333333333,1.7614213197969542,true,,0.34410532615200484,NOT_AVAILABLE_PIT,NOT_AVAILABLE_PIT,UNIVERSE_ELIGIBLE_ONLY,CALENDAR_YEAR_2024
BRFS3-0049,BRFS3,2024-04-30,2024-04-30,MOMENTUM_6_1,BOUNDARY_UNCERTAIN_EXCLUDED,OUTCOME_UNCERTAINTY,10,0.16666666666666666,0.47027027027027035,true,,0.34410532615200484,NOT_AVAILABLE_PIT,NOT_AVAILABLE_PIT,UNIVERSE_ELIGIBLE_ONLY,CALENDAR_YEAR_2024
BRFS3-0049,BRFS3,2024-04-30,2024-04-30,MOMENTUM_LOW_VOL,BOUNDARY_UNCERTAIN_EXCLUDED,OUTCOME_UNCERTAINTY,21,0.875,-0.03249735161377941,false,,0.34410532615200484,NOT_AVAILABLE_PIT,NOT_AVAILABLE_PIT,UNIVERSE_ELIGIBLE_ONLY,CALENDAR_YEAR_2024
BRFS3-0049,BRFS3,2024-04-30,2024-04-30,REVERSAL_21,BOUNDARY_UNCERTAIN_EXCLUDED,OUTCOME_UNCERTAINTY,58,0.9666666666666667,0.05637254901960764,false,,0.34410532615200484,NOT_AVAILABLE_PIT,NOT_AVAILABLE_PIT,UNIVERSE_ELIGIBLE_ONLY,CALENDAR_YEAR_2024
BRFS3-0049,BRFS3,2024-04-30,2024-04-30,VOLUME_SURGE,BOUNDARY_UNCERTAIN_EXCLUDED,OUTCOME_UNCERTAINTY,42,0.7,-0.12697406635462305,false,,0.34410532615200484,NOT_AVAILABLE_PIT,NOT_AVAILABLE_PIT,UNIVERSE_ELIGIBLE_ONLY,CALENDAR_YEAR_2024
BRKM5-0050,BRKM5,2017-01-31,2017-03-31,52W_HIGH,MISS,RANK_TOO_LOW,25,0.4166666666666667,0.9006040637012629,false,,0.5181620614715925,NOT_AVAILABLE_PIT,NOT_AVAILABLE_PIT,UNIVERSE_ELIGIBLE_ONLY,CALENDAR_YEAR_2017
BRKM5-0050,BRKM5,2017-01-31,2017-03-31,LOW_VOL_252,MISS,RANK_TOO_LOW,39,0.65,0.027490484387255213,false,,0.5181620614715925,NOT_AVAILABLE_PIT,NOT_AVAILABLE_PIT,UNIVERSE_ELIGIBLE_ONLY,CALENDAR_YEAR_2017
BRKM5-0050,BRKM5,2017-01-31,2017-03-31,MOMENTUM_12_1,MISS,RANK_TOO_LOW,29,0.48333333333333334,0.4461732548359967,false,,0.5181620614715925,NOT_AVAILABLE_PIT,NOT_AVAILABLE_PIT,UNIVERSE_ELIGIBLE_ONLY,CALENDAR_YEAR_2017
BRKM5-0050,BRKM5,2017-01-31,2017-03-31,MOMENTUM_6_1,EARLY_HIT,DETECTED,1,0.016666666666666666,0.8351120597652082,true,1.0,0.5181620614715925,NOT_AVAILABLE_PIT,NOT_AVAILABLE_PIT,UNIVERSE_ELIGIBLE_ONLY,CALENDAR_YEAR_2017
BRKM5-0050,BRKM5,2017-01-31,2017-03-31,MOMENTUM_LOW_VOL,MISS,NO_SIGNAL,,,,false,,0.5181620614715925,NOT_AVAILABLE_PIT,NOT_AVAILABLE_PIT,UNIVERSE_ELIGIBLE_ONLY,CALENDAR_YEAR_2017
BRKM5-0050,BRKM5,2017-01-31,2017-03-31,REVERSAL_21,EARLY_HIT,DETECTED,4,0.06666666666666667,-0.04623437045652812,true,1.0,0.5181620614715925,NOT_AVAILABLE_PIT,NOT_AVAILABLE_PIT,UNIVERSE_ELIGIBLE_ONLY,CALENDAR_YEAR_2017
BRKM5-0050,BRKM5,2017-01-31,2017-03-31,VOLUME_SURGE,MISS,RANK_TOO_LOW,27,0.45,-0.017287599015143096,false,,0.5181620614715925,NOT_AVAILABLE_PIT,NOT_AVAILABLE_PIT,UNIVERSE_ELIGIBLE_ONLY,CALENDAR_YEAR_2017
BRKM5-0051,BRKM5,2017-05-31,2017-09-29,52W_HIGH,BOUNDARY_UNCERTAIN_EXCLUDED,OUTCOME_UNCERTAINTY,16,0.26666666666666666,0.9335529928610653,false,,0.33392963625521777,NOT_AVAILABLE_PIT,NOT_AVAILABLE_PIT,UNIVERSE_ELIGIBLE_ONLY,CALENDAR_YEAR_2017
BRKM5-0051,BRKM5,2017-05-31,2017-09-29,LOW_VOL_252,BOUNDARY_UNCERTAIN_EXCLUDED,OUTCOME_UNCERTAINTY,37,0.6166666666666667,0.02447908325159818,false,,0.33392963625521777,NOT_AVAILABLE_PIT,NOT_AVAILABLE_PIT,UNIVERSE_ELIGIBLE_ONLY,CALENDAR_YEAR_2017
BRKM5-0051,BRKM5,2017-05-31,2017-09-29,MOMENTUM_12_1,BOUNDARY_UNCERTAIN_EXCLUDED,OUTCOME_UNCERTAINTY,14,0.23333333333333334,0.6195445920303606,false,,0.33392963625521777,NOT_AVAILABLE_PIT,NOT_AVAILABLE_PIT,UNIVERSE_ELIGIBLE_ONLY,CALENDAR_YEAR_2017
BRKM5-0051,BRKM5,2017-05-31,2017-09-29,MOMENTUM_6_1,BOUNDARY_UNCERTAIN_EXCLUDED,OUTCOME_UNCERTAINTY,13,0.21666666666666667,0.26585094549499444,false,,0.33392963625521777,NOT_AVAILABLE_PIT,NOT_AVAILABLE_PIT,UNIVERSE_ELIGIBLE_ONLY,CALENDAR_YEAR_2017
BRKM5-0051,BRKM5,2017-05-31,2017-09-29,MOMENTUM_LOW_VOL,BOUNDARY_UNCERTAIN_EXCLUDED,OUTCOME_UNCERTAINTY,9,0.375,-0.02447908325159818,false,,0.33392963625521777,NOT_AVAILABLE_PIT,NOT_AVAILABLE_PIT,UNIVERSE_ELIGIBLE_ONLY,CALENDAR_YEAR_2017
BRKM5-0051,BRKM5,2017-05-31,2017-09-29,REVERSAL_21,BOUNDARY_UNCERTAIN_EXCLUDED,OUTCOME_UNCERTAINTY,34,0.5666666666666667,-0.004100761570005829,false,,0.33392963625521777,NOT_AVAILABLE_PIT,NOT_AVAILABLE_PIT,UNIVERSE_ELIGIBLE_ONLY,CALENDAR_YEAR_2017
BRKM5-0051,BRKM5,2017-05-31,2017-09-29,VOLUME_SURGE,BOUNDARY_UNCERTAIN_EXCLUDED,OUTCOME_UNCERTAINTY,31,0.5166666666666667,0.26755980799415635,false,,0.33392963625521777,NOT_AVAILABLE_PIT,NOT_AVAILABLE_PIT,UNIVERSE_ELIGIBLE_ONLY,CALENDAR_YEAR_2017
BRML3-0052,BRML3,2018-06-29,2018-09-28,52W_HIGH,MISS,RANK_TOO_LOW,45,0.75,0.6434668417596848,false,,0.4420512820512821,NOT_AVAILABLE_PIT,NOT_AVAILABLE_PIT,UNIVERSE_ELIGIBLE_ONLY,CALENDAR_YEAR_2018
BRML3-0052,BRML3,2018-06-29,2018-09-28,LOW_VOL_252,MISS,RANK_TOO_LOW,21,0.35,0.017730627096049,false,,0.4420512820512821,NOT_AVAILABLE_PIT,NOT_AVAILABLE_PIT,UNIVERSE_ELIGIBLE_ONLY,CALENDAR_YEAR_2018
BRML3-0052,BRML3,2018-06-29,2018-09-28,MOMENTUM_12_1,MISS,RANK_TOO_LOW,53,0.8833333333333333,-0.18382352941176472,false,,0.4420512820512821,NOT_AVAILABLE_PIT,NOT_AVAILABLE_PIT,UNIVERSE_ELIGIBLE_ONLY,CALENDAR_YEAR_2018
BRML3-0052,BRML3,2018-06-29,2018-09-28,MOMENTUM_6_1,MISS,RANK_TOO_LOW,48,0.8,-0.20143884892086328,false,,0.4420512820512821,NOT_AVAILABLE_PIT,NOT_AVAILABLE_PIT,UNIVERSE_ELIGIBLE_ONLY,CALENDAR_YEAR_2018
BRML3-0052,BRML3,2018-06-29,2018-09-28,MOMENTUM_LOW_VOL,NOT_SCORABLE_BY_DETECTOR,INSUFFICIENT_HISTORY,,,,false,,0.4420512820512821,NOT_AVAILABLE_PIT,NOT_AVAILABLE_PIT,UNIVERSE_ELIGIBLE_ONLY,CALENDAR_YEAR_2018
BRML3-0052,BRML3,2018-06-29,2018-09-28,REVERSAL_21,MISS,RANK_TOO_LOW,40,0.6666666666666666,-0.019019019019018923,false,,0.4420512820512821,NOT_AVAILABLE_PIT,NOT_AVAILABLE_PIT,UNIVERSE_ELIGIBLE_ONLY,CALENDAR_YEAR_2018
BRML3-0052,BRML3,2018-06-29,2018-09-28,VOLUME_SURGE,MISS,RANK_TOO_LOW,42,0.7,0.0015301258902093995,false,,0.4420512820512821,NOT_AVAILABLE_PIT,NOT_AVAILABLE_PIT,UNIVERSE_ELIGIBLE_ONLY,CALENDAR_YEAR_2018
BRML3-0053,BRML3,2018-12-28,2018-12-28,52W_HIGH,EARLY_HIT,DETECTED,12,0.2,0.968421052631579,true,1.0,0.35364041604754815,NOT_AVAILABLE_PIT,NOT_AVAILABLE_PIT,UNIVERSE_ELIGIBLE_ONLY,CALENDAR_YEAR_2018
BRML3-0053,BRML3,2018-12-28,2018-12-28,LOW_VOL_252,MISS,RANK_TOO_LOW,18,0.3,0.020306580064952107,false,,0.35364041604754815,NOT_AVAILABLE_PIT,NOT_AVAILABLE_PIT,UNIVERSE_ELIGIBLE_ONLY,CALENDAR_YEAR_2018
BRML3-0053,BRML3,2018-12-28,2018-12-28,MOMENTUM_12_1,MISS,RANK_TOO_LOW,39,0.65,-0.012892828364222453,false,,0.35364041604754815,NOT_AVAILABLE_PIT,NOT_AVAILABLE_PIT,UNIVERSE_ELIGIBLE_ONLY,CALENDAR_YEAR_2018
BRML3-0053,BRML3,2018-12-28,2018-12-28,MOMENTUM_6_1,MISS,RANK_TOO_LOW,14,0.23333333333333334,0.34173055859802837,false,,0.35364041604754815,NOT_AVAILABLE_PIT,NOT_AVAILABLE_PIT,UNIVERSE_ELIGIBLE_ONLY,CALENDAR_YEAR_2018
BRML3-0053,BRML3,2018-12-28,2018-12-28,MOMENTUM_LOW_VOL,NOT_SCORABLE_BY_DETECTOR,INSUFFICIENT_HISTORY,,,,false,,0.35364041604754815,NOT_AVAILABLE_PIT,NOT_AVAILABLE_PIT,UNIVERSE_ELIGIBLE_ONLY,CALENDAR_YEAR_2018
BRML3-0053,BRML3,2018-12-28,2018-12-28,REVERSAL_21,MISS,RANK_TOO_LOW,42,0.7,0.0514285714285716,false,,0.35364041604754815,NOT_AVAILABLE_PIT,NOT_AVAILABLE_PIT,UNIVERSE_ELIGIBLE_ONLY,CALENDAR_YEAR_2018
BRML3-0053,BRML3,2018-12-28,2018-12-28,VOLUME_SURGE,MISS,RANK_TOO_LOW,14,0.23333333333333334,0.4155333234229286,false,,0.35364041604754815,NOT_AVAILABLE_PIT,NOT_AVAILABLE_PIT,UNIVERSE_ELIGIBLE_ONLY,CALENDAR_YEAR_2018
BRML3-0054,BRML3,2021-10-29,2021-10-29,52W_HIGH,BOUNDARY_UNCERTAIN_EXCLUDED,OUTCOME_UNCERTAINTY,47,0.7833333333333333,0.6,false,,0.373994638069705,NOT_AVAILABLE_PIT,NOT_AVAILABLE_PIT,UNIVERSE_ELIGIBLE_ONLY,CALENDAR_YEAR_2021
BRML3-0054,BRML3,2021-10-29,2021-10-29,LOW_VOL_252,BOUNDARY_UNCERTAIN_EXCLUDED,OUTCOME_UNCERTAINTY,30,0.5,0.024100959807137584,false,,0.373994638069705,NOT_AVAILABLE_PIT,NOT_AVAILABLE_PIT,UNIVERSE_ELIGIBLE_ONLY,CALENDAR_YEAR_2021
BRML3-0054,BRML3,2021-10-29,2021-10-29,MOMENTUM_12_1,BOUNDARY_UNCERTAIN_EXCLUDED,OUTCOME_UNCERTAINTY,47,0.7833333333333333,-0.1431513903192585,false,,0.373994638069705,NOT_AVAILABLE_PIT,NOT_AVAILABLE_PIT,UNIVERSE_ELIGIBLE_ONLY,CALENDAR_YEAR_2021
BRML3-0054,BRML3,2021-10-29,2021-10-29,MOMENTUM_6_1,BOUNDARY_UNCERTAIN_EXCLUDED,OUTCOME_UNCERTAINTY,40,0.6666666666666666,-0.1466666666666666,false,,0.373994638069705,NOT_AVAILABLE_PIT,NOT_AVAILABLE_PIT,UNIVERSE_ELIGIBLE_ONLY,CALENDAR_YEAR_2021
BRML3-0054,BRML3,2021-10-29,2021-10-29,MOMENTUM_LOW_VOL,BOUNDARY_UNCERTAIN_EXCLUDED,OUTCOME_UNCERTAINTY,,,,false,,0.373994638069705,NOT_AVAILABLE_PIT,NOT_AVAILABLE_PIT,UNIVERSE_ELIGIBLE_ONLY,CALENDAR_YEAR_2021
BRML3-0054,BRML3,2021-10-29,2021-10-29,REVERSAL_21,BOUNDARY_UNCERTAIN_EXCLUDED,OUTCOME_UNCERTAINTY,11,0.18333333333333332,-0.14903846153846156,true,,0.373994638069705,NOT_AVAILABLE_PIT,NOT_AVAILABLE_PIT,UNIVERSE_ELIGIBLE_ONLY,CALENDAR_YEAR_2021
BRML3-0054,BRML3,2021-10-29,2021-10-29,VOLUME_SURGE,BOUNDARY_UNCERTAIN_EXCLUDED,OUTCOME_UNCERTAINTY,25,0.4166666666666667,0.07202505912131096,false,,0.373994638069705,NOT_AVAILABLE_PIT,NOT_AVAILABLE_PIT,UNIVERSE_ELIGIBLE_ONLY,CALENDAR_YEAR_2021
BRSR6-0055,BRSR6,2018-05-30,2018-07-31,52W_HIGH,MISS,RANK_TOO_LOW,34,0.5666666666666667,0.7705607476635514,false,,0.40532544378698243,NOT_AVAILABLE_PIT,NOT_AVAILABLE_PIT,UNIVERSE_ELIGIBLE_ONLY,CALENDAR_YEAR_2018
BRSR6-0055,BRSR6,2018-05-30,2018-07-31,LOW_VOL_252,MISS,RANK_TOO_LOW,45,0.75,0.022411610934267676,false,,0.40532544378698243,NOT_AVAILABLE_PIT,NOT_AVAILABLE_PIT,UNIVERSE_ELIGIBLE_ONLY,CALENDAR_YEAR_2018
BRSR6-0055,BRSR6,2018-05-30,2018-07-31,MOMENTUM_12_1,MISS,RANK_TOO_LOW,14,0.23333333333333334,0.6721311475409837,false,,0.40532544378698243,NOT_AVAILABLE_PIT,NOT_AVAILABLE_PIT,UNIVERSE_ELIGIBLE_ONLY,CALENDAR_YEAR_2018
BRSR6-0055,BRSR6,2018-05-30,2018-07-31,MOMENTUM_6_1,EARLY_HIT,DETECTED,7,0.11666666666666667,0.40689655172413786,true,1.0,0.40532544378698243,NOT_AVAILABLE_PIT,NOT_AVAILABLE_PIT,UNIVERSE_ELIGIBLE_ONLY,CALENDAR_YEAR_2018
BRSR6-0055,BRSR6,2018-05-30,2018-07-31,MOMENTUM_LOW_VOL,MISS,RANK_TOO_LOW,17,0.7083333333333334,-0.022411610934267676,false,,0.40532544378698243,NOT_AVAILABLE_PIT,NOT_AVAILABLE_PIT,UNIVERSE_ELIGIBLE_ONLY,CALENDAR_YEAR_2018
BRSR6-0055,BRSR6,2018-05-30,2018-07-31,REVERSAL_21,EARLY_HIT,DETECTED,11,0.18333333333333332,-0.19166666666666665,true,1.0,0.40532544378698243,NOT_AVAILABLE_PIT,NOT_AVAILABLE_PIT,UNIVERSE_ELIGIBLE_ONLY,CALENDAR_YEAR_2018
BRSR6-0055,BRSR6,2018-05-30,2018-07-31,VOLUME_SURGE,MISS,RANK_TOO_LOW,44,0.7333333333333333,0.05749031603402588,false,,0.40532544378698243,NOT_AVAILABLE_PIT,NOT_AVAILABLE_PIT,UNIVERSE_ELIGIBLE_ONLY,CALENDAR_YEAR_2018
BTOW3-0056,BTOW3,2017-10-31,2018-04-30,52W_HIGH,MISS,RANK_TOO_LOW,48,0.8,0.8184651343981301,false,1.0,0.44449438202247205,NOT_AVAILABLE_PIT,NOT_AVAILABLE_PIT,UNIVERSE_ELIGIBLE_ONLY,CALENDAR_YEAR_2017
BTOW3-0056,BTOW3,2017-10-31,2018-04-30,LOW_VOL_252,MISS,RANK_TOO_LOW,60,1.0,0.03516040606628965,false,1.0,0.44449438202247205,NOT_AVAILABLE_PIT,NOT_AVAILABLE_PIT,UNIVERSE_ELIGIBLE_ONLY,CALENDAR_YEAR_2017
BTOW3-0056,BTOW3,2017-10-31,2018-04-30,MOMENTUM_12_1,EARLY_HIT,DETECTED,22,0.36666666666666664,0.20334928229665095,false,1.4076045627376426,0.44449438202247205,NOT_AVAILABLE_PIT,NOT_AVAILABLE_PIT,UNIVERSE_ELIGIBLE_ONLY,CALENDAR_YEAR_2017
BTOW3-0056,BTOW3,2017-10-31,2018-04-30,MOMENTUM_6_1,EARLY_HIT,DETECTED,6,0.1,0.4178999295278367,true,1.0,0.44449438202247205,NOT_AVAILABLE_PIT,NOT_AVAILABLE_PIT,UNIVERSE_ELIGIBLE_ONLY,CALENDAR_YEAR_2017
BTOW3-0056,BTOW3,2017-10-31,2018-04-30,MOMENTUM_LOW_VOL,MISS,RANK_TOO_LOW,24,1.0,-0.03516040606628965,false,1.0,0.44449438202247205,NOT_AVAILABLE_PIT,NOT_AVAILABLE_PIT,UNIVERSE_ELIGIBLE_ONLY,CALENDAR_YEAR_2017
BTOW3-0056,BTOW3,2017-10-31,2018-04-30,REVERSAL_21,EARLY_HIT,DETECTED,48,0.8,0.044234592445328014,false,1.4076045627376426,0.44449438202247205,NOT_AVAILABLE_PIT,NOT_AVAILABLE_PIT,UNIVERSE_ELIGIBLE_ONLY,CALENDAR_YEAR_2017
BTOW3-0056,BTOW3,2017-10-31,2018-04-30,VOLUME_SURGE,EARLY_HIT,DETECTED,2,0.03333333333333333,2.436018254438121,true,1.0,0.44449438202247205,NOT_AVAILABLE_PIT,NOT_AVAILABLE_PIT,UNIVERSE_ELIGIBLE_ONLY,CALENDAR_YEAR_2017
BTOW3-0057,BTOW3,2018-07-31,2019-01-31,52W_HIGH,EARLY_HIT,DETECTED,16,0.26666666666666666,0.8924663957486715,false,0.8478964401294499,0.3188908145580587,NOT_AVAILABLE_PIT,NOT_AVAILABLE_PIT,UNIVERSE_ELIGIBLE_ONLY,CALENDAR_YEAR_2018
BTOW3-0057,BTOW3,2018-07-31,2019-01-31,LOW_VOL_252,MISS,RANK_TOO_LOW,60,1.0,0.03601618382373165,false,1.135460009246417,0.3188908145580587,NOT_AVAILABLE_PIT,NOT_AVAILABLE_PIT,UNIVERSE_ELIGIBLE_ONLY,CALENDAR_YEAR_2018
BTOW3-0057,BTOW3,2018-07-31,2019-01-31,MOMENTUM_12_1,EARLY_HIT,DETECTED,3,0.05,1.0717131474103585,true,1.0,0.3188908145580587,NOT_AVAILABLE_PIT,NOT_AVAILABLE_PIT,UNIVERSE_ELIGIBLE_ONLY,CALENDAR_YEAR_2018
BTOW3-0057,BTOW3,2018-07-31,2019-01-31,MOMENTUM_6_1,EARLY_HIT,DETECTED,3,0.05,0.2757605495583906,true,1.0,0.3188908145580587,NOT_AVAILABLE_PIT,NOT_AVAILABLE_PIT,UNIVERSE_ELIGIBLE_ONLY,CALENDAR_YEAR_2018
BTOW3-0057,BTOW3,2018-07-31,2019-01-31,MOMENTUM_LOW_VOL,MISS,RANK_TOO_LOW,24,1.0,-0.03601618382373165,false,1.135460009246417,0.3188908145580587,NOT_AVAILABLE_PIT,NOT_AVAILABLE_PIT,UNIVERSE_ELIGIBLE_ONLY,CALENDAR_YEAR_2018
BTOW3-0057,BTOW3,2018-07-31,2019-01-31,REVERSAL_21,EARLY_HIT,DETECTED,30,0.5,0.09807692307692317,false,1.135460009246417,0.3188908145580587,NOT_AVAILABLE_PIT,NOT_AVAILABLE_PIT,UNIVERSE_ELIGIBLE_ONLY,CALENDAR_YEAR_2018
BTOW3-0057,BTOW3,2018-07-31,2019-01-31,VOLUME_SURGE,EARLY_HIT,DETECTED,39,0.65,-0.21427472873712572,false,1.135460009246417,0.3188908145580587,NOT_AVAILABLE_PIT,NOT_AVAILABLE_PIT,UNIVERSE_ELIGIBLE_ONLY,CALENDAR_YEAR_2018
BTOW3-0058,BTOW3,2019-04-30,2019-10-31,52W_HIGH,BOUNDARY_UNCERTAIN_EXCLUDED,OUTCOME_UNCERTAINTY,51,0.85,0.7450475435816165,false,,0.9904891304347827,NOT_AVAILABLE_PIT,NOT_AVAILABLE_PIT,UNIVERSE_ELIGIBLE_ONLY,CALENDAR_YEAR_2019
BTOW3-0058,BTOW3,2019-04-30,2019-10-31,LOW_VOL_252,BOUNDARY_UNCERTAIN_EXCLUDED,OUTCOME_UNCERTAINTY,59,0.9833333333333333,0.035335003300902126,false,,0.9904891304347827,NOT_AVAILABLE_PIT,NOT_AVAILABLE_PIT,UNIVERSE_ELIGIBLE_ONLY,CALENDAR_YEAR_2019
BTOW3-0058,BTOW3,2019-04-30,2019-10-31,MOMENTUM_12_1,BOUNDARY_UNCERTAIN_EXCLUDED,OUTCOME_UNCERTAINTY,4,0.06666666666666667,0.4728241563055062,true,,0.9904891304347827,NOT_AVAILABLE_PIT,NOT_AVAILABLE_PIT,UNIVERSE_ELIGIBLE_ONLY,CALENDAR_YEAR_2019
BTOW3-0058,BTOW3,2019-04-30,2019-10-31,MOMENTUM_6_1,BOUNDARY_UNCERTAIN_EXCLUDED,OUTCOME_UNCERTAINTY,23,0.38333333333333336,0.21086448598130847,false,,0.9904891304347827,NOT_AVAILABLE_PIT,NOT_AVAILABLE_PIT,UNIVERSE_ELIGIBLE_ONLY,CALENDAR_YEAR_2019
BTOW3-0058,BTOW3,2019-04-30,2019-10-31,MOMENTUM_LOW_VOL,BOUNDARY_UNCERTAIN_EXCLUDED,OUTCOME_UNCERTAINTY,24,1.0,-0.035335003300902126,false,,0.9904891304347827,NOT_AVAILABLE_PIT,NOT_AVAILABLE_PIT,UNIVERSE_ELIGIBLE_ONLY,CALENDAR_YEAR_2019
BTOW3-0058,BTOW3,2019-04-30,2019-10-31,REVERSAL_21,BOUNDARY_UNCERTAIN_EXCLUDED,OUTCOME_UNCERTAINTY,6,0.1,-0.09286058851905454,true,,0.9904891304347827,NOT_AVAILABLE_PIT,NOT_AVAILABLE_PIT,UNIVERSE_ELIGIBLE_ONLY,CALENDAR_YEAR_2019
BTOW3-0058,BTOW3,2019-04-30,2019-10-31,VOLUME_SURGE,BOUNDARY_UNCERTAIN_EXCLUDED,OUTCOME_UNCERTAINTY,24,0.4,0.10941098902203472,false,,0.9904891304347827,NOT_AVAILABLE_PIT,NOT_AVAILABLE_PIT,UNIVERSE_ELIGIBLE_ONLY,CALENDAR_YEAR_2019
BVMF3-0059,BVMF3,2017-01-31,2017-02-24,52W_HIGH,BOUNDARY_UNCERTAIN_EXCLUDED,OUTCOME_UNCERTAINTY,26,0.43333333333333335,0.8929798723613157,false,,0.41693635382955785,NOT_AVAILABLE_PIT,NOT_AVAILABLE_PIT,UNIVERSE_ELIGIBLE_ONLY,CALENDAR_YEAR_2017
BVMF3-0059,BVMF3,2017-01-31,2017-02-24,LOW_VOL_252,BOUNDARY_UNCERTAIN_EXCLUDED,OUTCOME_UNCERTAINTY,24,0.4,0.022469856342431323,false,,0.41693635382955785,NOT_AVAILABLE_PIT,NOT_AVAILABLE_PIT,UNIVERSE_ELIGIBLE_ONLY,CALENDAR_YEAR_2017
BVMF3-0059,BVMF3,2017-01-31,2017-02-24,MOMENTUM_12_1,BOUNDARY_UNCERTAIN_EXCLUDED,OUTCOME_UNCERTAINTY,19,0.31666666666666665,0.6081871345029239,false,,0.41693635382955785,NOT_AVAILABLE_PIT,NOT_AVAILABLE_PIT,UNIVERSE_ELIGIBLE_ONLY,CALENDAR_YEAR_2017
BVMF3-0059,BVMF3,2017-01-31,2017-02-24,MOMENTUM_6_1,BOUNDARY_UNCERTAIN_EXCLUDED,OUTCOME_UNCERTAINTY,51,0.85,-0.140625,false,,0.41693635382955785,NOT_AVAILABLE_PIT,NOT_AVAILABLE_PIT,UNIVERSE_ELIGIBLE_ONLY,CALENDAR_YEAR_2017
BVMF3-0059,BVMF3,2017-01-31,2017-02-24,MOMENTUM_LOW_VOL,BOUNDARY_UNCERTAIN_EXCLUDED,OUTCOME_UNCERTAINTY,9,0.375,-0.022469856342431323,false,,0.41693635382955785,NOT_AVAILABLE_PIT,NOT_AVAILABLE_PIT,UNIVERSE_ELIGIBLE_ONLY,CALENDAR_YEAR_2017
BVMF3-0059,BVMF3,2017-01-31,2017-02-24,REVERSAL_21,BOUNDARY_UNCERTAIN_EXCLUDED,OUTCOME_UNCERTAINTY,37,0.6166666666666667,0.10242424242424253,false,,0.41693635382955785,NOT_AVAILABLE_PIT,NOT_AVAILABLE_PIT,UNIVERSE_ELIGIBLE_ONLY,CALENDAR_YEAR_2017
BVMF3-0059,BVMF3,2017-01-31,2017-02-24,VOLUME_SURGE,BOUNDARY_UNCERTAIN_EXCLUDED,OUTCOME_UNCERTAINTY,14,0.23333333333333334,0.18771550088969224,false,,0.41693635382955785,NOT_AVAILABLE_PIT,NOT_AVAILABLE_PIT,UNIVERSE_ELIGIBLE_ONLY,CALENDAR_YEAR_2017
CBAV3-0060,CBAV3,2023-05-31,2025-07-31,52W_HIGH,MISS,RANK_TOO_LOW,60,1.0,0.3282489322757779,false,1.5776699029126209,0.3639846743295021,NOT_AVAILABLE_PIT,NOT_AVAILABLE_PIT,UNIVERSE_ELIGIBLE_ONLY,CALENDAR_YEAR_2023
CBAV3-0060,CBAV3,2023-05-31,2025-07-31,LOW_VOL_252,MISS,RANK_TOO_LOW,51,0.85,0.03694971582827562,false,1.5776699029126209,0.3639846743295021,NOT_AVAILABLE_PIT,NOT_AVAILABLE_PIT,UNIVERSE_ELIGIBLE_ONLY,CALENDAR_YEAR_2023
CBAV3-0060,CBAV3,2023-05-31,2025-07-31,MOMENTUM_12_1,EARLY_HIT,DETECTED,59,0.9833333333333333,-0.6589147286821706,false,1.3398058252427185,0.3639846743295021,NOT_AVAILABLE_PIT,NOT_AVAILABLE_PIT,UNIVERSE_ELIGIBLE_ONLY,CALENDAR_YEAR_2023
CBAV3-0060,CBAV3,2023-05-31,2025-07-31,MOMENTUM_6_1,EARLY_HIT,DETECTED,59,0.9833333333333333,-0.512014787430684,false,1.0145631067961163,0.3639846743295021,NOT_AVAILABLE_PIT,NOT_AVAILABLE_PIT,UNIVERSE_ELIGIBLE_ONLY,CALENDAR_YEAR_2023
CBAV3-0060,CBAV3,2023-05-31,2025-07-31,MOMENTUM_LOW_VOL,MISS,NO_SIGNAL,,,,false,1.5776699029126209,0.3639846743295021,NOT_AVAILABLE_PIT,NOT_AVAILABLE_PIT,UNIVERSE_ELIGIBLE_ONLY,CALENDAR_YEAR_2023
CBAV3-0060,CBAV3,2023-05-31,2025-07-31,REVERSAL_21,EARLY_HIT,DETECTED,18,0.3,0.01893939393939381,false,1.0728155339805823,0.3639846743295021,NOT_AVAILABLE_PIT,NOT_AVAILABLE_PIT,UNIVERSE_ELIGIBLE_ONLY,CALENDAR_YEAR_2023
CBAV3-0060,CBAV3,2023-05-31,2025-07-31,VOLUME_SURGE,EARLY_HIT,DETECTED,60,1.0,-0.4840144204795548,false,1.5776699029126209,0.3639846743295021,NOT_AVAILABLE_PIT,NOT_AVAILABLE_PIT,UNIVERSE_ELIGIBLE_ONLY,CALENDAR_YEAR_2023
CCRO3-0061,CCRO3,2018-06-29,2018-12-28,52W_HIGH,MISS,RANK_TOO_LOW,57,0.95,0.5187304890738814,false,,0.4143589743589742,NOT_AVAILABLE_PIT,NOT_AVAILABLE_PIT,UNIVERSE_ELIGIBLE_ONLY,CALENDAR_YEAR_2018
CCRO3-0061,CCRO3,2018-06-29,2018-12-28,LOW_VOL_252,MISS,RANK_TOO_LOW,27,0.45,0.01838046933892359,false,,0.4143589743589742,NOT_AVAILABLE_PIT,NOT_AVAILABLE_PIT,UNIVERSE_ELIGIBLE_ONLY,CALENDAR_YEAR_2018
CCRO3-0061,CCRO3,2018-06-29,2018-12-28,MOMENTUM_12_1,MISS,RANK_TOO_LOW,59,0.9833333333333333,-0.3927710843373494,false,,0.4143589743589742,NOT_AVAILABLE_PIT,NOT_AVAILABLE_PIT,UNIVERSE_ELIGIBLE_ONLY,CALENDAR_YEAR_2018
CCRO3-0061,CCRO3,2018-06-29,2018-12-28,MOMENTUM_6_1,MISS,RANK_TOO_LOW,58,0.9666666666666667,-0.36802507836990594,false,,0.4143589743589742,NOT_AVAILABLE_PIT,NOT_AVAILABLE_PIT,UNIVERSE_ELIGIBLE_ONLY,CALENDAR_YEAR_2018
CCRO3-0061,CCRO3,2018-06-29,2018-12-28,MOMENTUM_LOW_VOL,NOT_SCORABLE_BY_DETECTOR,INSUFFICIENT_HISTORY,,,,false,,0.4143589743589742,NOT_AVAILABLE_PIT,NOT_AVAILABLE_PIT,UNIVERSE_ELIGIBLE_ONLY,CALENDAR_YEAR_2018
CCRO3-0061,CCRO3,2018-06-29,2018-12-28,REVERSAL_21,EARLY_HIT,DETECTED,44,0.7333333333333333,-0.010912698412698374,false,1.0864406779661016,0.4143589743589742,NOT_AVAILABLE_PIT,NOT_AVAILABLE_PIT,UNIVERSE_ELIGIBLE_ONLY,CALENDAR_YEAR_2018
CCRO3-0061,CCRO3,2018-06-29,2018-12-28,VOLUME_SURGE,MISS,RANK_TOO_LOW,60,1.0,-0.28787826799650074,false,,0.4143589743589742,NOT_AVAILABLE_PIT,NOT_AVAILABLE_PIT,UNIVERSE_ELIGIBLE_ONLY,CALENDAR_YEAR_2018
CCRO3-0062,CCRO3,2022-12-29,2022-12-29,52W_HIGH,BOUNDARY_UNCERTAIN_EXCLUDED,OUTCOME_UNCERTAINTY,28,0.4666666666666667,0.7365554799183118,false,,0.35957240038872706,NOT_AVAILABLE_PIT,NOT_AVAILABLE_PIT,UNIVERSE_ELIGIBLE_ONLY,CALENDAR_YEAR_2022
CCRO3-0062,CCRO3,2022-12-29,2022-12-29,LOW_VOL_252,BOUNDARY_UNCERTAIN_EXCLUDED,OUTCOME_UNCERTAINTY,16,0.26666666666666666,0.02118473893082404,false,,0.35957240038872706,NOT_AVAILABLE_PIT,NOT_AVAILABLE_PIT,UNIVERSE_ELIGIBLE_ONLY,CALENDAR_YEAR_2022
CCRO3-0062,CCRO3,2022-12-29,2022-12-29,MOMENTUM_12_1,BOUNDARY_UNCERTAIN_EXCLUDED,OUTCOME_UNCERTAINTY,25,0.4166666666666667,-0.010942760942761032,false,,0.35957240038872706,NOT_AVAILABLE_PIT,NOT_AVAILABLE_PIT,UNIVERSE_ELIGIBLE_ONLY,CALENDAR_YEAR_2022
CCRO3-0062,CCRO3,2022-12-29,2022-12-29,MOMENTUM_6_1,BOUNDARY_UNCERTAIN_EXCLUDED,OUTCOME_UNCERTAINTY,45,0.75,-0.08346333853354138,false,,0.35957240038872706,NOT_AVAILABLE_PIT,NOT_AVAILABLE_PIT,UNIVERSE_ELIGIBLE_ONLY,CALENDAR_YEAR_2022
CCRO3-0062,CCRO3,2022-12-29,2022-12-29,MOMENTUM_LOW_VOL,BOUNDARY_UNCERTAIN_EXCLUDED,OUTCOME_UNCERTAINTY,,,,false,,0.35957240038872706,NOT_AVAILABLE_PIT,NOT_AVAILABLE_PIT,UNIVERSE_ELIGIBLE_ONLY,CALENDAR_YEAR_2022
CCRO3-0062,CCRO3,2022-12-29,2022-12-29,REVERSAL_21,BOUNDARY_UNCERTAIN_EXCLUDED,OUTCOME_UNCERTAINTY,12,0.2,-0.07914893617021279,true,,0.35957240038872706,NOT_AVAILABLE_PIT,NOT_AVAILABLE_PIT,UNIVERSE_ELIGIBLE_ONLY,CALENDAR_YEAR_2022
CCRO3-0062,CCRO3,2022-12-29,2022-12-29,VOLUME_SURGE,BOUNDARY_UNCERTAIN_EXCLUDED,OUTCOME_UNCERTAINTY,32,0.5333333333333333,-0.0815737386631381,false,,0.35957240038872706,NOT_AVAILABLE_PIT,NOT_AVAILABLE_PIT,UNIVERSE_ELIGIBLE_ONLY,CALENDAR_YEAR_2022
CEAB3-0063,CEAB3,2024-05-31,2024-09-30,52W_HIGH,MISS,RANK_TOO_LOW,33,0.55,0.7843450479233227,false,1.0,0.8619246861924685,NOT_AVAILABLE_PIT,NOT_AVAILABLE_PIT,UNIVERSE_ELIGIBLE_ONLY,CALENDAR_YEAR_2024
CEAB3-0063,CEAB3,2024-05-31,2024-09-30,LOW_VOL_252,MISS,RANK_TOO_LOW,60,1.0,0.04179371600090532,false,1.0,0.8619246861924685,NOT_AVAILABLE_PIT,NOT_AVAILABLE_PIT,UNIVERSE_ELIGIBLE_ONLY,CALENDAR_YEAR_2024
CEAB3-0063,CEAB3,2024-05-31,2024-09-30,MOMENTUM_12_1,EARLY_HIT,DETECTED,1,0.016666666666666666,1.6584821428571428,true,1.0,0.8619246861924685,NOT_AVAILABLE_PIT,NOT_AVAILABLE_PIT,UNIVERSE_ELIGIBLE_ONLY,CALENDAR_YEAR_2024
CEAB3-0063,CEAB3,2024-05-31,2024-09-30,MOMENTUM_6_1,EARLY_HIT,DETECTED,4,0.06666666666666667,0.5328185328185329,true,1.0,0.8619246861924685,NOT_AVAILABLE_PIT,NOT_AVAILABLE_PIT,UNIVERSE_ELIGIBLE_ONLY,CALENDAR_YEAR_2024
CEAB3-0063,CEAB3,2024-05-31,2024-09-30,MOMENTUM_LOW_VOL,MISS,RANK_TOO_LOW,24,1.0,-0.04179371600090532,false,1.0,0.8619246861924685,NOT_AVAILABLE_PIT,NOT_AVAILABLE_PIT,UNIVERSE_ELIGIBLE_ONLY,CALENDAR_YEAR_2024
CEAB3-0063,CEAB3,2024-05-31,2024-09-30,REVERSAL_21,EARLY_HIT,DETECTED,5,0.08333333333333333,-0.1754827875734677,true,1.0,0.8619246861924685,NOT_AVAILABLE_PIT,NOT_AVAILABLE_PIT,UNIVERSE_ELIGIBLE_ONLY,CALENDAR_YEAR_2024
CEAB3-0063,CEAB3,2024-05-31,2024-09-30,VOLUME_SURGE,EARLY_HIT,DETECTED,8,0.13333333333333333,0.38759318275461174,true,1.0,0.8619246861924685,NOT_AVAILABLE_PIT,NOT_AVAILABLE_PIT,UNIVERSE_ELIGIBLE_ONLY,CALENDAR_YEAR_2024
CEAB3-0064,CEAB3,2024-11-29,2024-12-30,52W_HIGH,MISS,RANK_TOO_LOW,34,0.5666666666666667,0.7516292541636496,false,1.0,0.6766698935140367,NOT_AVAILABLE_PIT,NOT_AVAILABLE_PIT,UNIVERSE_ELIGIBLE_ONLY,CALENDAR_YEAR_2024
CEAB3-0064,CEAB3,2024-11-29,2024-12-30,LOW_VOL_252,MISS,RANK_TOO_LOW,58,0.9666666666666667,0.03836313682437845,false,1.0,0.6766698935140367,NOT_AVAILABLE_PIT,NOT_AVAILABLE_PIT,UNIVERSE_ELIGIBLE_ONLY,CALENDAR_YEAR_2024
CEAB3-0064,CEAB3,2024-11-29,2024-12-30,MOMENTUM_12_1,EARLY_HIT,DETECTED,4,0.06666666666666667,0.6134020618556701,true,1.0,0.6766698935140367,NOT_AVAILABLE_PIT,NOT_AVAILABLE_PIT,UNIVERSE_ELIGIBLE_ONLY,CALENDAR_YEAR_2024
CEAB3-0064,CEAB3,2024-11-29,2024-12-30,MOMENTUM_6_1,EARLY_HIT,DETECTED,6,0.1,0.3096234309623429,true,1.0,0.6766698935140367,NOT_AVAILABLE_PIT,NOT_AVAILABLE_PIT,UNIVERSE_ELIGIBLE_ONLY,CALENDAR_YEAR_2024
CEAB3-0064,CEAB3,2024-11-29,2024-12-30,MOMENTUM_LOW_VOL,MISS,RANK_TOO_LOW,23,0.9583333333333334,-0.03836313682437845,false,1.0,0.6766698935140367,NOT_AVAILABLE_PIT,NOT_AVAILABLE_PIT,UNIVERSE_ELIGIBLE_ONLY,CALENDAR_YEAR_2024
CEAB3-0064,CEAB3,2024-11-29,2024-12-30,REVERSAL_21,EARLY_HIT,DETECTED,9,0.15,-0.17092651757188493,true,1.0,0.6766698935140367,NOT_AVAILABLE_PIT,NOT_AVAILABLE_PIT,UNIVERSE_ELIGIBLE_ONLY,CALENDAR_YEAR_2024
CEAB3-0064,CEAB3,2024-11-29,2024-12-30,VOLUME_SURGE,EARLY_HIT,DETECTED,1,0.016666666666666666,1.4883848981017667,true,1.0,0.6766698935140367,NOT_AVAILABLE_PIT,NOT_AVAILABLE_PIT,UNIVERSE_ELIGIBLE_ONLY,CALENDAR_YEAR_2024
CESP6-0065,CESP6,2017-10-31,2018-08-31,52W_HIGH,BOUNDARY_UNCERTAIN_EXCLUDED,OUTCOME_UNCERTAINTY,57,0.95,0.6721734641197727,false,,0.5322957198443581,NOT_AVAILABLE_PIT,NOT_AVAILABLE_PIT,UNIVERSE_ELIGIBLE_ONLY,CALENDAR_YEAR_2017
CESP6-0065,CESP6,2017-10-31,2018-08-31,LOW_VOL_252,BOUNDARY_UNCERTAIN_EXCLUDED,OUTCOME_UNCERTAINTY,29,0.48333333333333334,0.02094021271984477,false,,0.5322957198443581,NOT_AVAILABLE_PIT,NOT_AVAILABLE_PIT,UNIVERSE_ELIGIBLE_ONLY,CALENDAR_YEAR_2017
CESP6-0065,CESP6,2017-10-31,2018-08-31,MOMENTUM_12_1,BOUNDARY_UNCERTAIN_EXCLUDED,OUTCOME_UNCERTAINTY,48,0.8,-0.035278154681139706,false,,0.5322957198443581,NOT_AVAILABLE_PIT,NOT_AVAILABLE_PIT,UNIVERSE_ELIGIBLE_ONLY,CALENDAR_YEAR_2017
CESP6-0065,CESP6,2017-10-31,2018-08-31,MOMENTUM_6_1,BOUNDARY_UNCERTAIN_EXCLUDED,OUTCOME_UNCERTAINTY,60,1.0,-0.22295081967213115,false,,0.5322957198443581,NOT_AVAILABLE_PIT,NOT_AVAILABLE_PIT,UNIVERSE_ELIGIBLE_ONLY,CALENDAR_YEAR_2017
CESP6-0065,CESP6,2017-10-31,2018-08-31,MOMENTUM_LOW_VOL,BOUNDARY_UNCERTAIN_EXCLUDED,OUTCOME_UNCERTAINTY,,,,false,,0.5322957198443581,NOT_AVAILABLE_PIT,NOT_AVAILABLE_PIT,UNIVERSE_ELIGIBLE_ONLY,CALENDAR_YEAR_2017
CESP6-0065,CESP6,2017-10-31,2018-08-31,REVERSAL_21,BOUNDARY_UNCERTAIN_EXCLUDED,OUTCOME_UNCERTAINTY,2,0.03333333333333333,-0.08438818565400852,true,,0.5322957198443581,NOT_AVAILABLE_PIT,NOT_AVAILABLE_PIT,UNIVERSE_ELIGIBLE_ONLY,CALENDAR_YEAR_2017
CESP6-0065,CESP6,2017-10-31,2018-08-31,VOLUME_SURGE,BOUNDARY_UNCERTAIN_EXCLUDED,OUTCOME_UNCERTAINTY,56,0.9333333333333333,-0.23541915775368993,false,,0.5322957198443581,NOT_AVAILABLE_PIT,NOT_AVAILABLE_PIT,UNIVERSE_ELIGIBLE_ONLY,CALENDAR_YEAR_2017
CIEL3-0066,CIEL3,2021-08-31,2022-04-29,52W_HIGH,MISS,RANK_TOO_LOW,58,0.9666666666666667,0.5685884691848906,false,1.0987261146496814,0.9532374100719425,NOT_AVAILABLE_PIT,NOT_AVAILABLE_PIT,UNIVERSE_ELIGIBLE_ONLY,CALENDAR_YEAR_2021
CIEL3-0066,CIEL3,2021-08-31,2022-04-29,LOW_VOL_252,MISS,RANK_TOO_LOW,47,0.7833333333333333,0.026733166802723588,false,1.0987261146496814,0.9532374100719425,NOT_AVAILABLE_PIT,NOT_AVAILABLE_PIT,UNIVERSE_ELIGIBLE_ONLY,CALENDAR_YEAR_2021
CIEL3-0066,CIEL3,2021-08-31,2022-04-29,MOMENTUM_12_1,MISS,RANK_TOO_LOW,54,0.9,-0.3157894736842106,false,1.0987261146496814,0.9532374100719425,NOT_AVAILABLE_PIT,NOT_AVAILABLE_PIT,UNIVERSE_ELIGIBLE_ONLY,CALENDAR_YEAR_2021
CIEL3-0066,CIEL3,2021-08-31,2022-04-29,MOMENTUM_6_1,MISS,RANK_TOO_LOW,42,0.7,0.0,false,1.0987261146496814,0.9532374100719425,NOT_AVAILABLE_PIT,NOT_AVAILABLE_PIT,UNIVERSE_ELIGIBLE_ONLY,CALENDAR_YEAR_2021
CIEL3-0066,CIEL3,2021-08-31,2022-04-29,MOMENTUM_LOW_VOL,NOT_SCORABLE_BY_DETECTOR,INSUFFICIENT_HISTORY,,,,false,1.0987261146496814,0.9532374100719425,NOT_AVAILABLE_PIT,NOT_AVAILABLE_PIT,UNIVERSE_ELIGIBLE_ONLY,CALENDAR_YEAR_2021
CIEL3-0066,CIEL3,2021-08-31,2022-04-29,REVERSAL_21,EARLY_HIT,DETECTED,3,0.05,-0.15384615384615385,true,1.0,0.9532374100719425,NOT_AVAILABLE_PIT,NOT_AVAILABLE_PIT,UNIVERSE_ELIGIBLE_ONLY,CALENDAR_YEAR_2021
CIEL3-0066,CIEL3,2021-08-31,2022-04-29,VOLUME_SURGE,EARLY_HIT,DETECTED,57,0.95,-0.3839548944625738,false,1.0987261146496814,0.9532374100719425,NOT_AVAILABLE_PIT,NOT_AVAILABLE_PIT,UNIVERSE_ELIGIBLE_ONLY,CALENDAR_YEAR_2021
CIEL3-0067,CIEL3,2023-08-31,2023-08-31,52W_HIGH,BOUNDARY_UNCERTAIN_EXCLUDED,OUTCOME_UNCERTAINTY,49,0.8166666666666667,0.632279534109817,false,,0.5103626943005182,NOT_AVAILABLE_PIT,NOT_AVAILABLE_PIT,UNIVERSE_ELIGIBLE_ONLY,CALENDAR_YEAR_2023
CIEL3-0067,CIEL3,2023-08-31,2023-08-31,LOW_VOL_252,BOUNDARY_UNCERTAIN_EXCLUDED,OUTCOME_UNCERTAINTY,29,0.48333333333333334,0.023936926741177037,false,,0.5103626943005182,NOT_AVAILABLE_PIT,NOT_AVAILABLE_PIT,UNIVERSE_ELIGIBLE_ONLY,CALENDAR_YEAR_2023
CIEL3-0067,CIEL3,2023-08-31,2023-08-31,MOMENTUM_12_1,BOUNDARY_UNCERTAIN_EXCLUDED,OUTCOME_UNCERTAINTY,51,0.85,-0.20608108108108103,false,,0.5103626943005182,NOT_AVAILABLE_PIT,NOT_AVAILABLE_PIT,UNIVERSE_ELIGIBLE_ONLY,CALENDAR_YEAR_2023
CIEL3-0067,CIEL3,2023-08-31,2023-08-31,MOMENTUM_6_1,BOUNDARY_UNCERTAIN_EXCLUDED,OUTCOME_UNCERTAINTY,51,0.85,-0.010526315789473606,false,,0.5103626943005182,NOT_AVAILABLE_PIT,NOT_AVAILABLE_PIT,UNIVERSE_ELIGIBLE_ONLY,CALENDAR_YEAR_2023
CIEL3-0067,CIEL3,2023-08-31,2023-08-31,MOMENTUM_LOW_VOL,BOUNDARY_UNCERTAIN_EXCLUDED,OUTCOME_UNCERTAINTY,,,,false,,0.5103626943005182,NOT_AVAILABLE_PIT,NOT_AVAILABLE_PIT,UNIVERSE_ELIGIBLE_ONLY,CALENDAR_YEAR_2023
CIEL3-0067,CIEL3,2023-08-31,2023-08-31,REVERSAL_21,BOUNDARY_UNCERTAIN_EXCLUDED,OUTCOME_UNCERTAINTY,6,0.1,-0.19148936170212771,true,,0.5103626943005182,NOT_AVAILABLE_PIT,NOT_AVAILABLE_PIT,UNIVERSE_ELIGIBLE_ONLY,CALENDAR_YEAR_2023
CIEL3-0067,CIEL3,2023-08-31,2023-08-31,VOLUME_SURGE,BOUNDARY_UNCERTAIN_EXCLUDED,OUTCOME_UNCERTAINTY,12,0.2,0.174774769423385,true,,0.5103626943005182,NOT_AVAILABLE_PIT,NOT_AVAILABLE_PIT,UNIVERSE_ELIGIBLE_ONLY,CALENDAR_YEAR_2023
CMIG4-0068,CMIG4,2017-10-31,2018-09-28,52W_HIGH,MISS,RANK_TOO_LOW,58,0.9666666666666667,0.6695278969957081,false,1.0086206896551724,0.48313090418353566,NOT_AVAILABLE_PIT,NOT_AVAILABLE_PIT,UNIVERSE_ELIGIBLE_ONLY,CALENDAR_YEAR_2017
CMIG4-0068,CMIG4,2017-10-31,2018-09-28,LOW_VOL_252,MISS,RANK_TOO_LOW,54,0.9,0.030188125102438835,false,1.0086206896551724,0.48313090418353566,NOT_AVAILABLE_PIT,NOT_AVAILABLE_PIT,UNIVERSE_ELIGIBLE_ONLY,CALENDAR_YEAR_2017
CMIG4-0068,CMIG4,2017-10-31,2018-09-28,MOMENTUM_12_1,MISS,RANK_TOO_LOW,55,0.9166666666666666,-0.11147902869757176,false,1.0086206896551724,0.48313090418353566,NOT_AVAILABLE_PIT,NOT_AVAILABLE_PIT,UNIVERSE_ELIGIBLE_ONLY,CALENDAR_YEAR_2017
CMIG4-0068,CMIG4,2017-10-31,2018-09-28,MOMENTUM_6_1,EARLY_HIT,DETECTED,57,0.95,-0.13347685683530663,false,0.9935344827586207,0.48313090418353566,NOT_AVAILABLE_PIT,NOT_AVAILABLE_PIT,UNIVERSE_ELIGIBLE_ONLY,CALENDAR_YEAR_2017
CMIG4-0068,CMIG4,2017-10-31,2018-09-28,MOMENTUM_LOW_VOL,NOT_SCORABLE_BY_DETECTOR,INSUFFICIENT_HISTORY,,,,false,1.0086206896551724,0.48313090418353566,NOT_AVAILABLE_PIT,NOT_AVAILABLE_PIT,UNIVERSE_ELIGIBLE_ONLY,CALENDAR_YEAR_2017
CMIG4-0068,CMIG4,2017-10-31,2018-09-28,REVERSAL_21,EARLY_HIT,DETECTED,17,0.2833333333333333,-0.03105590062111807,false,1.1228448275862069,0.48313090418353566,NOT_AVAILABLE_PIT,NOT_AVAILABLE_PIT,UNIVERSE_ELIGIBLE_ONLY,CALENDAR_YEAR_2017
CMIG4-0068,CMIG4,2017-10-31,2018-09-28,VOLUME_SURGE,EARLY_HIT,DETECTED,38,0.6333333333333333,0.0038187412064731863,false,1.0086206896551724,0.48313090418353566,NOT_AVAILABLE_PIT,NOT_AVAILABLE_PIT,UNIVERSE_ELIGIBLE_ONLY,CALENDAR_YEAR_2017
CMIG4-0069,CMIG4,2020-03-31,2020-03-31,52W_HIGH,MISS,RANK_TOO_LOW,39,0.65,0.5704445835942391,false,,0.5148279952550414,NOT_AVAILABLE_PIT,NOT_AVAILABLE_PIT,UNIVERSE_ELIGIBLE_ONLY,CALENDAR_YEAR_2020
CMIG4-0069,CMIG4,2020-03-31,2020-03-31,LOW_VOL_252,MISS,RANK_TOO_LOW,21,0.35,0.0296332832588831,false,,0.5148279952550414,NOT_AVAILABLE_PIT,NOT_AVAILABLE_PIT,UNIVERSE_ELIGIBLE_ONLY,CALENDAR_YEAR_2020
CMIG4-0069,CMIG4,2020-03-31,2020-03-31,MOMENTUM_12_1,MISS,RANK_TOO_LOW,47,0.7833333333333333,-0.02103786816269282,false,,0.5148279952550414,NOT_AVAILABLE_PIT,NOT_AVAILABLE_PIT,UNIVERSE_ELIGIBLE_ONLY,CALENDAR_YEAR_2020
CMIG4-0069,CMIG4,2020-03-31,2020-03-31,MOMENTUM_6_1,MISS,RANK_TOO_LOW,42,0.7,-0.006405693950177871,false,,0.5148279952550414,NOT_AVAILABLE_PIT,NOT_AVAILABLE_PIT,UNIVERSE_ELIGIBLE_ONLY,CALENDAR_YEAR_2020
CMIG4-0069,CMIG4,2020-03-31,2020-03-31,MOMENTUM_LOW_VOL,NOT_SCORABLE_BY_DETECTOR,INSUFFICIENT_HISTORY,,,,false,,0.5148279952550414,NOT_AVAILABLE_PIT,NOT_AVAILABLE_PIT,UNIVERSE_ELIGIBLE_ONLY,CALENDAR_YEAR_2020
CMIG4-0069,CMIG4,2020-03-31,2020-03-31,REVERSAL_21,MISS,RANK_TOO_LOW,13,0.21666666666666667,-0.34742120343839544,false,,0.5148279952550414,NOT_AVAILABLE_PIT,NOT_AVAILABLE_PIT,UNIVERSE_ELIGIBLE_ONLY,CALENDAR_YEAR_2020
CMIG4-0069,CMIG4,2020-03-31,2020-03-31,VOLUME_SURGE,MISS,RANK_TOO_LOW,44,0.7333333333333333,0.41007489898565286,false,,0.5148279952550414,NOT_AVAILABLE_PIT,NOT_AVAILABLE_PIT,UNIVERSE_ELIGIBLE_ONLY,CALENDAR_YEAR_2020
CMIG4-0070,CMIG4,2020-09-30,2020-09-30,52W_HIGH,MISS,RANK_TOO_LOW,40,0.6666666666666666,0.6343143393863494,false,,0.3807205452775073,NOT_AVAILABLE_PIT,NOT_AVAILABLE_PIT,UNIVERSE_ELIGIBLE_ONLY,CALENDAR_YEAR_2020
CMIG4-0070,CMIG4,2020-09-30,2020-09-30,LOW_VOL_252,MISS,RANK_TOO_LOW,26,0.43333333333333335,0.034537401547758625,false,,0.3807205452775073,NOT_AVAILABLE_PIT,NOT_AVAILABLE_PIT,UNIVERSE_ELIGIBLE_ONLY,CALENDAR_YEAR_2020
CMIG4-0070,CMIG4,2020-09-30,2020-09-30,MOMENTUM_12_1,MISS,RANK_TOO_LOW,46,0.7666666666666667,-0.2192170818505338,false,,0.3807205452775073,NOT_AVAILABLE_PIT,NOT_AVAILABLE_PIT,UNIVERSE_ELIGIBLE_ONLY,CALENDAR_YEAR_2020
CMIG4-0070,CMIG4,2020-09-30,2020-09-30,MOMENTUM_6_1,MISS,RANK_TOO_LOW,35,0.5833333333333334,0.20417124039517032,false,,0.3807205452775073,NOT_AVAILABLE_PIT,NOT_AVAILABLE_PIT,UNIVERSE_ELIGIBLE_ONLY,CALENDAR_YEAR_2020
CMIG4-0070,CMIG4,2020-09-30,2020-09-30,MOMENTUM_LOW_VOL,NOT_SCORABLE_BY_DETECTOR,INSUFFICIENT_HISTORY,,,,false,,0.3807205452775073,NOT_AVAILABLE_PIT,NOT_AVAILABLE_PIT,UNIVERSE_ELIGIBLE_ONLY,CALENDAR_YEAR_2020
CMIG4-0070,CMIG4,2020-09-30,2020-09-30,REVERSAL_21,MISS,RANK_TOO_LOW,39,0.65,-0.07657247037374659,false,,0.3807205452775073,NOT_AVAILABLE_PIT,NOT_AVAILABLE_PIT,UNIVERSE_ELIGIBLE_ONLY,CALENDAR_YEAR_2020
CMIG4-0070,CMIG4,2020-09-30,2020-09-30,VOLUME_SURGE,MISS,RANK_TOO_LOW,34,0.5666666666666667,-0.011114129910590687,false,,0.3807205452775073,NOT_AVAILABLE_PIT,NOT_AVAILABLE_PIT,UNIVERSE_ELIGIBLE_ONLY,CALENDAR_YEAR_2020
CMIN3-0071,CMIN3,2022-09-30,2022-12-29,52W_HIGH,MISS,RANK_TOO_LOW,53,0.8833333333333333,0.4278145695364238,false,,0.3542857142857143,NOT_AVAILABLE_PIT,NOT_AVAILABLE_PIT,UNIVERSE_ELIGIBLE_ONLY,CALENDAR_YEAR_2022
CMIN3-0071,CMIN3,2022-09-30,2022-12-29,LOW_VOL_252,MISS,RANK_TOO_LOW,39,0.65,0.029878556635266916,false,,0.3542857142857143,NOT_AVAILABLE_PIT,NOT_AVAILABLE_PIT,UNIVERSE_ELIGIBLE_ONLY,CALENDAR_YEAR_2022
CMIN3-0071,CMIN3,2022-09-30,2022-12-29,MOMENTUM_12_1,MISS,RANK_TOO_LOW,51,0.85,-0.4226475279106857,false,,0.3542857142857143,NOT_AVAILABLE_PIT,NOT_AVAILABLE_PIT,UNIVERSE_ELIGIBLE_ONLY,CALENDAR_YEAR_2022
CMIN3-0071,CMIN3,2022-09-30,2022-12-29,MOMENTUM_6_1,MISS,RANK_TOO_LOW,55,0.9166666666666666,-0.3996683250414593,false,,0.3542857142857143,NOT_AVAILABLE_PIT,NOT_AVAILABLE_PIT,UNIVERSE_ELIGIBLE_ONLY,CALENDAR_YEAR_2022
CMIN3-0071,CMIN3,2022-09-30,2022-12-29,MOMENTUM_LOW_VOL,NOT_SCORABLE_BY_DETECTOR,INSUFFICIENT_HISTORY,,,,false,,0.3542857142857143,NOT_AVAILABLE_PIT,NOT_AVAILABLE_PIT,UNIVERSE_ELIGIBLE_ONLY,CALENDAR_YEAR_2022
CMIN3-0071,CMIN3,2022-09-30,2022-12-29,REVERSAL_21,MISS,RANK_TOO_LOW,14,0.23333333333333334,-0.10773480662983426,false,,0.3542857142857143,NOT_AVAILABLE_PIT,NOT_AVAILABLE_PIT,UNIVERSE_ELIGIBLE_ONLY,CALENDAR_YEAR_2022
CMIN3-0071,CMIN3,2022-09-30,2022-12-29,VOLUME_SURGE,MISS,RANK_TOO_LOW,54,0.9,-0.258919782788708,false,,0.3542857142857143,NOT_AVAILABLE_PIT,NOT_AVAILABLE_PIT,UNIVERSE_ELIGIBLE_ONLY,CALENDAR_YEAR_2022
CMIN3-0072,CMIN3,2023-06-30,2023-06-30,52W_HIGH,MISS,RANK_TOO_LOW,38,0.6333333333333333,0.797752808988764,false,,0.30969267139479895,NOT_AVAILABLE_PIT,NOT_AVAILABLE_PIT,UNIVERSE_ELIGIBLE_ONLY,CALENDAR_YEAR_2023
CMIN3-0072,CMIN3,2023-06-30,2023-06-30,LOW_VOL_252,MISS,RANK_TOO_LOW,34,0.5666666666666667,0.02752490914511588,false,,0.30969267139479895,NOT_AVAILABLE_PIT,NOT_AVAILABLE_PIT,UNIVERSE_ELIGIBLE_ONLY,CALENDAR_YEAR_2023
CMIN3-0072,CMIN3,2023-06-30,2023-06-30,MOMENTUM_12_1,MISS,RANK_TOO_LOW,30,0.5,0.049645390070921946,false,,0.30969267139479895,NOT_AVAILABLE_PIT,NOT_AVAILABLE_PIT,UNIVERSE_ELIGIBLE_ONLY,CALENDAR_YEAR_2023
CMIN3-0072,CMIN3,2023-06-30,2023-06-30,MOMENTUM_6_1,MISS,RANK_TOO_LOW,24,0.4,0.1017369727047146,false,,0.30969267139479895,NOT_AVAILABLE_PIT,NOT_AVAILABLE_PIT,UNIVERSE_ELIGIBLE_ONLY,CALENDAR_YEAR_2023
CMIN3-0072,CMIN3,2023-06-30,2023-06-30,MOMENTUM_LOW_VOL,NOT_SCORABLE_BY_DETECTOR,INSUFFICIENT_HISTORY,,,,false,,0.30969267139479895,NOT_AVAILABLE_PIT,NOT_AVAILABLE_PIT,UNIVERSE_ELIGIBLE_ONLY,CALENDAR_YEAR_2023
CMIN3-0072,CMIN3,2023-06-30,2023-06-30,REVERSAL_21,EARLY_HIT,DETECTED,5,0.08333333333333333,-0.04054054054054068,true,1.0,0.30969267139479895,NOT_AVAILABLE_PIT,NOT_AVAILABLE_PIT,UNIVERSE_ELIGIBLE_ONLY,CALENDAR_YEAR_2023
CMIN3-0072,CMIN3,2023-06-30,2023-06-30,VOLUME_SURGE,MISS,RANK_TOO_LOW,24,0.4,0.20016218954426468,false,,0.30969267139479895,NOT_AVAILABLE_PIT,NOT_AVAILABLE_PIT,UNIVERSE_ELIGIBLE_ONLY,CALENDAR_YEAR_2023
CMIN3-0073,CMIN3,2023-08-31,2023-09-29,52W_HIGH,MISS,RANK_TOO_LOW,36,0.6,0.8146067415730337,false,,0.3027522935779814,NOT_AVAILABLE_PIT,NOT_AVAILABLE_PIT,UNIVERSE_ELIGIBLE_ONLY,CALENDAR_YEAR_2023
CMIN3-0073,CMIN3,2023-08-31,2023-09-29,LOW_VOL_252,MISS,RANK_TOO_LOW,34,0.5666666666666667,0.02602115000113976,false,,0.3027522935779814,NOT_AVAILABLE_PIT,NOT_AVAILABLE_PIT,UNIVERSE_ELIGIBLE_ONLY,CALENDAR_YEAR_2023
CMIN3-0073,CMIN3,2023-08-31,2023-09-29,MOMENTUM_12_1,EARLY_HIT,DETECTED,22,0.36666666666666664,0.14583333333333348,false,0.8815426997245179,0.3027522935779814,NOT_AVAILABLE_PIT,NOT_AVAILABLE_PIT,UNIVERSE_ELIGIBLE_ONLY,CALENDAR_YEAR_2023
CMIN3-0073,CMIN3,2023-08-31,2023-09-29,MOMENTUM_6_1,MISS,RANK_TOO_LOW,54,0.9,-0.07949790794979072,false,,0.3027522935779814,NOT_AVAILABLE_PIT,NOT_AVAILABLE_PIT,UNIVERSE_ELIGIBLE_ONLY,CALENDAR_YEAR_2023
CMIN3-0073,CMIN3,2023-08-31,2023-09-29,MOMENTUM_LOW_VOL,MISS,RANK_TOO_LOW,15,0.625,-0.02602115000113976,false,,0.3027522935779814,NOT_AVAILABLE_PIT,NOT_AVAILABLE_PIT,UNIVERSE_ELIGIBLE_ONLY,CALENDAR_YEAR_2023
CMIN3-0073,CMIN3,2023-08-31,2023-09-29,REVERSAL_21,MISS,RANK_TOO_LOW,43,0.7166666666666667,-0.011363636363636576,false,,0.3027522935779814,NOT_AVAILABLE_PIT,NOT_AVAILABLE_PIT,UNIVERSE_ELIGIBLE_ONLY,CALENDAR_YEAR_2023
CMIN3-0073,CMIN3,2023-08-31,2023-09-29,VOLUME_SURGE,MISS,RANK_TOO_LOW,54,0.9,-0.3077886814040788,false,,0.3027522935779814,NOT_AVAILABLE_PIT,NOT_AVAILABLE_PIT,UNIVERSE_ELIGIBLE_ONLY,CALENDAR_YEAR_2023
COGN3-0074,COGN3,2022-06-30,2022-07-29,52W_HIGH,MISS,RANK_TOO_LOW,47,0.7833333333333333,0.4505263157894737,false,,0.5825242718446602,NOT_AVAILABLE_PIT,NOT_AVAILABLE_PIT,UNIVERSE_ELIGIBLE_ONLY,CALENDAR_YEAR_2022
COGN3-0074,COGN3,2022-06-30,2022-07-29,LOW_VOL_252,MISS,RANK_TOO_LOW,58,0.9666666666666667,0.03559424409641018,false,,0.5825242718446602,NOT_AVAILABLE_PIT,NOT_AVAILABLE_PIT,UNIVERSE_ELIGIBLE_ONLY,CALENDAR_YEAR_2022
COGN3-0074,COGN3,2022-06-30,2022-07-29,MOMENTUM_12_1,MISS,RANK_TOO_LOW,49,0.8166666666666667,-0.4357894736842105,false,,0.5825242718446602,NOT_AVAILABLE_PIT,NOT_AVAILABLE_PIT,UNIVERSE_ELIGIBLE_ONLY,CALENDAR_YEAR_2022
COGN3-0074,COGN3,2022-06-30,2022-07-29,MOMENTUM_6_1,MISS,RANK_TOO_LOW,14,0.23333333333333334,0.1166666666666667,false,,0.5825242718446602,NOT_AVAILABLE_PIT,NOT_AVAILABLE_PIT,UNIVERSE_ELIGIBLE_ONLY,CALENDAR_YEAR_2022
COGN3-0074,COGN3,2022-06-30,2022-07-29,MOMENTUM_LOW_VOL,NOT_SCORABLE_BY_DETECTOR,INSUFFICIENT_HISTORY,,,,false,,0.5825242718446602,NOT_AVAILABLE_PIT,NOT_AVAILABLE_PIT,UNIVERSE_ELIGIBLE_ONLY,CALENDAR_YEAR_2022
COGN3-0074,COGN3,2022-06-30,2022-07-29,REVERSAL_21,EARLY_HIT,DETECTED,12,0.2,-0.20149253731343286,true,1.0,0.5825242718446602,NOT_AVAILABLE_PIT,NOT_AVAILABLE_PIT,UNIVERSE_ELIGIBLE_ONLY,CALENDAR_YEAR_2022
COGN3-0074,COGN3,2022-06-30,2022-07-29,VOLUME_SURGE,MISS,RANK_TOO_LOW,44,0.7333333333333333,-0.32231809747977247,false,,0.5825242718446602,NOT_AVAILABLE_PIT,NOT_AVAILABLE_PIT,UNIVERSE_ELIGIBLE_ONLY,CALENDAR_YEAR_2022
COGN3-0075,COGN3,2022-11-30,2022-12-29,52W_HIGH,MISS,RANK_TOO_LOW,36,0.6,0.6797583081570997,false,1.0,0.49545454545454537,NOT_AVAILABLE_PIT,NOT_AVAILABLE_PIT,UNIVERSE_ELIGIBLE_ONLY,CALENDAR_YEAR_2022
COGN3-0075,COGN3,2022-11-30,2022-12-29,LOW_VOL_252,MISS,RANK_TOO_LOW,52,0.8666666666666667,0.03591911012424002,false,1.0,0.49545454545454537,NOT_AVAILABLE_PIT,NOT_AVAILABLE_PIT,UNIVERSE_ELIGIBLE_ONLY,CALENDAR_YEAR_2022
COGN3-0075,COGN3,2022-11-30,2022-12-29,MOMENTUM_12_1,EARLY_HIT,DETECTED,12,0.2,0.20799999999999996,true,1.0,0.49545454545454537,NOT_AVAILABLE_PIT,NOT_AVAILABLE_PIT,UNIVERSE_ELIGIBLE_ONLY,CALENDAR_YEAR_2022
COGN3-0075,COGN3,2022-11-30,2022-12-29,MOMENTUM_6_1,EARLY_HIT,DETECTED,12,0.2,0.12686567164179108,true,1.0,0.49545454545454537,NOT_AVAILABLE_PIT,NOT_AVAILABLE_PIT,UNIVERSE_ELIGIBLE_ONLY,CALENDAR_YEAR_2022
COGN3-0075,COGN3,2022-11-30,2022-12-29,MOMENTUM_LOW_VOL,MISS,RANK_TOO_LOW,24,1.0,-0.03591911012424002,false,1.0,0.49545454545454537,NOT_AVAILABLE_PIT,NOT_AVAILABLE_PIT,UNIVERSE_ELIGIBLE_ONLY,CALENDAR_YEAR_2022
COGN3-0075,COGN3,2022-11-30,2022-12-29,REVERSAL_21,EARLY_HIT,DETECTED,4,0.06666666666666667,-0.2549668874172185,true,1.0,0.49545454545454537,NOT_AVAILABLE_PIT,NOT_AVAILABLE_PIT,UNIVERSE_ELIGIBLE_ONLY,CALENDAR_YEAR_2022
COGN3-0075,COGN3,2022-11-30,2022-12-29,VOLUME_SURGE,EARLY_HIT,DETECTED,12,0.2,0.3935229040501764,true,1.0,0.49545454545454537,NOT_AVAILABLE_PIT,NOT_AVAILABLE_PIT,UNIVERSE_ELIGIBLE_ONLY,CALENDAR_YEAR_2022
COGN3-0076,COGN3,2023-02-28,2023-02-28,52W_HIGH,MISS,RANK_TOO_LOW,38,0.6333333333333333,0.6314199395770392,false,,0.30000000000000004,NOT_AVAILABLE_PIT,NOT_AVAILABLE_PIT,UNIVERSE_ELIGIBLE_ONLY,CALENDAR_YEAR_2023
COGN3-0076,COGN3,2023-02-28,2023-02-28,LOW_VOL_252,MISS,RANK_TOO_LOW,50,0.8333333333333334,0.03448597314910441,false,,0.30000000000000004,NOT_AVAILABLE_PIT,NOT_AVAILABLE_PIT,UNIVERSE_ELIGIBLE_ONLY,CALENDAR_YEAR_2023
COGN3-0076,COGN3,2023-02-28,2023-02-28,MOMENTUM_12_1,MISS,RANK_TOO_LOW,29,0.48333333333333334,-0.08230452674897126,false,,0.30000000000000004,NOT_AVAILABLE_PIT,NOT_AVAILABLE_PIT,UNIVERSE_ELIGIBLE_ONLY,CALENDAR_YEAR_2023
COGN3-0076,COGN3,2023-02-28,2023-02-28,MOMENTUM_6_1,MISS,RANK_TOO_LOW,39,0.65,-0.13229571984435795,false,,0.30000000000000004,NOT_AVAILABLE_PIT,NOT_AVAILABLE_PIT,UNIVERSE_ELIGIBLE_ONLY,CALENDAR_YEAR_2023
COGN3-0076,COGN3,2023-02-28,2023-02-28,MOMENTUM_LOW_VOL,NOT_SCORABLE_BY_DETECTOR,INSUFFICIENT_HISTORY,,,,false,,0.30000000000000004,NOT_AVAILABLE_PIT,NOT_AVAILABLE_PIT,UNIVERSE_ELIGIBLE_ONLY,CALENDAR_YEAR_2023
COGN3-0076,COGN3,2023-02-28,2023-02-28,REVERSAL_21,MISS,RANK_TOO_LOW,36,0.6,-0.06278026905829603,false,,0.30000000000000004,NOT_AVAILABLE_PIT,NOT_AVAILABLE_PIT,UNIVERSE_ELIGIBLE_ONLY,CALENDAR_YEAR_2023
COGN3-0076,COGN3,2023-02-28,2023-02-28,VOLUME_SURGE,MISS,RANK_TOO_LOW,55,0.9166666666666666,-0.33155765824365246,false,,0.30000000000000004,NOT_AVAILABLE_PIT,NOT_AVAILABLE_PIT,UNIVERSE_ELIGIBLE_ONLY,CALENDAR_YEAR_2023
COGN3-0077,COGN3,2024-05-31,2025-03-31,52W_HIGH,MISS,RANK_TOO_LOW,55,0.9166666666666666,0.5397727272727273,false,1.2519685039370076,0.6010638297872339,NOT_AVAILABLE_PIT,NOT_AVAILABLE_PIT,UNIVERSE_ELIGIBLE_ONLY,CALENDAR_YEAR_2024
COGN3-0077,COGN3,2024-05-31,2025-03-31,LOW_VOL_252,MISS,RANK_TOO_LOW,51,0.85,0.027970276105147723,false,1.2519685039370076,0.6010638297872339,NOT_AVAILABLE_PIT,NOT_AVAILABLE_PIT,UNIVERSE_ELIGIBLE_ONLY,CALENDAR_YEAR_2024
COGN3-0077,COGN3,2024-05-31,2025-03-31,MOMENTUM_12_1,MISS,RANK_TOO_LOW,49,0.8166666666666667,-0.17582417582417587,false,1.2519685039370076,0.6010638297872339,NOT_AVAILABLE_PIT,NOT_AVAILABLE_PIT,UNIVERSE_ELIGIBLE_ONLY,CALENDAR_YEAR_2024
COGN3-0077,COGN3,2024-05-31,2025-03-31,MOMENTUM_6_1,EARLY_HIT,DETECTED,56,0.9333333333333333,-0.22945205479452058,false,0.779527559055118,0.6010638297872339,NOT_AVAILABLE_PIT,NOT_AVAILABLE_PIT,UNIVERSE_ELIGIBLE_ONLY,CALENDAR_YEAR_2024
COGN3-0077,COGN3,2024-05-31,2025-03-31,MOMENTUM_LOW_VOL,NOT_SCORABLE_BY_DETECTOR,INSUFFICIENT_HISTORY,,,,false,1.2519685039370076,0.6010638297872339,NOT_AVAILABLE_PIT,NOT_AVAILABLE_PIT,UNIVERSE_ELIGIBLE_ONLY,CALENDAR_YEAR_2024
COGN3-0077,COGN3,2024-05-31,2025-03-31,REVERSAL_21,EARLY_HIT,DETECTED,7,0.11666666666666667,-0.15555555555555556,true,1.0,0.6010638297872339,NOT_AVAILABLE_PIT,NOT_AVAILABLE_PIT,UNIVERSE_ELIGIBLE_ONLY,CALENDAR_YEAR_2024
COGN3-0077,COGN3,2024-05-31,2025-03-31,VOLUME_SURGE,EARLY_HIT,DETECTED,39,0.65,-0.1120055984800763,false,1.2519685039370076,0.6010638297872339,NOT_AVAILABLE_PIT,NOT_AVAILABLE_PIT,UNIVERSE_ELIGIBLE_ONLY,CALENDAR_YEAR_2024
CPFE3-0078,CPFE3,2017-11-30,2018-01-31,52W_HIGH,MISS,RANK_TOO_LOW,22,0.36666666666666664,0.9152787834902245,false,,0.34365634365634357,NOT_AVAILABLE_PIT,NOT_AVAILABLE_PIT,UNIVERSE_ELIGIBLE_ONLY,CALENDAR_YEAR_2017
CPFE3-0078,CPFE3,2017-11-30,2018-01-31,LOW_VOL_252,EARLY_HIT,DETECTED,1,0.016666666666666666,0.005137968305277377,true,1.0,0.34365634365634357,NOT_AVAILABLE_PIT,NOT_AVAILABLE_PIT,UNIVERSE_ELIGIBLE_ONLY,CALENDAR_YEAR_2017
CPFE3-0078,CPFE3,2017-11-30,2018-01-31,MOMENTUM_12_1,MISS,RANK_TOO_LOW,41,0.6833333333333333,0.13371853074700768,false,,0.34365634365634357,NOT_AVAILABLE_PIT,NOT_AVAILABLE_PIT,UNIVERSE_ELIGIBLE_ONLY,CALENDAR_YEAR_2017
CPFE3-0078,CPFE3,2017-11-30,2018-01-31,MOMENTUM_6_1,MISS,RANK_TOO_LOW,49,0.8166666666666667,0.0456794822992006,false,,0.34365634365634357,NOT_AVAILABLE_PIT,NOT_AVAILABLE_PIT,UNIVERSE_ELIGIBLE_ONLY,CALENDAR_YEAR_2017
CPFE3-0078,CPFE3,2017-11-30,2018-01-31,MOMENTUM_LOW_VOL,NOT_SCORABLE_BY_DETECTOR,INSUFFICIENT_HISTORY,,,,false,,0.34365634365634357,NOT_AVAILABLE_PIT,NOT_AVAILABLE_PIT,UNIVERSE_ELIGIBLE_ONLY,CALENDAR_YEAR_2017
CPFE3-0078,CPFE3,2017-11-30,2018-01-31,REVERSAL_21,EARLY_HIT,DETECTED,16,0.26666666666666666,-0.07972333454677827,false,1.0822873082287308,0.34365634365634357,NOT_AVAILABLE_PIT,NOT_AVAILABLE_PIT,UNIVERSE_ELIGIBLE_ONLY,CALENDAR_YEAR_2017
CPFE3-0078,CPFE3,2017-11-30,2018-01-31,VOLUME_SURGE,MISS,RANK_TOO_LOW,19,0.31666666666666665,0.2659530246244539,false,,0.34365634365634357,NOT_AVAILABLE_PIT,NOT_AVAILABLE_PIT,UNIVERSE_ELIGIBLE_ONLY,CALENDAR_YEAR_2017
CPFE3-0079,CPFE3,2021-08-31,2021-08-31,52W_HIGH,MISS,RANK_TOO_LOW,18,0.3,0.8590882178804026,false,,0.30062021160160524,NOT_AVAILABLE_PIT,NOT_AVAILABLE_PIT,UNIVERSE_ELIGIBLE_ONLY,CALENDAR_YEAR_2021
CPFE3-0079,CPFE3,2021-08-31,2021-08-31,LOW_VOL_252,EARLY_HIT,DETECTED,10,0.16666666666666666,0.018434028430520312,true,1.0,0.30062021160160524,NOT_AVAILABLE_PIT,NOT_AVAILABLE_PIT,UNIVERSE_ELIGIBLE_ONLY,CALENDAR_YEAR_2021
CPFE3-0079,CPFE3,2021-08-31,2021-08-31,MOMENTUM_12_1,MISS,RANK_TOO_LOW,47,0.7833333333333333,-0.1414038657171922,false,,0.30062021160160524,NOT_AVAILABLE_PIT,NOT_AVAILABLE_PIT,UNIVERSE_ELIGIBLE_ONLY,CALENDAR_YEAR_2021
CPFE3-0079,CPFE3,2021-08-31,2021-08-31,MOMENTUM_6_1,MISS,RANK_TOO_LOW,51,0.85,-0.09732620320855612,false,,0.30062021160160524,NOT_AVAILABLE_PIT,NOT_AVAILABLE_PIT,UNIVERSE_ELIGIBLE_ONLY,CALENDAR_YEAR_2021
CPFE3-0079,CPFE3,2021-08-31,2021-08-31,MOMENTUM_LOW_VOL,NOT_SCORABLE_BY_DETECTOR,INSUFFICIENT_HISTORY,,,,false,,0.30062021160160524,NOT_AVAILABLE_PIT,NOT_AVAILABLE_PIT,UNIVERSE_ELIGIBLE_ONLY,CALENDAR_YEAR_2021
CPFE3-0079,CPFE3,2021-08-31,2021-08-31,REVERSAL_21,MISS,RANK_TOO_LOW,58,0.9666666666666667,0.14612954186413907,false,,0.30062021160160524,NOT_AVAILABLE_PIT,NOT_AVAILABLE_PIT,UNIVERSE_ELIGIBLE_ONLY,CALENDAR_YEAR_2021
CPFE3-0079,CPFE3,2021-08-31,2021-08-31,VOLUME_SURGE,MISS,RANK_TOO_LOW,21,0.35,-0.017296513115765855,false,,0.30062021160160524,NOT_AVAILABLE_PIT,NOT_AVAILABLE_PIT,UNIVERSE_ELIGIBLE_ONLY,CALENDAR_YEAR_2021
CPFE3-0080,CPFE3,2021-10-29,2021-10-29,52W_HIGH,MISS,RANK_TOO_LOW,17,0.2833333333333333,0.7649496743635287,false,,0.36084452975047987,NOT_AVAILABLE_PIT,NOT_AVAILABLE_PIT,UNIVERSE_ELIGIBLE_ONLY,CALENDAR_YEAR_2021
CPFE3-0080,CPFE3,2021-10-29,2021-10-29,LOW_VOL_252,EARLY_HIT,DETECTED,9,0.15,0.018314594967231916,true,1.0,0.36084452975047987,NOT_AVAILABLE_PIT,NOT_AVAILABLE_PIT,UNIVERSE_ELIGIBLE_ONLY,CALENDAR_YEAR_2021
CPFE3-0080,CPFE3,2021-10-29,2021-10-29,MOMENTUM_12_1,MISS,RANK_TOO_LOW,37,0.6166666666666667,-0.07044673539518898,false,,0.36084452975047987,NOT_AVAILABLE_PIT,NOT_AVAILABLE_PIT,UNIVERSE_ELIGIBLE_ONLY,CALENDAR_YEAR_2021
CPFE3-0080,CPFE3,2021-10-29,2021-10-29,MOMENTUM_6_1,MISS,RANK_TOO_LOW,36,0.6,-0.11369593709043246,false,,0.36084452975047987,NOT_AVAILABLE_PIT,NOT_AVAILABLE_PIT,UNIVERSE_ELIGIBLE_ONLY,CALENDAR_YEAR_2021
CPFE3-0080,CPFE3,2021-10-29,2021-10-29,MOMENTUM_LOW_VOL,NOT_SCORABLE_BY_DETECTOR,INSUFFICIENT_HISTORY,,,,false,,0.36084452975047987,NOT_AVAILABLE_PIT,NOT_AVAILABLE_PIT,UNIVERSE_ELIGIBLE_ONLY,CALENDAR_YEAR_2021
CPFE3-0080,CPFE3,2021-10-29,2021-10-29,REVERSAL_21,MISS,RANK_TOO_LOW,33,0.55,-0.04473197781885396,false,,0.36084452975047987,NOT_AVAILABLE_PIT,NOT_AVAILABLE_PIT,UNIVERSE_ELIGIBLE_ONLY,CALENDAR_YEAR_2021
CPFE3-0080,CPFE3,2021-10-29,2021-10-29,VOLUME_SURGE,MISS,RANK_TOO_LOW,31,0.5166666666666667,0.010014395344467353,false,,0.36084452975047987,NOT_AVAILABLE_PIT,NOT_AVAILABLE_PIT,UNIVERSE_ELIGIBLE_ONLY,CALENDAR_YEAR_2021
CPFE3-0081,CPFE3,2024-11-29,2025-02-28,52W_HIGH,EARLY_HIT,DETECTED,15,0.25,0.8588022715539494,false,0.8623643632210163,0.5434512725015519,NOT_AVAILABLE_PIT,NOT_AVAILABLE_PIT,UNIVERSE_ELIGIBLE_ONLY,CALENDAR_YEAR_2024
CPFE3-0081,CPFE3,2024-11-29,2025-02-28,LOW_VOL_252,EARLY_HIT,DETECTED,6,0.1,0.011640745487047785,true,1.0,0.5434512725015519,NOT_AVAILABLE_PIT,NOT_AVAILABLE_PIT,UNIVERSE_ELIGIBLE_ONLY,CALENDAR_YEAR_2024
CPFE3-0081,CPFE3,2024-11-29,2025-02-28,MOMENTUM_12_1,MISS,RANK_TOO_LOW,37,0.6166666666666667,-0.10321350762527226,false,0.8183894917190176,0.5434512725015519,NOT_AVAILABLE_PIT,NOT_AVAILABLE_PIT,UNIVERSE_ELIGIBLE_ONLY,CALENDAR_YEAR_2024
CPFE3-0081,CPFE3,2024-11-29,2025-02-28,MOMENTUM_6_1,EARLY_HIT,DETECTED,43,0.7166666666666667,-0.042732558139534804,false,0.8183894917190176,0.5434512725015519,NOT_AVAILABLE_PIT,NOT_AVAILABLE_PIT,UNIVERSE_ELIGIBLE_ONLY,CALENDAR_YEAR_2024
CPFE3-0081,CPFE3,2024-11-29,2025-02-28,MOMENTUM_LOW_VOL,EARLY_HIT,DETECTED,,,,false,0.8183894917190176,0.5434512725015519,NOT_AVAILABLE_PIT,NOT_AVAILABLE_PIT,UNIVERSE_ELIGIBLE_ONLY,CALENDAR_YEAR_2024
CPFE3-0081,CPFE3,2024-11-29,2025-02-28,REVERSAL_21,MISS,RANK_TOO_LOW,49,0.8166666666666667,0.01032493167324633,false,0.8183894917190176,0.5434512725015519,NOT_AVAILABLE_PIT,NOT_AVAILABLE_PIT,UNIVERSE_ELIGIBLE_ONLY,CALENDAR_YEAR_2024
CPFE3-0081,CPFE3,2024-11-29,2025-02-28,VOLUME_SURGE,EARLY_HIT,DETECTED,55,0.9166666666666666,-0.17390183010007243,false,0.8183894917190176,0.5434512725015519,NOT_AVAILABLE_PIT,NOT_AVAILABLE_PIT,UNIVERSE_ELIGIBLE_ONLY,CALENDAR_YEAR_2024
CPLE6-0082,CPLE6,2018-01-31,2019-03-29,52W_HIGH,BOUNDARY_UNCERTAIN_EXCLUDED,OUTCOME_UNCERTAINTY,58,0.9666666666666667,0.6915465083404015,false,,0.46460537021969084,NOT_AVAILABLE_PIT,NOT_AVAILABLE_PIT,UNIVERSE_ELIGIBLE_ONLY,CALENDAR_YEAR_2018
CPLE6-0082,CPLE6,2018-01-31,2019-03-29,LOW_VOL_252,BOUNDARY_UNCERTAIN_EXCLUDED,OUTCOME_UNCERTAINTY,42,0.7,0.022607790497648526,false,,0.46460537021969084,NOT_AVAILABLE_PIT,NOT_AVAILABLE_PIT,UNIVERSE_ELIGIBLE_ONLY,CALENDAR_YEAR_2018
CPLE6-0082,CPLE6,2018-01-31,2019-03-29,MOMENTUM_12_1,BOUNDARY_UNCERTAIN_EXCLUDED,OUTCOME_UNCERTAINTY,57,0.95,-0.21111825192802058,false,,0.46460537021969084,NOT_AVAILABLE_PIT,NOT_AVAILABLE_PIT,UNIVERSE_ELIGIBLE_ONLY,CALENDAR_YEAR_2018
CPLE6-0082,CPLE6,2018-01-31,2019-03-29,MOMENTUM_6_1,BOUNDARY_UNCERTAIN_EXCLUDED,OUTCOME_UNCERTAINTY,56,0.9333333333333333,-0.08566108007448792,false,,0.46460537021969084,NOT_AVAILABLE_PIT,NOT_AVAILABLE_PIT,UNIVERSE_ELIGIBLE_ONLY,CALENDAR_YEAR_2018
CPLE6-0082,CPLE6,2018-01-31,2019-03-29,MOMENTUM_LOW_VOL,BOUNDARY_UNCERTAIN_EXCLUDED,OUTCOME_UNCERTAINTY,,,,false,,0.46460537021969084,NOT_AVAILABLE_PIT,NOT_AVAILABLE_PIT,UNIVERSE_ELIGIBLE_ONLY,CALENDAR_YEAR_2018
CPLE6-0082,CPLE6,2018-01-31,2019-03-29,REVERSAL_21,BOUNDARY_UNCERTAIN_EXCLUDED,OUTCOME_UNCERTAINTY,15,0.25,-0.0036659877800406804,false,,0.46460537021969084,NOT_AVAILABLE_PIT,NOT_AVAILABLE_PIT,UNIVERSE_ELIGIBLE_ONLY,CALENDAR_YEAR_2018
CPLE6-0082,CPLE6,2018-01-31,2019-03-29,VOLUME_SURGE,BOUNDARY_UNCERTAIN_EXCLUDED,OUTCOME_UNCERTAINTY,52,0.8666666666666667,-0.1346757366805693,false,,0.46460537021969084,NOT_AVAILABLE_PIT,NOT_AVAILABLE_PIT,UNIVERSE_ELIGIBLE_ONLY,CALENDAR_YEAR_2018
CRFB3-0083,CRFB3,2018-07-31,2018-09-28,52W_HIGH,BOUNDARY_UNCERTAIN_EXCLUDED,OUTCOME_UNCERTAINTY,15,0.25,0.8956982911019447,false,,0.4845559845559846,NOT_AVAILABLE_PIT,NOT_AVAILABLE_PIT,UNIVERSE_ELIGIBLE_ONLY,CALENDAR_YEAR_2018
CRFB3-0083,CRFB3,2018-07-31,2018-09-28,LOW_VOL_252,BOUNDARY_UNCERTAIN_EXCLUDED,OUTCOME_UNCERTAINTY,21,0.35,0.018114652616973082,false,,0.4845559845559846,NOT_AVAILABLE_PIT,NOT_AVAILABLE_PIT,UNIVERSE_ELIGIBLE_ONLY,CALENDAR_YEAR_2018
CRFB3-0083,CRFB3,2018-07-31,2018-09-28,MOMENTUM_12_1,BOUNDARY_UNCERTAIN_EXCLUDED,OUTCOME_UNCERTAINTY,27,0.45,0.007382550335570448,false,,0.4845559845559846,NOT_AVAILABLE_PIT,NOT_AVAILABLE_PIT,UNIVERSE_ELIGIBLE_ONLY,CALENDAR_YEAR_2018
CRFB3-0083,CRFB3,2018-07-31,2018-09-28,MOMENTUM_6_1,BOUNDARY_UNCERTAIN_EXCLUDED,OUTCOME_UNCERTAINTY,16,0.26666666666666666,-0.032860824742268036,false,,0.4845559845559846,NOT_AVAILABLE_PIT,NOT_AVAILABLE_PIT,UNIVERSE_ELIGIBLE_ONLY,CALENDAR_YEAR_2018
CRFB3-0083,CRFB3,2018-07-31,2018-09-28,MOMENTUM_LOW_VOL,BOUNDARY_UNCERTAIN_EXCLUDED,OUTCOME_UNCERTAINTY,,,,false,,0.4845559845559846,NOT_AVAILABLE_PIT,NOT_AVAILABLE_PIT,UNIVERSE_ELIGIBLE_ONLY,CALENDAR_YEAR_2018
CRFB3-0083,CRFB3,2018-07-31,2018-09-28,REVERSAL_21,BOUNDARY_UNCERTAIN_EXCLUDED,OUTCOME_UNCERTAINTY,11,0.18333333333333332,0.012658227848101333,true,,0.4845559845559846,NOT_AVAILABLE_PIT,NOT_AVAILABLE_PIT,UNIVERSE_ELIGIBLE_ONLY,CALENDAR_YEAR_2018
CRFB3-0083,CRFB3,2018-07-31,2018-09-28,VOLUME_SURGE,BOUNDARY_UNCERTAIN_EXCLUDED,OUTCOME_UNCERTAINTY,52,0.8666666666666667,-0.35717498078611876,false,,0.4845559845559846,NOT_AVAILABLE_PIT,NOT_AVAILABLE_PIT,UNIVERSE_ELIGIBLE_ONLY,CALENDAR_YEAR_2018
CSAN3-0084,CSAN3,2018-06-29,2019-02-28,52W_HIGH,MISS,RANK_TOO_LOW,32,0.5333333333333333,0.7359832635983264,false,,0.3529749928140271,NOT_AVAILABLE_PIT,NOT_AVAILABLE_PIT,UNIVERSE_ELIGIBLE_ONLY,CALENDAR_YEAR_2018
CSAN3-0084,CSAN3,2018-06-29,2019-02-28,LOW_VOL_252,MISS,RANK_TOO_LOW,19,0.31666666666666665,0.01735221645617633,false,,0.3529749928140271,NOT_AVAILABLE_PIT,NOT_AVAILABLE_PIT,UNIVERSE_ELIGIBLE_ONLY,CALENDAR_YEAR_2018
CSAN3-0084,CSAN3,2018-06-29,2019-02-28,MOMENTUM_12_1,MISS,RANK_TOO_LOW,22,0.36666666666666664,0.26660059464816666,false,,0.3529749928140271,NOT_AVAILABLE_PIT,NOT_AVAILABLE_PIT,UNIVERSE_ELIGIBLE_ONLY,CALENDAR_YEAR_2018
CSAN3-0084,CSAN3,2018-06-29,2019-02-28,MOMENTUM_6_1,MISS,RANK_TOO_LOW,36,0.6,-0.06098457016899328,false,,0.3529749928140271,NOT_AVAILABLE_PIT,NOT_AVAILABLE_PIT,UNIVERSE_ELIGIBLE_ONLY,CALENDAR_YEAR_2018
CSAN3-0084,CSAN3,2018-06-29,2019-02-28,MOMENTUM_LOW_VOL,EARLY_HIT,DETECTED,3,0.125,-0.01735221645617633,true,1.0,0.3529749928140271,NOT_AVAILABLE_PIT,NOT_AVAILABLE_PIT,UNIVERSE_ELIGIBLE_ONLY,CALENDAR_YEAR_2018
CSAN3-0084,CSAN3,2018-06-29,2019-02-28,REVERSAL_21,EARLY_HIT,DETECTED,20,0.3333333333333333,-0.08242044861763176,false,1.2139338494018297,0.3529749928140271,NOT_AVAILABLE_PIT,NOT_AVAILABLE_PIT,UNIVERSE_ELIGIBLE_ONLY,CALENDAR_YEAR_2018
CSAN3-0084,CSAN3,2018-06-29,2019-02-28,VOLUME_SURGE,MISS,RANK_TOO_LOW,46,0.7666666666666667,-0.030769722813353995,false,,0.3529749928140271,NOT_AVAILABLE_PIT,NOT_AVAILABLE_PIT,UNIVERSE_ELIGIBLE_ONLY,CALENDAR_YEAR_2018
CSAN3-0085,CSAN3,2019-05-31,2019-09-30,52W_HIGH,EARLY_HIT,DETECTED,9,0.15,0.9871090448013525,true,1.0,0.512528953463887,NOT_AVAILABLE_PIT,NOT_AVAILABLE_PIT,UNIVERSE_ELIGIBLE_ONLY,CALENDAR_YEAR_2019
CSAN3-0085,CSAN3,2019-05-31,2019-09-30,LOW_VOL_252,MISS,RANK_TOO_LOW,37,0.6166666666666667,0.023690486791334845,false,,0.512528953463887,NOT_AVAILABLE_PIT,NOT_AVAILABLE_PIT,UNIVERSE_ELIGIBLE_ONLY,CALENDAR_YEAR_2019
CSAN3-0085,CSAN3,2019-05-31,2019-09-30,MOMENTUM_12_1,MISS,RANK_TOO_LOW,31,0.5166666666666667,0.17233616808404206,false,,0.512528953463887,NOT_AVAILABLE_PIT,NOT_AVAILABLE_PIT,UNIVERSE_ELIGIBLE_ONLY,CALENDAR_YEAR_2019
CSAN3-0085,CSAN3,2019-05-31,2019-09-30,MOMENTUM_6_1,EARLY_HIT,DETECTED,5,0.08333333333333333,0.4020341011067903,true,1.0,0.512528953463887,NOT_AVAILABLE_PIT,NOT_AVAILABLE_PIT,UNIVERSE_ELIGIBLE_ONLY,CALENDAR_YEAR_2019
CSAN3-0085,CSAN3,2019-05-31,2019-09-30,MOMENTUM_LOW_VOL,NOT_SCORABLE_BY_DETECTOR,INSUFFICIENT_HISTORY,,,,false,,0.512528953463887,NOT_AVAILABLE_PIT,NOT_AVAILABLE_PIT,UNIVERSE_ELIGIBLE_ONLY,CALENDAR_YEAR_2019
CSAN3-0085,CSAN3,2019-05-31,2019-09-30,REVERSAL_21,MISS,RANK_TOO_LOW,26,0.43333333333333335,-0.0034136974610624593,false,,0.512528953463887,NOT_AVAILABLE_PIT,NOT_AVAILABLE_PIT,UNIVERSE_ELIGIBLE_ONLY,CALENDAR_YEAR_2019
CSAN3-0085,CSAN3,2019-05-31,2019-09-30,VOLUME_SURGE,MISS,RANK_TOO_LOW,15,0.25,0.295236241575078,false,,0.512528953463887,NOT_AVAILABLE_PIT,NOT_AVAILABLE_PIT,UNIVERSE_ELIGIBLE_ONLY,CALENDAR_YEAR_2019
CSAN3-0086,CSAN3,2020-03-31,2020-04-30,52W_HIGH,BOUNDARY_UNCERTAIN_EXCLUDED,OUTCOME_UNCERTAINTY,23,0.38333333333333336,0.6600950118764846,false,,0.8607214428857715,NOT_AVAILABLE_PIT,NOT_AVAILABLE_PIT,UNIVERSE_ELIGIBLE_ONLY,CALENDAR_YEAR_2020
CSAN3-0086,CSAN3,2020-03-31,2020-04-30,LOW_VOL_252,BOUNDARY_UNCERTAIN_EXCLUDED,OUTCOME_UNCERTAINTY,26,0.43333333333333335,0.030694296840557668,false,,0.8607214428857715,NOT_AVAILABLE_PIT,NOT_AVAILABLE_PIT,UNIVERSE_ELIGIBLE_ONLY,CALENDAR_YEAR_2020
CSAN3-0086,CSAN3,2020-03-31,2020-04-30,MOMENTUM_12_1,BOUNDARY_UNCERTAIN_EXCLUDED,OUTCOME_UNCERTAINTY,14,0.23333333333333334,0.6724571428571429,false,,0.8607214428857715,NOT_AVAILABLE_PIT,NOT_AVAILABLE_PIT,UNIVERSE_ELIGIBLE_ONLY,CALENDAR_YEAR_2020
CSAN3-0086,CSAN3,2020-03-31,2020-04-30,MOMENTUM_6_1,BOUNDARY_UNCERTAIN_EXCLUDED,OUTCOME_UNCERTAINTY,5,0.08333333333333333,0.36919910179640736,true,,0.8607214428857715,NOT_AVAILABLE_PIT,NOT_AVAILABLE_PIT,UNIVERSE_ELIGIBLE_ONLY,CALENDAR_YEAR_2020
CSAN3-0086,CSAN3,2020-03-31,2020-04-30,MOMENTUM_LOW_VOL,BOUNDARY_UNCERTAIN_EXCLUDED,OUTCOME_UNCERTAINTY,6,0.25,-0.030694296840557668,false,,0.8607214428857715,NOT_AVAILABLE_PIT,NOT_AVAILABLE_PIT,UNIVERSE_ELIGIBLE_ONLY,CALENDAR_YEAR_2020
CSAN3-0086,CSAN3,2020-03-31,2020-04-30,REVERSAL_21,BOUNDARY_UNCERTAIN_EXCLUDED,OUTCOME_UNCERTAINTY,36,0.6,-0.24039907065737331,false,,0.8607214428857715,NOT_AVAILABLE_PIT,NOT_AVAILABLE_PIT,UNIVERSE_ELIGIBLE_ONLY,CALENDAR_YEAR_2020
CSAN3-0086,CSAN3,2020-03-31,2020-04-30,VOLUME_SURGE,BOUNDARY_UNCERTAIN_EXCLUDED,OUTCOME_UNCERTAINTY,24,0.4,0.7570152974500106,false,,0.8607214428857715,NOT_AVAILABLE_PIT,NOT_AVAILABLE_PIT,UNIVERSE_ELIGIBLE_ONLY,CALENDAR_YEAR_2020
CSMG3-0087,CSMG3,2017-04-28,2017-04-28,52W_HIGH,MISS,RANK_TOO_LOW,59,0.9833333333333333,0.6270687752850312,false,1.0,0.34189189189189184,NOT_AVAILABLE_PIT,NOT_AVAILABLE_PIT,UNIVERSE_ELIGIBLE_ONLY,CALENDAR_YEAR_2017
CSMG3-0087,CSMG3,2017-04-28,2017-04-28,LOW_VOL_252,MISS,RANK_TOO_LOW,46,0.7666666666666667,0.02644197177515433,false,1.0,0.34189189189189184,NOT_AVAILABLE_PIT,NOT_AVAILABLE_PIT,UNIVERSE_ELIGIBLE_ONLY,CALENDAR_YEAR_2017
CSMG3-0087,CSMG3,2017-04-28,2017-04-28,MOMENTUM_12_1,EARLY_HIT,DETECTED,5,0.08333333333333333,1.184555609519184,true,1.0,0.34189189189189184,NOT_AVAILABLE_PIT,NOT_AVAILABLE_PIT,UNIVERSE_ELIGIBLE_ONLY,CALENDAR_YEAR_2017
CSMG3-0087,CSMG3,2017-04-28,2017-04-28,MOMENTUM_6_1,EARLY_HIT,DETECTED,3,0.05,0.3430874888026274,true,1.0,0.34189189189189184,NOT_AVAILABLE_PIT,NOT_AVAILABLE_PIT,UNIVERSE_ELIGIBLE_ONLY,CALENDAR_YEAR_2017
CSMG3-0087,CSMG3,2017-04-28,2017-04-28,MOMENTUM_LOW_VOL,MISS,RANK_TOO_LOW,13,0.5416666666666666,-0.02644197177515433,false,1.0,0.34189189189189184,NOT_AVAILABLE_PIT,NOT_AVAILABLE_PIT,UNIVERSE_ELIGIBLE_ONLY,CALENDAR_YEAR_2017
CSMG3-0087,CSMG3,2017-04-28,2017-04-28,REVERSAL_21,EARLY_HIT,DETECTED,2,0.03333333333333333,-0.24188528234771,true,1.0,0.34189189189189184,NOT_AVAILABLE_PIT,NOT_AVAILABLE_PIT,UNIVERSE_ELIGIBLE_ONLY,CALENDAR_YEAR_2017
CSMG3-0087,CSMG3,2017-04-28,2017-04-28,VOLUME_SURGE,EARLY_HIT,DETECTED,3,0.05,1.008200641430434,true,1.0,0.34189189189189184,NOT_AVAILABLE_PIT,NOT_AVAILABLE_PIT,UNIVERSE_ELIGIBLE_ONLY,CALENDAR_YEAR_2017
CSMG3-0088,CSMG3,2018-02-28,2018-02-28,52W_HIGH,MISS,RANK_TOO_LOW,49,0.8166666666666667,0.8144538433247517,false,,0.3951649344780843,NOT_AVAILABLE_PIT,NOT_AVAILABLE_PIT,UNIVERSE_ELIGIBLE_ONLY,CALENDAR_YEAR_2018
CSMG3-0088,CSMG3,2018-02-28,2018-02-28,LOW_VOL_252,MISS,RANK_TOO_LOW,52,0.8666666666666667,0.024921246349617128,false,,0.3951649344780843,NOT_AVAILABLE_PIT,NOT_AVAILABLE_PIT,UNIVERSE_ELIGIBLE_ONLY,CALENDAR_YEAR_2018
CSMG3-0088,CSMG3,2018-02-28,2018-02-28,MOMENTUM_12_1,MISS,RANK_TOO_LOW,52,0.8666666666666667,-0.07709519934906428,false,,0.3951649344780843,NOT_AVAILABLE_PIT,NOT_AVAILABLE_PIT,UNIVERSE_ELIGIBLE_ONLY,CALENDAR_YEAR_2018
CSMG3-0088,CSMG3,2018-02-28,2018-02-28,MOMENTUM_6_1,MISS,RANK_TOO_LOW,37,0.6166666666666667,0.12580645161290316,false,,0.3951649344780843,NOT_AVAILABLE_PIT,NOT_AVAILABLE_PIT,UNIVERSE_ELIGIBLE_ONLY,CALENDAR_YEAR_2018
CSMG3-0088,CSMG3,2018-02-28,2018-02-28,MOMENTUM_LOW_VOL,NOT_SCORABLE_BY_DETECTOR,INSUFFICIENT_HISTORY,,,,false,,0.3951649344780843,NOT_AVAILABLE_PIT,NOT_AVAILABLE_PIT,UNIVERSE_ELIGIBLE_ONLY,CALENDAR_YEAR_2018
CSMG3-0088,CSMG3,2018-02-28,2018-02-28,REVERSAL_21,MISS,RANK_TOO_LOW,20,0.3333333333333333,-0.023804275953273057,false,,0.3951649344780843,NOT_AVAILABLE_PIT,NOT_AVAILABLE_PIT,UNIVERSE_ELIGIBLE_ONLY,CALENDAR_YEAR_2018
CSMG3-0088,CSMG3,2018-02-28,2018-02-28,VOLUME_SURGE,MISS,RANK_TOO_LOW,58,0.9666666666666667,-0.2914170844728913,false,,0.3951649344780843,NOT_AVAILABLE_PIT,NOT_AVAILABLE_PIT,UNIVERSE_ELIGIBLE_ONLY,CALENDAR_YEAR_2018
CSMG3-0089,CSMG3,2018-04-30,2018-11-30,52W_HIGH,BOUNDARY_UNCERTAIN_EXCLUDED,OUTCOME_UNCERTAINTY,7,0.11666666666666667,0.9815469179426777,true,,0.36656596173212486,NOT_AVAILABLE_PIT,NOT_AVAILABLE_PIT,UNIVERSE_ELIGIBLE_ONLY,CALENDAR_YEAR_2018
CSMG3-0089,CSMG3,2018-04-30,2018-11-30,LOW_VOL_252,BOUNDARY_UNCERTAIN_EXCLUDED,OUTCOME_UNCERTAINTY,40,0.6666666666666666,0.022279388236752247,false,,0.36656596173212486,NOT_AVAILABLE_PIT,NOT_AVAILABLE_PIT,UNIVERSE_ELIGIBLE_ONLY,CALENDAR_YEAR_2018
CSMG3-0089,CSMG3,2018-04-30,2018-11-30,MOMENTUM_12_1,BOUNDARY_UNCERTAIN_EXCLUDED,OUTCOME_UNCERTAINTY,49,0.8166666666666667,0.016059957173447437,false,,0.36656596173212486,NOT_AVAILABLE_PIT,NOT_AVAILABLE_PIT,UNIVERSE_ELIGIBLE_ONLY,CALENDAR_YEAR_2018
CSMG3-0089,CSMG3,2018-04-30,2018-11-30,MOMENTUM_6_1,BOUNDARY_UNCERTAIN_EXCLUDED,OUTCOME_UNCERTAINTY,21,0.35,0.13652694610778449,false,,0.36656596173212486,NOT_AVAILABLE_PIT,NOT_AVAILABLE_PIT,UNIVERSE_ELIGIBLE_ONLY,CALENDAR_YEAR_2018
CSMG3-0089,CSMG3,2018-04-30,2018-11-30,MOMENTUM_LOW_VOL,BOUNDARY_UNCERTAIN_EXCLUDED,OUTCOME_UNCERTAINTY,,,,false,,0.36656596173212486,NOT_AVAILABLE_PIT,NOT_AVAILABLE_PIT,UNIVERSE_ELIGIBLE_ONLY,CALENDAR_YEAR_2018
CSMG3-0089,CSMG3,2018-04-30,2018-11-30,REVERSAL_21,BOUNDARY_UNCERTAIN_EXCLUDED,OUTCOME_UNCERTAINTY,40,0.6666666666666666,0.05374077976817704,false,,0.36656596173212486,NOT_AVAILABLE_PIT,NOT_AVAILABLE_PIT,UNIVERSE_ELIGIBLE_ONLY,CALENDAR_YEAR_2018
CSMG3-0089,CSMG3,2018-04-30,2018-11-30,VOLUME_SURGE,BOUNDARY_UNCERTAIN_EXCLUDED,OUTCOME_UNCERTAINTY,15,0.25,0.25729638137941,false,,0.36656596173212486,NOT_AVAILABLE_PIT,NOT_AVAILABLE_PIT,UNIVERSE_ELIGIBLE_ONLY,CALENDAR_YEAR_2018
CSNA3-0090,CSNA3,2018-02-28,2018-09-28,52W_HIGH,MISS,RANK_TOO_LOW,47,0.7833333333333333,0.8377952755905512,false,,0.4278350515463918,NOT_AVAILABLE_PIT,NOT_AVAILABLE_PIT,UNIVERSE_ELIGIBLE_ONLY,CALENDAR_YEAR_2018
CSNA3-0090,CSNA3,2018-02-28,2018-09-28,LOW_VOL_252,MISS,RANK_TOO_LOW,60,1.0,0.033116040107286054,false,,0.4278350515463918,NOT_AVAILABLE_PIT,NOT_AVAILABLE_PIT,UNIVERSE_ELIGIBLE_ONLY,CALENDAR_YEAR_2018
CSNA3-0090,CSNA3,2018-02-28,2018-09-28,MOMENTUM_12_1,MISS,RANK_TOO_LOW,54,0.9,-0.14150197628458505,false,,0.4278350515463918,NOT_AVAILABLE_PIT,NOT_AVAILABLE_PIT,UNIVERSE_ELIGIBLE_ONLY,CALENDAR_YEAR_2018
CSNA3-0090,CSNA3,2018-02-28,2018-09-28,MOMENTUM_6_1,EARLY_HIT,DETECTED,8,0.13333333333333333,0.33415233415233403,true,1.0,0.4278350515463918,NOT_AVAILABLE_PIT,NOT_AVAILABLE_PIT,UNIVERSE_ELIGIBLE_ONLY,CALENDAR_YEAR_2018
CSNA3-0090,CSNA3,2018-02-28,2018-09-28,MOMENTUM_LOW_VOL,MISS,NO_SIGNAL,,,,false,,0.4278350515463918,NOT_AVAILABLE_PIT,NOT_AVAILABLE_PIT,UNIVERSE_ELIGIBLE_ONLY,CALENDAR_YEAR_2018
CSNA3-0090,CSNA3,2018-02-28,2018-09-28,REVERSAL_21,EARLY_HIT,DETECTED,21,0.35,-0.02025782688766109,false,1.1831325301204818,0.4278350515463918,NOT_AVAILABLE_PIT,NOT_AVAILABLE_PIT,UNIVERSE_ELIGIBLE_ONLY,CALENDAR_YEAR_2018
CSNA3-0090,CSNA3,2018-02-28,2018-09-28,VOLUME_SURGE,MISS,RANK_TOO_LOW,24,0.4,0.3661373407986408,false,,0.4278350515463918,NOT_AVAILABLE_PIT,NOT_AVAILABLE_PIT,UNIVERSE_ELIGIBLE_ONLY,CALENDAR_YEAR_2018
CSNA3-0091,CSNA3,2018-11-30,2018-12-28,52W_HIGH,MISS,RANK_TOO_LOW,40,0.6666666666666666,0.789568345323741,false,,0.392156862745098,NOT_AVAILABLE_PIT,NOT_AVAILABLE_PIT,UNIVERSE_ELIGIBLE_ONLY,CALENDAR_YEAR_2018
CSNA3-0091,CSNA3,2018-11-30,2018-12-28,LOW_VOL_252,MISS,RANK_TOO_LOW,56,0.9333333333333333,0.031137928048982976,false,,0.392156862745098,NOT_AVAILABLE_PIT,NOT_AVAILABLE_PIT,UNIVERSE_ELIGIBLE_ONLY,CALENDAR_YEAR_2018
CSNA3-0091,CSNA3,2018-11-30,2018-12-28,MOMENTUM_12_1,MISS,RANK_TOO_LOW,20,0.3333333333333333,0.2172774869109948,false,,0.392156862745098,NOT_AVAILABLE_PIT,NOT_AVAILABLE_PIT,UNIVERSE_ELIGIBLE_ONLY,CALENDAR_YEAR_2018
CSNA3-0091,CSNA3,2018-11-30,2018-12-28,MOMENTUM_6_1,EARLY_HIT,DETECTED,10,0.16666666666666666,0.26530612244897966,true,1.0,0.392156862745098,NOT_AVAILABLE_PIT,NOT_AVAILABLE_PIT,UNIVERSE_ELIGIBLE_ONLY,CALENDAR_YEAR_2018
CSNA3-0091,CSNA3,2018-11-30,2018-12-28,MOMENTUM_LOW_VOL,MISS,RANK_TOO_LOW,22,0.9166666666666666,-0.031137928048982976,false,,0.392156862745098,NOT_AVAILABLE_PIT,NOT_AVAILABLE_PIT,UNIVERSE_ELIGIBLE_ONLY,CALENDAR_YEAR_2018
CSNA3-0091,CSNA3,2018-11-30,2018-12-28,REVERSAL_21,EARLY_HIT,DETECTED,9,0.15,-0.05591397849462376,true,1.0,0.392156862745098,NOT_AVAILABLE_PIT,NOT_AVAILABLE_PIT,UNIVERSE_ELIGIBLE_ONLY,CALENDAR_YEAR_2018
CSNA3-0091,CSNA3,2018-11-30,2018-12-28,VOLUME_SURGE,MISS,RANK_TOO_LOW,57,0.95,-0.1674206136791221,false,,0.392156862745098,NOT_AVAILABLE_PIT,NOT_AVAILABLE_PIT,UNIVERSE_ELIGIBLE_ONLY,CALENDAR_YEAR_2018
CSNA3-0092,CSNA3,2019-10-31,2020-09-30,52W_HIGH,EARLY_HIT,DETECTED,57,0.95,0.6476399560922065,false,0.6289308176100628,0.7217099748533109,NOT_AVAILABLE_PIT,NOT_AVAILABLE_PIT,UNIVERSE_ELIGIBLE_ONLY,CALENDAR_YEAR_2019
CSNA3-0092,CSNA3,2019-10-31,2020-09-30,LOW_VOL_252,MISS,RANK_TOO_LOW,57,0.95,0.029489659010385885,false,0.5167714884696017,0.7217099748533109,NOT_AVAILABLE_PIT,NOT_AVAILABLE_PIT,UNIVERSE_ELIGIBLE_ONLY,CALENDAR_YEAR_2019
CSNA3-0092,CSNA3,2019-10-31,2020-09-30,MOMENTUM_12_1,MISS,RANK_TOO_LOW,27,0.45,0.3628865979381446,false,0.5167714884696017,0.7217099748533109,NOT_AVAILABLE_PIT,NOT_AVAILABLE_PIT,UNIVERSE_ELIGIBLE_ONLY,CALENDAR_YEAR_2019
CSNA3-0092,CSNA3,2019-10-31,2020-09-30,MOMENTUM_6_1,EARLY_HIT,DETECTED,52,0.8666666666666667,-0.0755244755244755,false,0.5167714884696017,0.7217099748533109,NOT_AVAILABLE_PIT,NOT_AVAILABLE_PIT,UNIVERSE_ELIGIBLE_ONLY,CALENDAR_YEAR_2019
CSNA3-0092,CSNA3,2019-10-31,2020-09-30,MOMENTUM_LOW_VOL,MISS,NO_SIGNAL,,,,false,0.5167714884696017,0.7217099748533109,NOT_AVAILABLE_PIT,NOT_AVAILABLE_PIT,UNIVERSE_ELIGIBLE_ONLY,CALENDAR_YEAR_2019
CSNA3-0092,CSNA3,2019-10-31,2020-09-30,REVERSAL_21,EARLY_HIT,DETECTED,2,0.03333333333333333,-0.10741301059001507,true,1.0,0.7217099748533109,NOT_AVAILABLE_PIT,NOT_AVAILABLE_PIT,UNIVERSE_ELIGIBLE_ONLY,CALENDAR_YEAR_2019
CSNA3-0092,CSNA3,2019-10-31,2020-09-30,VOLUME_SURGE,EARLY_HIT,DETECTED,37,0.6166666666666667,-0.10072969869856829,false,0.5167714884696017,0.7217099748533109,NOT_AVAILABLE_PIT,NOT_AVAILABLE_PIT,UNIVERSE_ELIGIBLE_ONLY,CALENDAR_YEAR_2019
CSNA3-0093,CSNA3,2022-12-29,2022-12-29,52W_HIGH,MISS,RANK_TOO_LOW,47,0.7833333333333333,0.51,false,,0.3186141304347825,NOT_AVAILABLE_PIT,NOT_AVAILABLE_PIT,UNIVERSE_ELIGIBLE_ONLY,CALENDAR_YEAR_2022
CSNA3-0093,CSNA3,2022-12-29,2022-12-29,LOW_VOL_252,MISS,RANK_TOO_LOW,52,0.8666666666666667,0.03517510678281465,false,,0.3186141304347825,NOT_AVAILABLE_PIT,NOT_AVAILABLE_PIT,UNIVERSE_ELIGIBLE_ONLY,CALENDAR_YEAR_2022
CSNA3-0093,CSNA3,2022-12-29,2022-12-29,MOMENTUM_12_1,MISS,RANK_TOO_LOW,47,0.7833333333333333,-0.4241573033707866,false,,0.3186141304347825,NOT_AVAILABLE_PIT,NOT_AVAILABLE_PIT,UNIVERSE_ELIGIBLE_ONLY,CALENDAR_YEAR_2022
CSNA3-0093,CSNA3,2022-12-29,2022-12-29,MOMENTUM_6_1,MISS,RANK_TOO_LOW,48,0.8,-0.13030303030303036,false,,0.3186141304347825,NOT_AVAILABLE_PIT,NOT_AVAILABLE_PIT,UNIVERSE_ELIGIBLE_ONLY,CALENDAR_YEAR_2022
CSNA3-0093,CSNA3,2022-12-29,2022-12-29,MOMENTUM_LOW_VOL,NOT_SCORABLE_BY_DETECTOR,INSUFFICIENT_HISTORY,,,,false,,0.3186141304347825,NOT_AVAILABLE_PIT,NOT_AVAILABLE_PIT,UNIVERSE_ELIGIBLE_ONLY,CALENDAR_YEAR_2022
CSNA3-0093,CSNA3,2022-12-29,2022-12-29,REVERSAL_21,MISS,RANK_TOO_LOW,50,0.8333333333333334,0.030662020905923404,false,,0.3186141304347825,NOT_AVAILABLE_PIT,NOT_AVAILABLE_PIT,UNIVERSE_ELIGIBLE_ONLY,CALENDAR_YEAR_2022
CSNA3-0093,CSNA3,2022-12-29,2022-12-29,VOLUME_SURGE,MISS,RANK_TOO_LOW,52,0.8666666666666667,-0.2544344998303796,false,,0.3186141304347825,NOT_AVAILABLE_PIT,NOT_AVAILABLE_PIT,UNIVERSE_ELIGIBLE_ONLY,CALENDAR_YEAR_2022
CURY3-0094,CURY3,2024-04-30,2025-03-31,52W_HIGH,EARLY_HIT,DETECTED,7,0.11666666666666667,0.9617224880382776,true,1.0,0.41321897073662983,NOT_AVAILABLE_PIT,NOT_AVAILABLE_PIT,UNIVERSE_ELIGIBLE_ONLY,CALENDAR_YEAR_2024
CURY3-0094,CURY3,2024-04-30,2025-03-31,LOW_VOL_252,MISS,RANK_TOO_LOW,37,0.6166666666666667,0.02306919023770011,false,1.0,0.41321897073662983,NOT_AVAILABLE_PIT,NOT_AVAILABLE_PIT,UNIVERSE_ELIGIBLE_ONLY,CALENDAR_YEAR_2024
CURY3-0094,CURY3,2024-04-30,2025-03-31,MOMENTUM_12_1,EARLY_HIT,DETECTED,8,0.13333333333333333,0.8309352517985613,true,1.0,0.41321897073662983,NOT_AVAILABLE_PIT,NOT_AVAILABLE_PIT,UNIVERSE_ELIGIBLE_ONLY,CALENDAR_YEAR_2024
CURY3-0094,CURY3,2024-04-30,2025-03-31,MOMENTUM_6_1,EARLY_HIT,DETECTED,16,0.26666666666666666,0.35462408516300736,false,1.1074481074481073,0.41321897073662983,NOT_AVAILABLE_PIT,NOT_AVAILABLE_PIT,UNIVERSE_ELIGIBLE_ONLY,CALENDAR_YEAR_2024
CURY3-0094,CURY3,2024-04-30,2025-03-31,MOMENTUM_LOW_VOL,MISS,RANK_TOO_LOW,13,0.5416666666666666,-0.02306919023770011,false,1.0,0.41321897073662983,NOT_AVAILABLE_PIT,NOT_AVAILABLE_PIT,UNIVERSE_ELIGIBLE_ONLY,CALENDAR_YEAR_2024
CURY3-0094,CURY3,2024-04-30,2025-03-31,REVERSAL_21,EARLY_HIT,DETECTED,44,0.7333333333333333,-0.012770137524557912,false,0.9401709401709404,0.41321897073662983,NOT_AVAILABLE_PIT,NOT_AVAILABLE_PIT,UNIVERSE_ELIGIBLE_ONLY,CALENDAR_YEAR_2024
CURY3-0094,CURY3,2024-04-30,2025-03-31,VOLUME_SURGE,EARLY_HIT,DETECTED,7,0.11666666666666667,0.37240833295022746,true,1.0,0.41321897073662983,NOT_AVAILABLE_PIT,NOT_AVAILABLE_PIT,UNIVERSE_ELIGIBLE_ONLY,CALENDAR_YEAR_2024
CVCB3-0095,CVCB3,2017-01-31,2017-06-30,52W_HIGH,EARLY_HIT,DETECTED,4,0.06666666666666667,0.9855787476280834,true,1.0,1.171219699884571,NOT_AVAILABLE_PIT,NOT_AVAILABLE_PIT,UNIVERSE_ELIGIBLE_ONLY,CALENDAR_YEAR_2017
CVCB3-0095,CVCB3,2017-01-31,2017-06-30,LOW_VOL_252,MISS,RANK_TOO_LOW,29,0.48333333333333334,0.02405922479717845,false,0.8731931668856766,1.171219699884571,NOT_AVAILABLE_PIT,NOT_AVAILABLE_PIT,UNIVERSE_ELIGIBLE_ONLY,CALENDAR_YEAR_2017
CVCB3-0095,CVCB3,2017-01-31,2017-06-30,MOMENTUM_12_1,EARLY_HIT,DETECTED,14,0.23333333333333334,0.7764165390505358,false,0.9250985545335085,1.171219699884571,NOT_AVAILABLE_PIT,NOT_AVAILABLE_PIT,UNIVERSE_ELIGIBLE_ONLY,CALENDAR_YEAR_2017
CVCB3-0095,CVCB3,2017-01-31,2017-06-30,MOMENTUM_6_1,EARLY_HIT,DETECTED,17,0.2833333333333333,0.08360579168612792,false,0.8731931668856766,1.171219699884571,NOT_AVAILABLE_PIT,NOT_AVAILABLE_PIT,UNIVERSE_ELIGIBLE_ONLY,CALENDAR_YEAR_2017
CVCB3-0095,CVCB3,2017-01-31,2017-06-30,MOMENTUM_LOW_VOL,EARLY_HIT,DETECTED,10,0.4166666666666667,-0.02405922479717845,false,0.7779237844940867,1.171219699884571,NOT_AVAILABLE_PIT,NOT_AVAILABLE_PIT,UNIVERSE_ELIGIBLE_ONLY,CALENDAR_YEAR_2017
CVCB3-0095,CVCB3,2017-01-31,2017-06-30,REVERSAL_21,MISS,RANK_TOO_LOW,44,0.7333333333333333,0.11939655172413799,false,0.8731931668856766,1.171219699884571,NOT_AVAILABLE_PIT,NOT_AVAILABLE_PIT,UNIVERSE_ELIGIBLE_ONLY,CALENDAR_YEAR_2017
CVCB3-0095,CVCB3,2017-01-31,2017-06-30,VOLUME_SURGE,EARLY_HIT,DETECTED,13,0.21666666666666667,0.19587639597984308,false,0.8731931668856766,1.171219699884571,NOT_AVAILABLE_PIT,NOT_AVAILABLE_PIT,UNIVERSE_ELIGIBLE_ONLY,CALENDAR_YEAR_2017
CVCB3-0096,CVCB3,2017-10-31,2017-11-30,52W_HIGH,EARLY_HIT,DETECTED,21,0.35,0.9439824945295404,false,0.9426035502958581,0.30079999999999996,NOT_AVAILABLE_PIT,NOT_AVAILABLE_PIT,UNIVERSE_ELIGIBLE_ONLY,CALENDAR_YEAR_2017
CVCB3-0096,CVCB3,2017-10-31,2017-11-30,LOW_VOL_252,MISS,RANK_TOO_LOW,21,0.35,0.01833014144109057,false,1.0,0.30079999999999996,NOT_AVAILABLE_PIT,NOT_AVAILABLE_PIT,UNIVERSE_ELIGIBLE_ONLY,CALENDAR_YEAR_2017
CVCB3-0096,CVCB3,2017-10-31,2017-11-30,MOMENTUM_12_1,EARLY_HIT,DETECTED,7,0.11666666666666667,0.693344566133109,true,1.0,0.30079999999999996,NOT_AVAILABLE_PIT,NOT_AVAILABLE_PIT,UNIVERSE_ELIGIBLE_ONLY,CALENDAR_YEAR_2017
CVCB3-0096,CVCB3,2017-10-31,2017-11-30,MOMENTUM_6_1,EARLY_HIT,DETECTED,8,0.13333333333333333,0.294269156471346,true,1.0,0.30079999999999996,NOT_AVAILABLE_PIT,NOT_AVAILABLE_PIT,UNIVERSE_ELIGIBLE_ONLY,CALENDAR_YEAR_2017
CVCB3-0096,CVCB3,2017-10-31,2017-11-30,MOMENTUM_LOW_VOL,MISS,RANK_TOO_LOW,7,0.2916666666666667,-0.01833014144109057,false,1.0,0.30079999999999996,NOT_AVAILABLE_PIT,NOT_AVAILABLE_PIT,UNIVERSE_ELIGIBLE_ONLY,CALENDAR_YEAR_2017
CVCB3-0096,CVCB3,2017-10-31,2017-11-30,REVERSAL_21,MISS,RANK_TOO_LOW,53,0.8833333333333333,0.07313432835820888,false,1.0,0.30079999999999996,NOT_AVAILABLE_PIT,NOT_AVAILABLE_PIT,UNIVERSE_ELIGIBLE_ONLY,CALENDAR_YEAR_2017
CVCB3-0096,CVCB3,2017-10-31,2017-11-30,VOLUME_SURGE,EARLY_HIT,DETECTED,12,0.2,0.33423822599319997,true,1.0,0.30079999999999996,NOT_AVAILABLE_PIT,NOT_AVAILABLE_PIT,UNIVERSE_ELIGIBLE_ONLY,CALENDAR_YEAR_2017
CVCB3-0097,CVCB3,2018-09-28,2018-09-28,52W_HIGH,BOUNDARY_UNCERTAIN_EXCLUDED,OUTCOME_UNCERTAINTY,40,0.6666666666666666,0.7111294311624073,false,,0.3118580765639589,NOT_AVAILABLE_PIT,NOT_AVAILABLE_PIT,UNIVERSE_ELIGIBLE_ONLY,CALENDAR_YEAR_2018
CVCB3-0097,CVCB3,2018-09-28,2018-09-28,LOW_VOL_252,BOUNDARY_UNCERTAIN_EXCLUDED,OUTCOME_UNCERTAINTY,39,0.65,0.02327193844208179,false,,0.3118580765639589,NOT_AVAILABLE_PIT,NOT_AVAILABLE_PIT,UNIVERSE_ELIGIBLE_ONLY,CALENDAR_YEAR_2018
CVCB3-0097,CVCB3,2018-09-28,2018-09-28,MOMENTUM_12_1,BOUNDARY_UNCERTAIN_EXCLUDED,OUTCOME_UNCERTAINTY,20,0.3333333333333333,0.009082217973231277,false,,0.3118580765639589,NOT_AVAILABLE_PIT,NOT_AVAILABLE_PIT,UNIVERSE_ELIGIBLE_ONLY,CALENDAR_YEAR_2018
CVCB3-0097,CVCB3,2018-09-28,2018-09-28,MOMENTUM_6_1,BOUNDARY_UNCERTAIN_EXCLUDED,OUTCOME_UNCERTAINTY,54,0.9,-0.284406779661017,false,,0.3118580765639589,NOT_AVAILABLE_PIT,NOT_AVAILABLE_PIT,UNIVERSE_ELIGIBLE_ONLY,CALENDAR_YEAR_2018
CVCB3-0097,CVCB3,2018-09-28,2018-09-28,MOMENTUM_LOW_VOL,BOUNDARY_UNCERTAIN_EXCLUDED,OUTCOME_UNCERTAINTY,15,0.625,-0.02327193844208179,false,,0.3118580765639589,NOT_AVAILABLE_PIT,NOT_AVAILABLE_PIT,UNIVERSE_ELIGIBLE_ONLY,CALENDAR_YEAR_2018
CVCB3-0097,CVCB3,2018-09-28,2018-09-28,REVERSAL_21,BOUNDARY_UNCERTAIN_EXCLUDED,OUTCOME_UNCERTAINTY,37,0.6166666666666667,0.02155376598768366,false,,0.3118580765639589,NOT_AVAILABLE_PIT,NOT_AVAILABLE_PIT,UNIVERSE_ELIGIBLE_ONLY,CALENDAR_YEAR_2018
CVCB3-0097,CVCB3,2018-09-28,2018-09-28,VOLUME_SURGE,BOUNDARY_UNCERTAIN_EXCLUDED,OUTCOME_UNCERTAINTY,28,0.4666666666666667,-0.1475558979485525,false,,0.3118580765639589,NOT_AVAILABLE_PIT,NOT_AVAILABLE_PIT,UNIVERSE_ELIGIBLE_ONLY,CALENDAR_YEAR_2018
CXSE3-0098,CXSE3,2025-06-30,2025-07-31,52W_HIGH,MISS,RANK_TOO_LOW,32,0.5333333333333333,0.8595337716676629,false,1.0,0.3427991886409736,NOT_AVAILABLE_PIT,NOT_AVAILABLE_PIT,UNIVERSE_ELIGIBLE_ONLY,CALENDAR_YEAR_2025
CXSE3-0098,CXSE3,2025-06-30,2025-07-31,LOW_VOL_252,EARLY_HIT,DETECTED,12,0.2,0.015394600858551589,true,1.0,0.3427991886409736,NOT_AVAILABLE_PIT,NOT_AVAILABLE_PIT,UNIVERSE_ELIGIBLE_ONLY,CALENDAR_YEAR_2025
CXSE3-0098,CXSE3,2025-06-30,2025-07-31,MOMENTUM_12_1,MISS,RANK_TOO_LOW,25,0.4166666666666667,0.07303370786516838,false,1.0,0.3427991886409736,NOT_AVAILABLE_PIT,NOT_AVAILABLE_PIT,UNIVERSE_ELIGIBLE_ONLY,CALENDAR_YEAR_2025
CXSE3-0098,CXSE3,2025-06-30,2025-07-31,MOMENTUM_6_1,MISS,RANK_TOO_LOW,44,0.7333333333333333,-0.028607755880483254,false,1.0,0.3427991886409736,NOT_AVAILABLE_PIT,NOT_AVAILABLE_PIT,UNIVERSE_ELIGIBLE_ONLY,CALENDAR_YEAR_2025
CXSE3-0098,CXSE3,2025-06-30,2025-07-31,MOMENTUM_LOW_VOL,NOT_SCORABLE_BY_DETECTOR,INSUFFICIENT_HISTORY,,,,false,1.0,0.3427991886409736,NOT_AVAILABLE_PIT,NOT_AVAILABLE_PIT,UNIVERSE_ELIGIBLE_ONLY,CALENDAR_YEAR_2025
CXSE3-0098,CXSE3,2025-06-30,2025-07-31,REVERSAL_21,EARLY_HIT,DETECTED,9,0.15,-0.05890052356020936,true,1.0,0.3427991886409736,NOT_AVAILABLE_PIT,NOT_AVAILABLE_PIT,UNIVERSE_ELIGIBLE_ONLY,CALENDAR_YEAR_2025
CXSE3-0098,CXSE3,2025-06-30,2025-07-31,VOLUME_SURGE,EARLY_HIT,DETECTED,12,0.2,0.21581047521017127,true,1.0,0.3427991886409736,NOT_AVAILABLE_PIT,NOT_AVAILABLE_PIT,UNIVERSE_ELIGIBLE_ONLY,CALENDAR_YEAR_2025
CYRE3-0099,CYRE3,2018-05-30,2019-02-28,52W_HIGH,LATE_HIT,DETECTED,37,0.6166666666666667,0.7580543272267846,false,0.17529215358931563,0.45212323064113247,NOT_AVAILABLE_PIT,NOT_AVAILABLE_PIT,UNIVERSE_ELIGIBLE_ONLY,CALENDAR_YEAR_2018
CYRE3-0099,CYRE3,2018-05-30,2019-02-28,LOW_VOL_252,MISS,RANK_TOO_LOW,35,0.5833333333333334,0.01966513764069174,false,0.6260434056761268,0.45212323064113247,NOT_AVAILABLE_PIT,NOT_AVAILABLE_PIT,UNIVERSE_ELIGIBLE_ONLY,CALENDAR_YEAR_2018
CYRE3-0099,CYRE3,2018-05-30,2019-02-28,MOMENTUM_12_1,MISS,RANK_TOO_LOW,31,0.5166666666666667,0.2862488306828812,false,0.6260434056761268,0.45212323064113247,NOT_AVAILABLE_PIT,NOT_AVAILABLE_PIT,UNIVERSE_ELIGIBLE_ONLY,CALENDAR_YEAR_2018
CYRE3-0099,CYRE3,2018-05-30,2019-02-28,MOMENTUM_6_1,LATE_HIT,DETECTED,29,0.48333333333333334,0.10000000000000009,false,0.17529215358931563,0.45212323064113247,NOT_AVAILABLE_PIT,NOT_AVAILABLE_PIT,UNIVERSE_ELIGIBLE_ONLY,CALENDAR_YEAR_2018
CYRE3-0099,CYRE3,2018-05-30,2019-02-28,MOMENTUM_LOW_VOL,MISS,NO_SIGNAL,,,,false,0.6260434056761268,0.45212323064113247,NOT_AVAILABLE_PIT,NOT_AVAILABLE_PIT,UNIVERSE_ELIGIBLE_ONLY,CALENDAR_YEAR_2018
CYRE3-0099,CYRE3,2018-05-30,2019-02-28,REVERSAL_21,EARLY_HIT,DETECTED,33,0.55,-0.12727272727272732,false,1.1953255425709515,0.45212323064113247,NOT_AVAILABLE_PIT,NOT_AVAILABLE_PIT,UNIVERSE_ELIGIBLE_ONLY,CALENDAR_YEAR_2018
CYRE3-0099,CYRE3,2018-05-30,2019-02-28,VOLUME_SURGE,EARLY_HIT,DETECTED,42,0.7,0.13214993713704581,false,0.6260434056761268,0.45212323064113247,NOT_AVAILABLE_PIT,NOT_AVAILABLE_PIT,UNIVERSE_ELIGIBLE_ONLY,CALENDAR_YEAR_2018
CYRE3-0100,CYRE3,2020-03-31,2020-05-29,52W_HIGH,MISS,RANK_TOO_LOW,51,0.85,0.45666084933100637,false,,0.8618827160493825,NOT_AVAILABLE_PIT,NOT_AVAILABLE_PIT,UNIVERSE_ELIGIBLE_ONLY,CALENDAR_YEAR_2020
CYRE3-0100,CYRE3,2020-03-31,2020-05-29,LOW_VOL_252,MISS,RANK_TOO_LOW,56,0.9333333333333333,0.04107382592195022,false,,0.8618827160493825,NOT_AVAILABLE_PIT,NOT_AVAILABLE_PIT,UNIVERSE_ELIGIBLE_ONLY,CALENDAR_YEAR_2020
CYRE3-0100,CYRE3,2020-03-31,2020-05-29,MOMENTUM_12_1,EARLY_HIT,DETECTED,9,0.15,0.8356923076923075,true,1.0,0.8618827160493825,NOT_AVAILABLE_PIT,NOT_AVAILABLE_PIT,UNIVERSE_ELIGIBLE_ONLY,CALENDAR_YEAR_2020
CYRE3-0100,CYRE3,2020-03-31,2020-05-29,MOMENTUM_6_1,EARLY_HIT,DETECTED,8,0.13333333333333333,0.2802575107296137,true,1.0,0.8618827160493825,NOT_AVAILABLE_PIT,NOT_AVAILABLE_PIT,UNIVERSE_ELIGIBLE_ONLY,CALENDAR_YEAR_2020
CYRE3-0100,CYRE3,2020-03-31,2020-05-29,MOMENTUM_LOW_VOL,MISS,RANK_TOO_LOW,21,0.875,-0.04107382592195022,false,,0.8618827160493825,NOT_AVAILABLE_PIT,NOT_AVAILABLE_PIT,UNIVERSE_ELIGIBLE_ONLY,CALENDAR_YEAR_2020
CYRE3-0100,CYRE3,2020-03-31,2020-05-29,REVERSAL_21,EARLY_HIT,DETECTED,2,0.03333333333333333,-0.4736842105263158,true,1.0,0.8618827160493825,NOT_AVAILABLE_PIT,NOT_AVAILABLE_PIT,UNIVERSE_ELIGIBLE_ONLY,CALENDAR_YEAR_2020
CYRE3-0100,CYRE3,2020-03-31,2020-05-29,VOLUME_SURGE,MISS,RANK_TOO_LOW,27,0.45,0.7137958712957493,false,,0.8618827160493825,NOT_AVAILABLE_PIT,NOT_AVAILABLE_PIT,UNIVERSE_ELIGIBLE_ONLY,CALENDAR_YEAR_2020
CYRE3-0101,CYRE3,2022-05-31,2022-08-31,52W_HIGH,MISS,RANK_TOO_LOW,46,0.7666666666666667,0.5335877862595421,false,,0.3913362701908958,NOT_AVAILABLE_PIT,NOT_AVAILABLE_PIT,UNIVERSE_ELIGIBLE_ONLY,CALENDAR_YEAR_2022
CYRE3-0101,CYRE3,2022-05-31,2022-08-31,LOW_VOL_252,MISS,RANK_TOO_LOW,45,0.75,0.029580451445846603,false,,0.3913362701908958,NOT_AVAILABLE_PIT,NOT_AVAILABLE_PIT,UNIVERSE_ELIGIBLE_ONLY,CALENDAR_YEAR_2022
CYRE3-0101,CYRE3,2022-05-31,2022-08-31,MOMENTUM_12_1,MISS,RANK_TOO_LOW,46,0.7666666666666667,-0.375,false,,0.3913362701908958,NOT_AVAILABLE_PIT,NOT_AVAILABLE_PIT,UNIVERSE_ELIGIBLE_ONLY,CALENDAR_YEAR_2022
CYRE3-0101,CYRE3,2022-05-31,2022-08-31,MOMENTUM_6_1,MISS,RANK_TOO_LOW,36,0.6,-0.0696909927679159,false,,0.3913362701908958,NOT_AVAILABLE_PIT,NOT_AVAILABLE_PIT,UNIVERSE_ELIGIBLE_ONLY,CALENDAR_YEAR_2022
CYRE3-0101,CYRE3,2022-05-31,2022-08-31,MOMENTUM_LOW_VOL,NOT_SCORABLE_BY_DETECTOR,INSUFFICIENT_HISTORY,,,,false,,0.3913362701908958,NOT_AVAILABLE_PIT,NOT_AVAILABLE_PIT,UNIVERSE_ELIGIBLE_ONLY,CALENDAR_YEAR_2022
CYRE3-0101,CYRE3,2022-05-31,2022-08-31,REVERSAL_21,MISS,RANK_TOO_LOW,24,0.4,-0.012014134275618371,false,,0.3913362701908958,NOT_AVAILABLE_PIT,NOT_AVAILABLE_PIT,UNIVERSE_ELIGIBLE_ONLY,CALENDAR_YEAR_2022
CYRE3-0101,CYRE3,2022-05-31,2022-08-31,VOLUME_SURGE,MISS,RANK_TOO_LOW,55,0.9166666666666666,-0.3241273893667742,false,,0.3913362701908958,NOT_AVAILABLE_PIT,NOT_AVAILABLE_PIT,UNIVERSE_ELIGIBLE_ONLY,CALENDAR_YEAR_2022
CYRE3-0102,CYRE3,2022-11-30,2023-04-28,52W_HIGH,MISS,RANK_TOO_LOW,33,0.55,0.7159261108337494,false,,0.5762952448545069,NOT_AVAILABLE_PIT,NOT_AVAILABLE_PIT,UNIVERSE_ELIGIBLE_ONLY,CALENDAR_YEAR_2022
CYRE3-0102,CYRE3,2022-11-30,2023-04-28,LOW_VOL_252,MISS,RANK_TOO_LOW,43,0.7166666666666667,0.03129717509409064,false,,0.5762952448545069,NOT_AVAILABLE_PIT,NOT_AVAILABLE_PIT,UNIVERSE_ELIGIBLE_ONLY,CALENDAR_YEAR_2022
CYRE3-0102,CYRE3,2022-11-30,2023-04-28,MOMENTUM_12_1,MISS,RANK_TOO_LOW,14,0.23333333333333334,0.16239316239316226,false,,0.5762952448545069,NOT_AVAILABLE_PIT,NOT_AVAILABLE_PIT,UNIVERSE_ELIGIBLE_ONLY,CALENDAR_YEAR_2022
CYRE3-0102,CYRE3,2022-11-30,2023-04-28,MOMENTUM_6_1,EARLY_HIT,DETECTED,4,0.06666666666666667,0.2646638054363375,true,1.0,0.5762952448545069,NOT_AVAILABLE_PIT,NOT_AVAILABLE_PIT,UNIVERSE_ELIGIBLE_ONLY,CALENDAR_YEAR_2022
CYRE3-0102,CYRE3,2022-11-30,2023-04-28,MOMENTUM_LOW_VOL,MISS,RANK_TOO_LOW,21,0.875,-0.03129717509409064,false,,0.5762952448545069,NOT_AVAILABLE_PIT,NOT_AVAILABLE_PIT,UNIVERSE_ELIGIBLE_ONLY,CALENDAR_YEAR_2022
CYRE3-0102,CYRE3,2022-11-30,2023-04-28,REVERSAL_21,EARLY_HIT,DETECTED,10,0.16666666666666666,-0.18891402714932126,true,1.0,0.5762952448545069,NOT_AVAILABLE_PIT,NOT_AVAILABLE_PIT,UNIVERSE_ELIGIBLE_ONLY,CALENDAR_YEAR_2022
CYRE3-0102,CYRE3,2022-11-30,2023-04-28,VOLUME_SURGE,MISS,RANK_TOO_LOW,18,0.3,0.3315862472163271,false,,0.5762952448545069,NOT_AVAILABLE_PIT,NOT_AVAILABLE_PIT,UNIVERSE_ELIGIBLE_ONLY,CALENDAR_YEAR_2022
CYRE3-0103,CYRE3,2024-05-31,2024-06-28,52W_HIGH,MISS,RANK_TOO_LOW,40,0.6666666666666666,0.7495138078568649,false,,0.33818938605619153,NOT_AVAILABLE_PIT,NOT_AVAILABLE_PIT,UNIVERSE_ELIGIBLE_ONLY,CALENDAR_YEAR_2024
CYRE3-0103,CYRE3,2024-05-31,2024-06-28,LOW_VOL_252,MISS,RANK_TOO_LOW,36,0.6,0.021794465351435022,false,,0.33818938605619153,NOT_AVAILABLE_PIT,NOT_AVAILABLE_PIT,UNIVERSE_ELIGIBLE_ONLY,CALENDAR_YEAR_2024
CYRE3-0103,CYRE3,2024-05-31,2024-06-28,MOMENTUM_12_1,MISS,RANK_TOO_LOW,25,0.4166666666666667,0.12613575628006402,false,,0.33818938605619153,NOT_AVAILABLE_PIT,NOT_AVAILABLE_PIT,UNIVERSE_ELIGIBLE_ONLY,CALENDAR_YEAR_2024
CYRE3-0103,CYRE3,2024-05-31,2024-06-28,MOMENTUM_6_1,MISS,RANK_TOO_LOW,29,0.48333333333333334,0.023809523809523947,false,,0.33818938605619153,NOT_AVAILABLE_PIT,NOT_AVAILABLE_PIT,UNIVERSE_ELIGIBLE_ONLY,CALENDAR_YEAR_2024
CYRE3-0103,CYRE3,2024-05-31,2024-06-28,MOMENTUM_LOW_VOL,NOT_SCORABLE_BY_DETECTOR,INSUFFICIENT_HISTORY,,,,false,,0.33818938605619153,NOT_AVAILABLE_PIT,NOT_AVAILABLE_PIT,UNIVERSE_ELIGIBLE_ONLY,CALENDAR_YEAR_2024
CYRE3-0103,CYRE3,2024-05-31,2024-06-28,REVERSAL_21,MISS,RANK_TOO_LOW,20,0.3333333333333333,-0.0854295206454675,false,,0.33818938605619153,NOT_AVAILABLE_PIT,NOT_AVAILABLE_PIT,UNIVERSE_ELIGIBLE_ONLY,CALENDAR_YEAR_2024
CYRE3-0103,CYRE3,2024-05-31,2024-06-28,VOLUME_SURGE,MISS,RANK_TOO_LOW,44,0.7333333333333333,-0.15099622754307906,false,,0.33818938605619153,NOT_AVAILABLE_PIT,NOT_AVAILABLE_PIT,UNIVERSE_ELIGIBLE_ONLY,CALENDAR_YEAR_2024
CYRE3-0104,CYRE3,2024-09-30,2025-02-28,52W_HIGH,MISS,RANK_TOO_LOW,39,0.65,0.8120831698705375,false,0.9318854886475814,0.49150897622513345,NOT_AVAILABLE_PIT,NOT_AVAILABLE_PIT,UNIVERSE_ELIGIBLE_ONLY,CALENDAR_YEAR_2024
CYRE3-0104,CYRE3,2024-09-30,2025-02-28,LOW_VOL_252,MISS,RANK_TOO_LOW,33,0.55,0.021608315449742423,false,0.9318854886475814,0.49150897622513345,NOT_AVAILABLE_PIT,NOT_AVAILABLE_PIT,UNIVERSE_ELIGIBLE_ONLY,CALENDAR_YEAR_2024
CYRE3-0104,CYRE3,2024-09-30,2025-02-28,MOMENTUM_12_1,MISS,RANK_TOO_LOW,26,0.43333333333333335,0.1093906093906094,false,0.9318854886475814,0.49150897622513345,NOT_AVAILABLE_PIT,NOT_AVAILABLE_PIT,UNIVERSE_ELIGIBLE_ONLY,CALENDAR_YEAR_2024
CYRE3-0104,CYRE3,2024-09-30,2025-02-28,MOMENTUM_6_1,MISS,RANK_TOO_LOW,42,0.7,-0.06954335986594051,false,0.9318854886475814,0.49150897622513345,NOT_AVAILABLE_PIT,NOT_AVAILABLE_PIT,UNIVERSE_ELIGIBLE_ONLY,CALENDAR_YEAR_2024
CYRE3-0104,CYRE3,2024-09-30,2025-02-28,MOMENTUM_LOW_VOL,MISS,NO_SIGNAL,,,,false,0.9318854886475814,0.49150897622513345,NOT_AVAILABLE_PIT,NOT_AVAILABLE_PIT,UNIVERSE_ELIGIBLE_ONLY,CALENDAR_YEAR_2024
CYRE3-0104,CYRE3,2024-09-30,2025-02-28,REVERSAL_21,MISS,RANK_TOO_LOW,13,0.21666666666666667,-0.06798739306618651,false,0.9318854886475814,0.49150897622513345,NOT_AVAILABLE_PIT,NOT_AVAILABLE_PIT,UNIVERSE_ELIGIBLE_ONLY,CALENDAR_YEAR_2024
CYRE3-0104,CYRE3,2024-09-30,2025-02-28,VOLUME_SURGE,EARLY_HIT,DETECTED,34,0.5666666666666667,-0.06815254785872371,false,0.9318854886475814,0.49150897622513345,NOT_AVAILABLE_PIT,NOT_AVAILABLE_PIT,UNIVERSE_ELIGIBLE_ONLY,CALENDAR_YEAR_2024
DIRR3-0105,DIRR3,2022-12-29,2023-06-30,52W_HIGH,EARLY_HIT,DETECTED,9,0.15,0.8723522853957636,true,1.0,0.4322200392927309,NOT_AVAILABLE_PIT,NOT_AVAILABLE_PIT,UNIVERSE_ELIGIBLE_ONLY,CALENDAR_YEAR_2022
DIRR3-0105,DIRR3,2022-12-29,2023-06-30,LOW_VOL_252,MISS,RANK_TOO_LOW,47,0.7833333333333333,0.032771808578320676,false,1.0,0.4322200392927309,NOT_AVAILABLE_PIT,NOT_AVAILABLE_PIT,UNIVERSE_ELIGIBLE_ONLY,CALENDAR_YEAR_2022
DIRR3-0105,DIRR3,2022-12-29,2023-06-30,MOMENTUM_12_1,EARLY_HIT,DETECTED,12,0.2,0.15118110236220472,true,1.0,0.4322200392927309,NOT_AVAILABLE_PIT,NOT_AVAILABLE_PIT,UNIVERSE_ELIGIBLE_ONLY,CALENDAR_YEAR_2022
DIRR3-0105,DIRR3,2022-12-29,2023-06-30,MOMENTUM_6_1,EARLY_HIT,DETECTED,2,0.03333333333333333,0.4347399411187438,true,1.0,0.4322200392927309,NOT_AVAILABLE_PIT,NOT_AVAILABLE_PIT,UNIVERSE_ELIGIBLE_ONLY,CALENDAR_YEAR_2022
DIRR3-0105,DIRR3,2022-12-29,2023-06-30,MOMENTUM_LOW_VOL,MISS,RANK_TOO_LOW,24,1.0,-0.032771808578320676,false,1.0,0.4322200392927309,NOT_AVAILABLE_PIT,NOT_AVAILABLE_PIT,UNIVERSE_ELIGIBLE_ONLY,CALENDAR_YEAR_2022
DIRR3-0105,DIRR3,2022-12-29,2023-06-30,REVERSAL_21,MISS,RANK_TOO_LOW,54,0.9,0.07045143638850893,false,1.0,0.4322200392927309,NOT_AVAILABLE_PIT,NOT_AVAILABLE_PIT,UNIVERSE_ELIGIBLE_ONLY,CALENDAR_YEAR_2022
DIRR3-0105,DIRR3,2022-12-29,2023-06-30,VOLUME_SURGE,EARLY_HIT,DETECTED,1,0.016666666666666666,0.6508241387007965,true,1.0,0.4322200392927309,NOT_AVAILABLE_PIT,NOT_AVAILABLE_PIT,UNIVERSE_ELIGIBLE_ONLY,CALENDAR_YEAR_2022
DIRR3-0106,DIRR3,2023-08-31,2023-11-30,52W_HIGH,MISS,RANK_TOO_LOW,13,0.21666666666666667,0.9233527566113852,false,1.2104097452934661,0.3895292987512007,NOT_AVAILABLE_PIT,NOT_AVAILABLE_PIT,UNIVERSE_ELIGIBLE_ONLY,CALENDAR_YEAR_2023
DIRR3-0106,DIRR3,2023-08-31,2023-11-30,LOW_VOL_252,MISS,RANK_TOO_LOW,33,0.55,0.025883643058805944,false,1.2104097452934661,0.3895292987512007,NOT_AVAILABLE_PIT,NOT_AVAILABLE_PIT,UNIVERSE_ELIGIBLE_ONLY,CALENDAR_YEAR_2023
DIRR3-0106,DIRR3,2023-08-31,2023-11-30,MOMENTUM_12_1,EARLY_HIT,DETECTED,3,0.05,0.709832134292566,true,1.0,0.3895292987512007,NOT_AVAILABLE_PIT,NOT_AVAILABLE_PIT,UNIVERSE_ELIGIBLE_ONLY,CALENDAR_YEAR_2023
DIRR3-0106,DIRR3,2023-08-31,2023-11-30,MOMENTUM_6_1,MISS,RANK_TOO_LOW,13,0.21666666666666667,0.4404040404040406,false,1.2104097452934661,0.3895292987512007,NOT_AVAILABLE_PIT,NOT_AVAILABLE_PIT,UNIVERSE_ELIGIBLE_ONLY,CALENDAR_YEAR_2023
DIRR3-0106,DIRR3,2023-08-31,2023-11-30,MOMENTUM_LOW_VOL,MISS,RANK_TOO_LOW,14,0.5833333333333334,-0.025883643058805944,false,1.2104097452934661,0.3895292987512007,NOT_AVAILABLE_PIT,NOT_AVAILABLE_PIT,UNIVERSE_ELIGIBLE_ONLY,CALENDAR_YEAR_2023
DIRR3-0106,DIRR3,2023-08-31,2023-11-30,REVERSAL_21,MISS,RANK_TOO_LOW,33,0.55,-0.03693314633006073,false,1.2104097452934661,0.3895292987512007,NOT_AVAILABLE_PIT,NOT_AVAILABLE_PIT,UNIVERSE_ELIGIBLE_ONLY,CALENDAR_YEAR_2023
DIRR3-0106,DIRR3,2023-08-31,2023-11-30,VOLUME_SURGE,EARLY_HIT,DETECTED,21,0.35,0.054154808809633304,false,1.2104097452934661,0.3895292987512007,NOT_AVAILABLE_PIT,NOT_AVAILABLE_PIT,UNIVERSE_ELIGIBLE_ONLY,CALENDAR_YEAR_2023
DIRR3-0107,DIRR3,2024-04-30,2024-07-31,52W_HIGH,BOUNDARY_UNCERTAIN_EXCLUDED,OUTCOME_UNCERTAINTY,11,0.18333333333333332,0.9426677067082684,true,,0.5161425576519914,NOT_AVAILABLE_PIT,NOT_AVAILABLE_PIT,UNIVERSE_ELIGIBLE_ONLY,CALENDAR_YEAR_2024
DIRR3-0107,DIRR3,2024-04-30,2024-07-31,LOW_VOL_252,BOUNDARY_UNCERTAIN_EXCLUDED,OUTCOME_UNCERTAINTY,31,0.5166666666666667,0.021481427537192198,false,,0.5161425576519914,NOT_AVAILABLE_PIT,NOT_AVAILABLE_PIT,UNIVERSE_ELIGIBLE_ONLY,CALENDAR_YEAR_2024
DIRR3-0107,DIRR3,2024-04-30,2024-07-31,MOMENTUM_12_1,BOUNDARY_UNCERTAIN_EXCLUDED,OUTCOME_UNCERTAINTY,10,0.16666666666666666,0.7471029311520108,true,,0.5161425576519914,NOT_AVAILABLE_PIT,NOT_AVAILABLE_PIT,UNIVERSE_ELIGIBLE_ONLY,CALENDAR_YEAR_2024
DIRR3-0107,DIRR3,2024-04-30,2024-07-31,MOMENTUM_6_1,BOUNDARY_UNCERTAIN_EXCLUDED,OUTCOME_UNCERTAINTY,9,0.15,0.48752176436448047,true,,0.5161425576519914,NOT_AVAILABLE_PIT,NOT_AVAILABLE_PIT,UNIVERSE_ELIGIBLE_ONLY,CALENDAR_YEAR_2024
DIRR3-0107,DIRR3,2024-04-30,2024-07-31,MOMENTUM_LOW_VOL,BOUNDARY_UNCERTAIN_EXCLUDED,OUTCOME_UNCERTAINTY,10,0.4166666666666667,-0.021481427537192198,false,,0.5161425576519914,NOT_AVAILABLE_PIT,NOT_AVAILABLE_PIT,UNIVERSE_ELIGIBLE_ONLY,CALENDAR_YEAR_2024
DIRR3-0107,DIRR3,2024-04-30,2024-07-31,REVERSAL_21,BOUNDARY_UNCERTAIN_EXCLUDED,OUTCOME_UNCERTAINTY,27,0.45,-0.056964494732735016,false,,0.5161425576519914,NOT_AVAILABLE_PIT,NOT_AVAILABLE_PIT,UNIVERSE_ELIGIBLE_ONLY,CALENDAR_YEAR_2024
DIRR3-0107,DIRR3,2024-04-30,2024-07-31,VOLUME_SURGE,BOUNDARY_UNCERTAIN_EXCLUDED,OUTCOME_UNCERTAINTY,17,0.2833333333333333,0.1278744191395942,false,,0.5161425576519914,NOT_AVAILABLE_PIT,NOT_AVAILABLE_PIT,UNIVERSE_ELIGIBLE_ONLY,CALENDAR_YEAR_2024
DTEX3-0108,DTEX3,2020-04-30,2020-06-30,52W_HIGH,BOUNDARY_UNCERTAIN_EXCLUDED,OUTCOME_UNCERTAINTY,48,0.8,0.5430051813471503,false,,1.2780082987551866,NOT_AVAILABLE_PIT,NOT_AVAILABLE_PIT,UNIVERSE_ELIGIBLE_ONLY,CALENDAR_YEAR_2020
DTEX3-0108,DTEX3,2020-04-30,2020-06-30,LOW_VOL_252,BOUNDARY_UNCERTAIN_EXCLUDED,OUTCOME_UNCERTAINTY,49,0.8166666666666667,0.03897300392833778,false,,1.2780082987551866,NOT_AVAILABLE_PIT,NOT_AVAILABLE_PIT,UNIVERSE_ELIGIBLE_ONLY,CALENDAR_YEAR_2020
DTEX3-0108,DTEX3,2020-04-30,2020-06-30,MOMENTUM_12_1,BOUNDARY_UNCERTAIN_EXCLUDED,OUTCOME_UNCERTAINTY,21,0.35,0.05104166666666665,false,,1.2780082987551866,NOT_AVAILABLE_PIT,NOT_AVAILABLE_PIT,UNIVERSE_ELIGIBLE_ONLY,CALENDAR_YEAR_2020
DTEX3-0108,DTEX3,2020-04-30,2020-06-30,MOMENTUM_6_1,BOUNDARY_UNCERTAIN_EXCLUDED,OUTCOME_UNCERTAINTY,32,0.5333333333333333,-0.2424924924924925,false,,1.2780082987551866,NOT_AVAILABLE_PIT,NOT_AVAILABLE_PIT,UNIVERSE_ELIGIBLE_ONLY,CALENDAR_YEAR_2020
DTEX3-0108,DTEX3,2020-04-30,2020-06-30,MOMENTUM_LOW_VOL,BOUNDARY_UNCERTAIN_EXCLUDED,OUTCOME_UNCERTAINTY,21,0.875,-0.03897300392833778,false,,1.2780082987551866,NOT_AVAILABLE_PIT,NOT_AVAILABLE_PIT,UNIVERSE_ELIGIBLE_ONLY,CALENDAR_YEAR_2020
DTEX3-0108,DTEX3,2020-04-30,2020-06-30,REVERSAL_21,BOUNDARY_UNCERTAIN_EXCLUDED,OUTCOME_UNCERTAINTY,19,0.31666666666666665,0.038652130822596664,false,,1.2780082987551866,NOT_AVAILABLE_PIT,NOT_AVAILABLE_PIT,UNIVERSE_ELIGIBLE_ONLY,CALENDAR_YEAR_2020
DTEX3-0108,DTEX3,2020-04-30,2020-06-30,VOLUME_SURGE,BOUNDARY_UNCERTAIN_EXCLUDED,OUTCOME_UNCERTAINTY,48,0.8,-0.04621786916198911,false,,1.2780082987551866,NOT_AVAILABLE_PIT,NOT_AVAILABLE_PIT,UNIVERSE_ELIGIBLE_ONLY,CALENDAR_YEAR_2020
DXCO3-0109,DXCO3,2023-04-28,2023-04-28,52W_HIGH,MISS,RANK_TOO_LOW,55,0.9166666666666666,0.4268476621417798,false,,0.306086956521739,NOT_AVAILABLE_PIT,NOT_AVAILABLE_PIT,UNIVERSE_ELIGIBLE_ONLY,CALENDAR_YEAR_2023
DXCO3-0109,DXCO3,2023-04-28,2023-04-28,LOW_VOL_252,MISS,RANK_TOO_LOW,39,0.65,0.03033576970410871,false,,0.306086956521739,NOT_AVAILABLE_PIT,NOT_AVAILABLE_PIT,UNIVERSE_ELIGIBLE_ONLY,CALENDAR_YEAR_2023
DXCO3-0109,DXCO3,2023-04-28,2023-04-28,MOMENTUM_12_1,MISS,RANK_TOO_LOW,53,0.8833333333333333,-0.5500821018062396,false,,0.306086956521739,NOT_AVAILABLE_PIT,NOT_AVAILABLE_PIT,UNIVERSE_ELIGIBLE_ONLY,CALENDAR_YEAR_2023
DXCO3-0109,DXCO3,2023-04-28,2023-04-28,MOMENTUM_6_1,MISS,RANK_TOO_LOW,55,0.9166666666666666,-0.41201716738197425,false,,0.306086956521739,NOT_AVAILABLE_PIT,NOT_AVAILABLE_PIT,UNIVERSE_ELIGIBLE_ONLY,CALENDAR_YEAR_2023
DXCO3-0109,DXCO3,2023-04-28,2023-04-28,MOMENTUM_LOW_VOL,NOT_SCORABLE_BY_DETECTOR,INSUFFICIENT_HISTORY,,,,false,,0.306086956521739,NOT_AVAILABLE_PIT,NOT_AVAILABLE_PIT,UNIVERSE_ELIGIBLE_ONLY,CALENDAR_YEAR_2023
DXCO3-0109,DXCO3,2023-04-28,2023-04-28,REVERSAL_21,MISS,RANK_TOO_LOW,36,0.6,0.03284671532846706,false,,0.306086956521739,NOT_AVAILABLE_PIT,NOT_AVAILABLE_PIT,UNIVERSE_ELIGIBLE_ONLY,CALENDAR_YEAR_2023
DXCO3-0109,DXCO3,2023-04-28,2023-04-28,VOLUME_SURGE,MISS,RANK_TOO_LOW,44,0.7333333333333333,-0.20633860432313422,false,,0.306086956521739,NOT_AVAILABLE_PIT,NOT_AVAILABLE_PIT,UNIVERSE_ELIGIBLE_ONLY,CALENDAR_YEAR_2023
ECOR3-0110,ECOR3,2017-01-31,2017-01-31,52W_HIGH,MISS,RANK_TOO_LOW,36,0.6,0.8649214659685863,false,,0.39783653846153855,NOT_AVAILABLE_PIT,NOT_AVAILABLE_PIT,UNIVERSE_ELIGIBLE_ONLY,CALENDAR_YEAR_2017
ECOR3-0110,ECOR3,2017-01-31,2017-01-31,LOW_VOL_252,MISS,RANK_TOO_LOW,35,0.5833333333333334,0.026437756497609072,false,,0.39783653846153855,NOT_AVAILABLE_PIT,NOT_AVAILABLE_PIT,UNIVERSE_ELIGIBLE_ONLY,CALENDAR_YEAR_2017
ECOR3-0110,ECOR3,2017-01-31,2017-01-31,MOMENTUM_12_1,EARLY_HIT,DETECTED,12,0.2,1.1598915989159893,true,1.0,0.39783653846153855,NOT_AVAILABLE_PIT,NOT_AVAILABLE_PIT,UNIVERSE_ELIGIBLE_ONLY,CALENDAR_YEAR_2017
ECOR3-0110,ECOR3,2017-01-31,2017-01-31,MOMENTUM_6_1,MISS,RANK_TOO_LOW,21,0.35,0.019181585677749302,false,,0.39783653846153855,NOT_AVAILABLE_PIT,NOT_AVAILABLE_PIT,UNIVERSE_ELIGIBLE_ONLY,CALENDAR_YEAR_2017
ECOR3-0110,ECOR3,2017-01-31,2017-01-31,MOMENTUM_LOW_VOL,MISS,RANK_TOO_LOW,13,0.5416666666666666,-0.026437756497609072,false,,0.39783653846153855,NOT_AVAILABLE_PIT,NOT_AVAILABLE_PIT,UNIVERSE_ELIGIBLE_ONLY,CALENDAR_YEAR_2017
ECOR3-0110,ECOR3,2017-01-31,2017-01-31,REVERSAL_21,MISS,RANK_TOO_LOW,16,0.26666666666666666,0.03638644918444167,false,,0.39783653846153855,NOT_AVAILABLE_PIT,NOT_AVAILABLE_PIT,UNIVERSE_ELIGIBLE_ONLY,CALENDAR_YEAR_2017
ECOR3-0110,ECOR3,2017-01-31,2017-01-31,VOLUME_SURGE,MISS,RANK_TOO_LOW,24,0.4,0.014744967508135698,false,,0.39783653846153855,NOT_AVAILABLE_PIT,NOT_AVAILABLE_PIT,UNIVERSE_ELIGIBLE_ONLY,CALENDAR_YEAR_2017
ECOR3-0111,ECOR3,2018-06-29,2019-02-28,52W_HIGH,MISS,RANK_TOO_LOW,56,0.9333333333333333,0.5496894409937888,false,,0.4475138121546962,NOT_AVAILABLE_PIT,NOT_AVAILABLE_PIT,UNIVERSE_ELIGIBLE_ONLY,CALENDAR_YEAR_2018
ECOR3-0111,ECOR3,2018-06-29,2019-02-28,LOW_VOL_252,MISS,RANK_TOO_LOW,43,0.7166666666666667,0.02233656006684275,false,,0.4475138121546962,NOT_AVAILABLE_PIT,NOT_AVAILABLE_PIT,UNIVERSE_ELIGIBLE_ONLY,CALENDAR_YEAR_2018
ECOR3-0111,ECOR3,2018-06-29,2019-02-28,MOMENTUM_12_1,MISS,RANK_TOO_LOW,55,0.9166666666666666,-0.23299999999999998,false,,0.4475138121546962,NOT_AVAILABLE_PIT,NOT_AVAILABLE_PIT,UNIVERSE_ELIGIBLE_ONLY,CALENDAR_YEAR_2018
ECOR3-0111,ECOR3,2018-06-29,2019-02-28,MOMENTUM_6_1,LATE_HIT,DETECTED,56,0.9333333333333333,-0.3500000000000001,false,0.18907563025210092,0.4475138121546962,NOT_AVAILABLE_PIT,NOT_AVAILABLE_PIT,UNIVERSE_ELIGIBLE_ONLY,CALENDAR_YEAR_2018
ECOR3-0111,ECOR3,2018-06-29,2019-02-28,MOMENTUM_LOW_VOL,NOT_SCORABLE_BY_DETECTOR,INSUFFICIENT_HISTORY,,,,false,,0.4475138121546962,NOT_AVAILABLE_PIT,NOT_AVAILABLE_PIT,UNIVERSE_ELIGIBLE_ONLY,CALENDAR_YEAR_2018
ECOR3-0111,ECOR3,2018-06-29,2019-02-28,REVERSAL_21,LATE_HIT,DETECTED,22,0.36666666666666664,-0.07692307692307687,false,0.18907563025210092,0.4475138121546962,NOT_AVAILABLE_PIT,NOT_AVAILABLE_PIT,UNIVERSE_ELIGIBLE_ONLY,CALENDAR_YEAR_2018
ECOR3-0111,ECOR3,2018-06-29,2019-02-28,VOLUME_SURGE,MISS,RANK_TOO_LOW,53,0.8833333333333333,-0.13765470627621312,false,,0.4475138121546962,NOT_AVAILABLE_PIT,NOT_AVAILABLE_PIT,UNIVERSE_ELIGIBLE_ONLY,CALENDAR_YEAR_2018
ECOR3-0112,ECOR3,2019-04-30,2019-04-30,52W_HIGH,MISS,RANK_TOO_LOW,57,0.95,0.6875,false,,0.3031055900621118,NOT_AVAILABLE_PIT,NOT_AVAILABLE_PIT,UNIVERSE_ELIGIBLE_ONLY,CALENDAR_YEAR_2019
ECOR3-0112,ECOR3,2019-04-30,2019-04-30,LOW_VOL_252,MISS,RANK_TOO_LOW,41,0.6833333333333333,0.025013082723141927,false,,0.3031055900621118,NOT_AVAILABLE_PIT,NOT_AVAILABLE_PIT,UNIVERSE_ELIGIBLE_ONLY,CALENDAR_YEAR_2019
ECOR3-0112,ECOR3,2019-04-30,2019-04-30,MOMENTUM_12_1,MISS,RANK_TOO_LOW,36,0.6,0.029661016949152685,false,,0.3031055900621118,NOT_AVAILABLE_PIT,NOT_AVAILABLE_PIT,UNIVERSE_ELIGIBLE_ONLY,CALENDAR_YEAR_2019
ECOR3-0112,ECOR3,2019-04-30,2019-04-30,MOMENTUM_6_1,MISS,RANK_TOO_LOW,27,0.45,0.17108433734939754,false,,0.3031055900621118,NOT_AVAILABLE_PIT,NOT_AVAILABLE_PIT,UNIVERSE_ELIGIBLE_ONLY,CALENDAR_YEAR_2019
ECOR3-0112,ECOR3,2019-04-30,2019-04-30,MOMENTUM_LOW_VOL,NOT_SCORABLE_BY_DETECTOR,INSUFFICIENT_HISTORY,,,,false,,0.3031055900621118,NOT_AVAILABLE_PIT,NOT_AVAILABLE_PIT,UNIVERSE_ELIGIBLE_ONLY,CALENDAR_YEAR_2019
ECOR3-0112,ECOR3,2019-04-30,2019-04-30,REVERSAL_21,EARLY_HIT,DETECTED,3,0.05,-0.15123456790123457,true,1.0,0.3031055900621118,NOT_AVAILABLE_PIT,NOT_AVAILABLE_PIT,UNIVERSE_ELIGIBLE_ONLY,CALENDAR_YEAR_2019
ECOR3-0112,ECOR3,2019-04-30,2019-04-30,VOLUME_SURGE,MISS,RANK_TOO_LOW,17,0.2833333333333333,0.18878490949916693,false,,0.3031055900621118,NOT_AVAILABLE_PIT,NOT_AVAILABLE_PIT,UNIVERSE_ELIGIBLE_ONLY,CALENDAR_YEAR_2019
ECOR3-0113,ECOR3,2022-07-29,2022-09-30,52W_HIGH,MISS,RANK_TOO_LOW,48,0.8,0.47692307692307695,false,,0.5027027027027027,NOT_AVAILABLE_PIT,NOT_AVAILABLE_PIT,UNIVERSE_ELIGIBLE_ONLY,CALENDAR_YEAR_2022
ECOR3-0113,ECOR3,2022-07-29,2022-09-30,LOW_VOL_252,MISS,RANK_TOO_LOW,32,0.5333333333333333,0.02618578586531867,false,,0.5027027027027027,NOT_AVAILABLE_PIT,NOT_AVAILABLE_PIT,UNIVERSE_ELIGIBLE_ONLY,CALENDAR_YEAR_2022
ECOR3-0113,ECOR3,2022-07-29,2022-09-30,MOMENTUM_12_1,MISS,RANK_TOO_LOW,51,0.85,-0.5085470085470085,false,,0.5027027027027027,NOT_AVAILABLE_PIT,NOT_AVAILABLE_PIT,UNIVERSE_ELIGIBLE_ONLY,CALENDAR_YEAR_2022
ECOR3-0113,ECOR3,2022-07-29,2022-09-30,MOMENTUM_6_1,MISS,RANK_TOO_LOW,41,0.6833333333333333,-0.23333333333333328,false,,0.5027027027027027,NOT_AVAILABLE_PIT,NOT_AVAILABLE_PIT,UNIVERSE_ELIGIBLE_ONLY,CALENDAR_YEAR_2022
ECOR3-0113,ECOR3,2022-07-29,2022-09-30,MOMENTUM_LOW_VOL,NOT_SCORABLE_BY_DETECTOR,INSUFFICIENT_HISTORY,,,,false,,0.5027027027027027,NOT_AVAILABLE_PIT,NOT_AVAILABLE_PIT,UNIVERSE_ELIGIBLE_ONLY,CALENDAR_YEAR_2022
ECOR3-0113,ECOR3,2022-07-29,2022-09-30,REVERSAL_21,EARLY_HIT,DETECTED,12,0.2,-0.029565217391304355,true,1.0,0.5027027027027027,NOT_AVAILABLE_PIT,NOT_AVAILABLE_PIT,UNIVERSE_ELIGIBLE_ONLY,CALENDAR_YEAR_2022
ECOR3-0113,ECOR3,2022-07-29,2022-09-30,VOLUME_SURGE,MISS,RANK_TOO_LOW,58,0.9666666666666667,-0.5333892527101882,false,,0.5027027027027027,NOT_AVAILABLE_PIT,NOT_AVAILABLE_PIT,UNIVERSE_ELIGIBLE_ONLY,CALENDAR_YEAR_2022
ECOR3-0114,ECOR3,2024-11-29,2025-04-30,52W_HIGH,MISS,RANK_TOO_LOW,53,0.8833333333333333,0.5475946775844421,false,,1.1039697542533085,NOT_AVAILABLE_PIT,NOT_AVAILABLE_PIT,UNIVERSE_ELIGIBLE_ONLY,CALENDAR_YEAR_2024
ECOR3-0114,ECOR3,2024-11-29,2025-04-30,LOW_VOL_252,MISS,RANK_TOO_LOW,51,0.85,0.027337196781048782,false,,1.1039697542533085,NOT_AVAILABLE_PIT,NOT_AVAILABLE_PIT,UNIVERSE_ELIGIBLE_ONLY,CALENDAR_YEAR_2024
ECOR3-0114,ECOR3,2024-11-29,2025-04-30,MOMENTUM_12_1,MISS,RANK_TOO_LOW,44,0.7333333333333333,-0.14575866188769404,false,,1.1039697542533085,NOT_AVAILABLE_PIT,NOT_AVAILABLE_PIT,UNIVERSE_ELIGIBLE_ONLY,CALENDAR_YEAR_2024
ECOR3-0114,ECOR3,2024-11-29,2025-04-30,MOMENTUM_6_1,MISS,RANK_TOO_LOW,30,0.5,0.031746031746031855,false,,1.1039697542533085,NOT_AVAILABLE_PIT,NOT_AVAILABLE_PIT,UNIVERSE_ELIGIBLE_ONLY,CALENDAR_YEAR_2024
ECOR3-0114,ECOR3,2024-11-29,2025-04-30,MOMENTUM_LOW_VOL,NOT_SCORABLE_BY_DETECTOR,INSUFFICIENT_HISTORY,,,,false,,1.1039697542533085,NOT_AVAILABLE_PIT,NOT_AVAILABLE_PIT,UNIVERSE_ELIGIBLE_ONLY,CALENDAR_YEAR_2024
ECOR3-0114,ECOR3,2024-11-29,2025-04-30,REVERSAL_21,EARLY_HIT,DETECTED,3,0.05,-0.2517482517482519,true,1.0,1.1039697542533085,NOT_AVAILABLE_PIT,NOT_AVAILABLE_PIT,UNIVERSE_ELIGIBLE_ONLY,CALENDAR_YEAR_2024
ECOR3-0114,ECOR3,2024-11-29,2025-04-30,VOLUME_SURGE,MISS,RANK_TOO_LOW,32,0.5333333333333333,0.06746030985430584,false,,1.1039697542533085,NOT_AVAILABLE_PIT,NOT_AVAILABLE_PIT,UNIVERSE_ELIGIBLE_ONLY,CALENDAR_YEAR_2024
EGIE3-0115,EGIE3,2018-12-28,2018-12-28,52W_HIGH,MISS,RANK_TOO_LOW,42,0.7,0.7383786211542781,false,1.0,0.5231400117164615,NOT_AVAILABLE_PIT,NOT_AVAILABLE_PIT,UNIVERSE_ELIGIBLE_ONLY,CALENDAR_YEAR_2018
EGIE3-0115,EGIE3,2018-12-28,2018-12-28,LOW_VOL_252,EARLY_HIT,DETECTED,12,0.2,0.018969923774114453,true,1.0,0.5231400117164615,NOT_AVAILABLE_PIT,NOT_AVAILABLE_PIT,UNIVERSE_ELIGIBLE_ONLY,CALENDAR_YEAR_2018
EGIE3-0115,EGIE3,2018-12-28,2018-12-28,MOMENTUM_12_1,MISS,RANK_TOO_LOW,25,0.4166666666666667,0.17150098563784866,false,1.0,0.5231400117164615,NOT_AVAILABLE_PIT,NOT_AVAILABLE_PIT,UNIVERSE_ELIGIBLE_ONLY,CALENDAR_YEAR_2018
EGIE3-0115,EGIE3,2018-12-28,2018-12-28,MOMENTUM_6_1,MISS,RANK_TOO_LOW,24,0.4,0.23149792776791012,false,1.0,0.5231400117164615,NOT_AVAILABLE_PIT,NOT_AVAILABLE_PIT,UNIVERSE_ELIGIBLE_ONLY,CALENDAR_YEAR_2018
EGIE3-0115,EGIE3,2018-12-28,2018-12-28,MOMENTUM_LOW_VOL,NOT_SCORABLE_BY_DETECTOR,INSUFFICIENT_HISTORY,,,,false,1.0,0.5231400117164615,NOT_AVAILABLE_PIT,NOT_AVAILABLE_PIT,UNIVERSE_ELIGIBLE_ONLY,CALENDAR_YEAR_2018
EGIE3-0115,EGIE3,2018-12-28,2018-12-28,REVERSAL_21,EARLY_HIT,DETECTED,1,0.016666666666666666,-0.20961538461538454,true,1.0,0.5231400117164615,NOT_AVAILABLE_PIT,NOT_AVAILABLE_PIT,UNIVERSE_ELIGIBLE_ONLY,CALENDAR_YEAR_2018
EGIE3-0115,EGIE3,2018-12-28,2018-12-28,VOLUME_SURGE,EARLY_HIT,DETECTED,11,0.18333333333333332,0.44070753419516984,true,1.0,0.5231400117164615,NOT_AVAILABLE_PIT,NOT_AVAILABLE_PIT,UNIVERSE_ELIGIBLE_ONLY,CALENDAR_YEAR_2018
EMBR3-0116,EMBR3,2017-04-28,2017-06-30,52W_HIGH,MISS,RANK_TOO_LOW,52,0.8666666666666667,0.6900318616294948,false,,0.4932249322493225,NOT_AVAILABLE_PIT,NOT_AVAILABLE_PIT,UNIVERSE_ELIGIBLE_ONLY,CALENDAR_YEAR_2017
EMBR3-0116,EMBR3,2017-04-28,2017-06-30,LOW_VOL_252,MISS,RANK_TOO_LOW,30,0.5,0.021418657791895754,false,,0.4932249322493225,NOT_AVAILABLE_PIT,NOT_AVAILABLE_PIT,UNIVERSE_ELIGIBLE_ONLY,CALENDAR_YEAR_2017
EMBR3-0116,EMBR3,2017-04-28,2017-06-30,MOMENTUM_12_1,MISS,RANK_TOO_LOW,58,0.9666666666666667,-0.17564402810304447,false,,0.4932249322493225,NOT_AVAILABLE_PIT,NOT_AVAILABLE_PIT,UNIVERSE_ELIGIBLE_ONLY,CALENDAR_YEAR_2017
EMBR3-0116,EMBR3,2017-04-28,2017-06-30,MOMENTUM_6_1,MISS,RANK_TOO_LOW,16,0.26666666666666666,0.1238825031928481,false,,0.4932249322493225,NOT_AVAILABLE_PIT,NOT_AVAILABLE_PIT,UNIVERSE_ELIGIBLE_ONLY,CALENDAR_YEAR_2017
EMBR3-0116,EMBR3,2017-04-28,2017-06-30,MOMENTUM_LOW_VOL,NOT_SCORABLE_BY_DETECTOR,INSUFFICIENT_HISTORY,,,,false,,0.4932249322493225,NOT_AVAILABLE_PIT,NOT_AVAILABLE_PIT,UNIVERSE_ELIGIBLE_ONLY,CALENDAR_YEAR_2017
EMBR3-0116,EMBR3,2017-04-28,2017-06-30,REVERSAL_21,EARLY_HIT,DETECTED,4,0.06666666666666667,-0.13863636363636367,true,1.0,0.4932249322493225,NOT_AVAILABLE_PIT,NOT_AVAILABLE_PIT,UNIVERSE_ELIGIBLE_ONLY,CALENDAR_YEAR_2017
EMBR3-0116,EMBR3,2017-04-28,2017-06-30,VOLUME_SURGE,MISS,RANK_TOO_LOW,48,0.8,-0.14980102119215055,false,,0.4932249322493225,NOT_AVAILABLE_PIT,NOT_AVAILABLE_PIT,UNIVERSE_ELIGIBLE_ONLY,CALENDAR_YEAR_2017
EMBR3-0117,EMBR3,2017-10-31,2017-11-30,52W_HIGH,MISS,RANK_TOO_LOW,50,0.8333333333333334,0.805526590198123,false,,0.3731439638476437,NOT_AVAILABLE_PIT,NOT_AVAILABLE_PIT,UNIVERSE_ELIGIBLE_ONLY,CALENDAR_YEAR_2017
EMBR3-0117,EMBR3,2017-10-31,2017-11-30,LOW_VOL_252,MISS,RANK_TOO_LOW,25,0.4166666666666667,0.019142191415825224,false,,0.3731439638476437,NOT_AVAILABLE_PIT,NOT_AVAILABLE_PIT,UNIVERSE_ELIGIBLE_ONLY,CALENDAR_YEAR_2017
EMBR3-0117,EMBR3,2017-10-31,2017-11-30,MOMENTUM_12_1,MISS,RANK_TOO_LOW,29,0.48333333333333334,0.1507024265644954,false,,0.3731439638476437,NOT_AVAILABLE_PIT,NOT_AVAILABLE_PIT,UNIVERSE_ELIGIBLE_ONLY,CALENDAR_YEAR_2017
EMBR3-0117,EMBR3,2017-10-31,2017-11-30,MOMENTUM_6_1,EARLY_HIT,DETECTED,10,0.16666666666666666,0.22086720867208665,true,1.0,0.3731439638476437,NOT_AVAILABLE_PIT,NOT_AVAILABLE_PIT,UNIVERSE_ELIGIBLE_ONLY,CALENDAR_YEAR_2017
EMBR3-0117,EMBR3,2017-10-31,2017-11-30,MOMENTUM_LOW_VOL,NOT_SCORABLE_BY_DETECTOR,INSUFFICIENT_HISTORY,,,,false,,0.3731439638476437,NOT_AVAILABLE_PIT,NOT_AVAILABLE_PIT,UNIVERSE_ELIGIBLE_ONLY,CALENDAR_YEAR_2017
EMBR3-0117,EMBR3,2017-10-31,2017-11-30,REVERSAL_21,EARLY_HIT,DETECTED,1,0.016666666666666666,-0.14261931187569366,true,1.0,0.3731439638476437,NOT_AVAILABLE_PIT,NOT_AVAILABLE_PIT,UNIVERSE_ELIGIBLE_ONLY,CALENDAR_YEAR_2017
EMBR3-0117,EMBR3,2017-10-31,2017-11-30,VOLUME_SURGE,MISS,RANK_TOO_LOW,18,0.3,0.25353048185584837,false,,0.3731439638476437,NOT_AVAILABLE_PIT,NOT_AVAILABLE_PIT,UNIVERSE_ELIGIBLE_ONLY,CALENDAR_YEAR_2017
EMBR3-0118,EMBR3,2020-03-31,2021-02-26,52W_HIGH,MISS,RANK_TOO_LOW,52,0.8666666666666667,0.45463414634146343,false,1.3276190476190475,0.47245762711864425,NOT_AVAILABLE_PIT,NOT_AVAILABLE_PIT,UNIVERSE_ELIGIBLE_ONLY,CALENDAR_YEAR_2020
EMBR3-0118,EMBR3,2020-03-31,2021-02-26,LOW_VOL_252,MISS,RANK_TOO_LOW,42,0.7,0.034059400040417895,false,1.3276190476190475,0.47245762711864425,NOT_AVAILABLE_PIT,NOT_AVAILABLE_PIT,UNIVERSE_ELIGIBLE_ONLY,CALENDAR_YEAR_2020
EMBR3-0118,EMBR3,2020-03-31,2021-02-26,MOMENTUM_12_1,MISS,RANK_TOO_LOW,51,0.85,-0.09061662198391407,false,1.3276190476190475,0.47245762711864425,NOT_AVAILABLE_PIT,NOT_AVAILABLE_PIT,UNIVERSE_ELIGIBLE_ONLY,CALENDAR_YEAR_2020
EMBR3-0118,EMBR3,2020-03-31,2021-02-26,MOMENTUM_6_1,MISS,RANK_TOO_LOW,52,0.8666666666666667,-0.08125677139761645,false,1.3276190476190475,0.47245762711864425,NOT_AVAILABLE_PIT,NOT_AVAILABLE_PIT,UNIVERSE_ELIGIBLE_ONLY,CALENDAR_YEAR_2020
EMBR3-0118,EMBR3,2020-03-31,2021-02-26,MOMENTUM_LOW_VOL,NOT_SCORABLE_BY_DETECTOR,INSUFFICIENT_HISTORY,,,,false,1.3276190476190475,0.47245762711864425,NOT_AVAILABLE_PIT,NOT_AVAILABLE_PIT,UNIVERSE_ELIGIBLE_ONLY,CALENDAR_YEAR_2020
EMBR3-0118,EMBR3,2020-03-31,2021-02-26,REVERSAL_21,EARLY_HIT,DETECTED,6,0.1,-0.45047169811320753,true,1.0,0.47245762711864425,NOT_AVAILABLE_PIT,NOT_AVAILABLE_PIT,UNIVERSE_ELIGIBLE_ONLY,CALENDAR_YEAR_2020
EMBR3-0118,EMBR3,2020-03-31,2021-02-26,VOLUME_SURGE,EARLY_HIT,DETECTED,26,0.43333333333333335,0.7208337310723683,false,1.3276190476190475,0.47245762711864425,NOT_AVAILABLE_PIT,NOT_AVAILABLE_PIT,UNIVERSE_ELIGIBLE_ONLY,CALENDAR_YEAR_2020
EMBR3-0119,EMBR3,2022-03-31,2024-10-31,52W_HIGH,BOUNDARY_UNCERTAIN_EXCLUDED,OUTCOME_UNCERTAINTY,50,0.8333333333333334,0.5854126679462572,false,,0.3804780876494023,NOT_AVAILABLE_PIT,NOT_AVAILABLE_PIT,UNIVERSE_ELIGIBLE_ONLY,CALENDAR_YEAR_2022
EMBR3-0119,EMBR3,2022-03-31,2024-10-31,LOW_VOL_252,BOUNDARY_UNCERTAIN_EXCLUDED,OUTCOME_UNCERTAINTY,59,0.9833333333333333,0.03493906239092278,false,,0.3804780876494023,NOT_AVAILABLE_PIT,NOT_AVAILABLE_PIT,UNIVERSE_ELIGIBLE_ONLY,CALENDAR_YEAR_2022
EMBR3-0119,EMBR3,2022-03-31,2024-10-31,MOMENTUM_12_1,BOUNDARY_UNCERTAIN_EXCLUDED,OUTCOME_UNCERTAINTY,5,0.08333333333333333,0.33434420015163013,true,,0.3804780876494023,NOT_AVAILABLE_PIT,NOT_AVAILABLE_PIT,UNIVERSE_ELIGIBLE_ONLY,CALENDAR_YEAR_2022
EMBR3-0119,EMBR3,2022-03-31,2024-10-31,MOMENTUM_6_1,BOUNDARY_UNCERTAIN_EXCLUDED,OUTCOME_UNCERTAINTY,50,0.8333333333333334,-0.2623637887678122,false,,0.3804780876494023,NOT_AVAILABLE_PIT,NOT_AVAILABLE_PIT,UNIVERSE_ELIGIBLE_ONLY,CALENDAR_YEAR_2022
EMBR3-0119,EMBR3,2022-03-31,2024-10-31,MOMENTUM_LOW_VOL,BOUNDARY_UNCERTAIN_EXCLUDED,OUTCOME_UNCERTAINTY,24,1.0,-0.03493906239092278,false,,0.3804780876494023,NOT_AVAILABLE_PIT,NOT_AVAILABLE_PIT,UNIVERSE_ELIGIBLE_ONLY,CALENDAR_YEAR_2022
EMBR3-0119,EMBR3,2022-03-31,2024-10-31,REVERSAL_21,BOUNDARY_UNCERTAIN_EXCLUDED,OUTCOME_UNCERTAINTY,2,0.03333333333333333,-0.1335227272727273,true,,0.3804780876494023,NOT_AVAILABLE_PIT,NOT_AVAILABLE_PIT,UNIVERSE_ELIGIBLE_ONLY,CALENDAR_YEAR_2022
EMBR3-0119,EMBR3,2022-03-31,2024-10-31,VOLUME_SURGE,BOUNDARY_UNCERTAIN_EXCLUDED,OUTCOME_UNCERTAINTY,50,0.8333333333333334,-0.13860858589106806,false,,0.3804780876494023,NOT_AVAILABLE_PIT,NOT_AVAILABLE_PIT,UNIVERSE_ELIGIBLE_ONLY,CALENDAR_YEAR_2022
ENBR3-0120,ENBR3,2018-03-29,2018-03-29,52W_HIGH,MISS,RANK_TOO_LOW,46,0.7666666666666667,0.8180124223602484,false,,0.3027108433734942,NOT_AVAILABLE_PIT,NOT_AVAILABLE_PIT,UNIVERSE_ELIGIBLE_ONLY,CALENDAR_YEAR_2018
ENBR3-0120,ENBR3,2018-03-29,2018-03-29,LOW_VOL_252,EARLY_HIT,DETECTED,12,0.2,0.015346973793301,true,1.0,0.3027108433734942,NOT_AVAILABLE_PIT,NOT_AVAILABLE_PIT,UNIVERSE_ELIGIBLE_ONLY,CALENDAR_YEAR_2018
ENBR3-0120,ENBR3,2018-03-29,2018-03-29,MOMENTUM_12_1,MISS,RANK_TOO_LOW,49,0.8166666666666667,0.02397003745318349,false,,0.3027108433734942,NOT_AVAILABLE_PIT,NOT_AVAILABLE_PIT,UNIVERSE_ELIGIBLE_ONLY,CALENDAR_YEAR_2018
ENBR3-0120,ENBR3,2018-03-29,2018-03-29,MOMENTUM_6_1,MISS,RANK_TOO_LOW,52,0.8666666666666667,-0.1292993630573248,false,,0.3027108433734942,NOT_AVAILABLE_PIT,NOT_AVAILABLE_PIT,UNIVERSE_ELIGIBLE_ONLY,CALENDAR_YEAR_2018
ENBR3-0120,ENBR3,2018-03-29,2018-03-29,MOMENTUM_LOW_VOL,NOT_SCORABLE_BY_DETECTOR,INSUFFICIENT_HISTORY,,,,false,,0.3027108433734942,NOT_AVAILABLE_PIT,NOT_AVAILABLE_PIT,UNIVERSE_ELIGIBLE_ONLY,CALENDAR_YEAR_2018
ENBR3-0120,ENBR3,2018-03-29,2018-03-29,REVERSAL_21,MISS,RANK_TOO_LOW,29,0.48333333333333334,-0.03657644476956845,false,,0.3027108433734942,NOT_AVAILABLE_PIT,NOT_AVAILABLE_PIT,UNIVERSE_ELIGIBLE_ONLY,CALENDAR_YEAR_2018
ENBR3-0120,ENBR3,2018-03-29,2018-03-29,VOLUME_SURGE,MISS,RANK_TOO_LOW,46,0.7666666666666667,-0.07721073840071624,false,,0.3027108433734942,NOT_AVAILABLE_PIT,NOT_AVAILABLE_PIT,UNIVERSE_ELIGIBLE_ONLY,CALENDAR_YEAR_2018
ENBR3-0121,ENBR3,2018-05-30,2018-12-28,52W_HIGH,BOUNDARY_UNCERTAIN_EXCLUDED,OUTCOME_UNCERTAINTY,24,0.4,0.8111801242236024,false,,0.4356005788712012,NOT_AVAILABLE_PIT,NOT_AVAILABLE_PIT,UNIVERSE_ELIGIBLE_ONLY,CALENDAR_YEAR_2018
ENBR3-0121,ENBR3,2018-05-30,2018-12-28,LOW_VOL_252,BOUNDARY_UNCERTAIN_EXCLUDED,OUTCOME_UNCERTAINTY,34,0.5666666666666667,0.01924377739451705,false,,0.4356005788712012,NOT_AVAILABLE_PIT,NOT_AVAILABLE_PIT,UNIVERSE_ELIGIBLE_ONLY,CALENDAR_YEAR_2018
ENBR3-0121,ENBR3,2018-05-30,2018-12-28,MOMENTUM_12_1,BOUNDARY_UNCERTAIN_EXCLUDED,OUTCOME_UNCERTAINTY,41,0.6833333333333333,0.1114624505928854,false,,0.4356005788712012,NOT_AVAILABLE_PIT,NOT_AVAILABLE_PIT,UNIVERSE_ELIGIBLE_ONLY,CALENDAR_YEAR_2018
ENBR3-0121,ENBR3,2018-05-30,2018-12-28,MOMENTUM_6_1,BOUNDARY_UNCERTAIN_EXCLUDED,OUTCOME_UNCERTAINTY,44,0.7333333333333333,-0.029005524861878462,false,,0.4356005788712012,NOT_AVAILABLE_PIT,NOT_AVAILABLE_PIT,UNIVERSE_ELIGIBLE_ONLY,CALENDAR_YEAR_2018
ENBR3-0121,ENBR3,2018-05-30,2018-12-28,MOMENTUM_LOW_VOL,BOUNDARY_UNCERTAIN_EXCLUDED,OUTCOME_UNCERTAINTY,,,,false,,0.4356005788712012,NOT_AVAILABLE_PIT,NOT_AVAILABLE_PIT,UNIVERSE_ELIGIBLE_ONLY,CALENDAR_YEAR_2018
ENBR3-0121,ENBR3,2018-05-30,2018-12-28,REVERSAL_21,BOUNDARY_UNCERTAIN_EXCLUDED,OUTCOME_UNCERTAINTY,45,0.75,-0.07112375533428161,false,,0.4356005788712012,NOT_AVAILABLE_PIT,NOT_AVAILABLE_PIT,UNIVERSE_ELIGIBLE_ONLY,CALENDAR_YEAR_2018
ENBR3-0121,ENBR3,2018-05-30,2018-12-28,VOLUME_SURGE,BOUNDARY_UNCERTAIN_EXCLUDED,OUTCOME_UNCERTAINTY,4,0.06666666666666667,1.0645574439601764,true,,0.4356005788712012,NOT_AVAILABLE_PIT,NOT_AVAILABLE_PIT,UNIVERSE_ELIGIBLE_ONLY,CALENDAR_YEAR_2018
ENEV3-0122,ENEV3,2020-01-31,2020-02-28,52W_HIGH,BOUNDARY_UNCERTAIN_EXCLUDED,OUTCOME_UNCERTAINTY,28,0.4666666666666667,0.9435723377174373,false,,0.6400359066427288,NOT_AVAILABLE_PIT,NOT_AVAILABLE_PIT,UNIVERSE_ELIGIBLE_ONLY,CALENDAR_YEAR_2020
ENEV3-0122,ENEV3,2020-01-31,2020-02-28,LOW_VOL_252,BOUNDARY_UNCERTAIN_EXCLUDED,OUTCOME_UNCERTAINTY,14,0.23333333333333334,0.01631102023210223,false,,0.6400359066427288,NOT_AVAILABLE_PIT,NOT_AVAILABLE_PIT,UNIVERSE_ELIGIBLE_ONLY,CALENDAR_YEAR_2020
ENEV3-0122,ENEV3,2020-01-31,2020-02-28,MOMENTUM_12_1,BOUNDARY_UNCERTAIN_EXCLUDED,OUTCOME_UNCERTAINTY,2,0.03333333333333333,1.436698271054099,true,,0.6400359066427288,NOT_AVAILABLE_PIT,NOT_AVAILABLE_PIT,UNIVERSE_ELIGIBLE_ONLY,CALENDAR_YEAR_2020
ENEV3-0122,ENEV3,2020-01-31,2020-02-28,MOMENTUM_6_1,BOUNDARY_UNCERTAIN_EXCLUDED,OUTCOME_UNCERTAINTY,2,0.03333333333333333,0.707307542008597,true,,0.6400359066427288,NOT_AVAILABLE_PIT,NOT_AVAILABLE_PIT,UNIVERSE_ELIGIBLE_ONLY,CALENDAR_YEAR_2020
ENEV3-0122,ENEV3,2020-01-31,2020-02-28,MOMENTUM_LOW_VOL,BOUNDARY_UNCERTAIN_EXCLUDED,OUTCOME_UNCERTAINTY,3,0.125,-0.01631102023210223,true,,0.6400359066427288,NOT_AVAILABLE_PIT,NOT_AVAILABLE_PIT,UNIVERSE_ELIGIBLE_ONLY,CALENDAR_YEAR_2020
ENEV3-0122,ENEV3,2020-01-31,2020-02-28,REVERSAL_21,BOUNDARY_UNCERTAIN_EXCLUDED,OUTCOME_UNCERTAINTY,29,0.48333333333333334,0.018081940947585196,false,,0.6400359066427288,NOT_AVAILABLE_PIT,NOT_AVAILABLE_PIT,UNIVERSE_ELIGIBLE_ONLY,CALENDAR_YEAR_2020
ENEV3-0122,ENEV3,2020-01-31,2020-02-28,VOLUME_SURGE,BOUNDARY_UNCERTAIN_EXCLUDED,OUTCOME_UNCERTAINTY,7,0.11666666666666667,0.9489618501712176,true,,0.6400359066427288,NOT_AVAILABLE_PIT,NOT_AVAILABLE_PIT,UNIVERSE_ELIGIBLE_ONLY,CALENDAR_YEAR_2020
ENGI11-0123,ENGI11,2018-06-29,2018-10-31,52W_HIGH,EARLY_HIT,DETECTED,10,0.16666666666666666,0.8602305475504323,true,1.0,0.5544520547945206,NOT_AVAILABLE_PIT,NOT_AVAILABLE_PIT,UNIVERSE_ELIGIBLE_ONLY,CALENDAR_YEAR_2018
ENGI11-0123,ENGI11,2018-06-29,2018-10-31,LOW_VOL_252,EARLY_HIT,DETECTED,9,0.15,0.015423513595581495,true,1.0,0.5544520547945206,NOT_AVAILABLE_PIT,NOT_AVAILABLE_PIT,UNIVERSE_ELIGIBLE_ONLY,CALENDAR_YEAR_2018
ENGI11-0123,ENGI11,2018-06-29,2018-10-31,MOMENTUM_12_1,MISS,RANK_TOO_LOW,18,0.3,0.31008771929824563,false,0.8969194312796207,0.5544520547945206,NOT_AVAILABLE_PIT,NOT_AVAILABLE_PIT,UNIVERSE_ELIGIBLE_ONLY,CALENDAR_YEAR_2018
ENGI11-0123,ENGI11,2018-06-29,2018-10-31,MOMENTUM_6_1,EARLY_HIT,DETECTED,10,0.16666666666666666,0.15194755109911307,true,1.0,0.5544520547945206,NOT_AVAILABLE_PIT,NOT_AVAILABLE_PIT,UNIVERSE_ELIGIBLE_ONLY,CALENDAR_YEAR_2018
ENGI11-0123,ENGI11,2018-06-29,2018-10-31,MOMENTUM_LOW_VOL,EARLY_HIT,DETECTED,1,0.041666666666666664,-0.015423513595581495,true,1.0,0.5544520547945206,NOT_AVAILABLE_PIT,NOT_AVAILABLE_PIT,UNIVERSE_ELIGIBLE_ONLY,CALENDAR_YEAR_2018
ENGI11-0123,ENGI11,2018-06-29,2018-10-31,REVERSAL_21,EARLY_HIT,DETECTED,49,0.8166666666666667,-0.0006695681285571187,false,0.8969194312796207,0.5544520547945206,NOT_AVAILABLE_PIT,NOT_AVAILABLE_PIT,UNIVERSE_ELIGIBLE_ONLY,CALENDAR_YEAR_2018
ENGI11-0123,ENGI11,2018-06-29,2018-10-31,VOLUME_SURGE,EARLY_HIT,DETECTED,26,0.43333333333333335,0.20221763156971773,false,0.8969194312796207,0.5544520547945206,NOT_AVAILABLE_PIT,NOT_AVAILABLE_PIT,UNIVERSE_ELIGIBLE_ONLY,CALENDAR_YEAR_2018
ENGI11-0124,ENGI11,2018-12-28,2019-01-31,52W_HIGH,EARLY_HIT,DETECTED,9,0.15,0.986737400530504,true,1.0,0.42710526315789465,NOT_AVAILABLE_PIT,NOT_AVAILABLE_PIT,UNIVERSE_ELIGIBLE_ONLY,CALENDAR_YEAR_2018
ENGI11-0124,ENGI11,2018-12-28,2019-01-31,LOW_VOL_252,EARLY_HIT,DETECTED,5,0.08333333333333333,0.015612125304042167,true,1.0,0.42710526315789465,NOT_AVAILABLE_PIT,NOT_AVAILABLE_PIT,UNIVERSE_ELIGIBLE_ONLY,CALENDAR_YEAR_2018
ENGI11-0124,ENGI11,2018-12-28,2019-01-31,MOMENTUM_12_1,EARLY_HIT,DETECTED,13,0.21666666666666667,0.3638814016172507,false,0.741219963031423,0.42710526315789465,NOT_AVAILABLE_PIT,NOT_AVAILABLE_PIT,UNIVERSE_ELIGIBLE_ONLY,CALENDAR_YEAR_2018
ENGI11-0124,ENGI11,2018-12-28,2019-01-31,MOMENTUM_6_1,EARLY_HIT,DETECTED,28,0.4666666666666667,0.16513157894736863,false,0.741219963031423,0.42710526315789465,NOT_AVAILABLE_PIT,NOT_AVAILABLE_PIT,UNIVERSE_ELIGIBLE_ONLY,CALENDAR_YEAR_2018
ENGI11-0124,ENGI11,2018-12-28,2019-01-31,MOMENTUM_LOW_VOL,EARLY_HIT,DETECTED,1,0.041666666666666664,-0.015612125304042167,true,1.0,0.42710526315789465,NOT_AVAILABLE_PIT,NOT_AVAILABLE_PIT,UNIVERSE_ELIGIBLE_ONLY,CALENDAR_YEAR_2018
ENGI11-0124,ENGI11,2018-12-28,2019-01-31,REVERSAL_21,MISS,RANK_TOO_LOW,41,0.6833333333333333,0.050254093732354566,false,0.741219963031423,0.42710526315789465,NOT_AVAILABLE_PIT,NOT_AVAILABLE_PIT,UNIVERSE_ELIGIBLE_ONLY,CALENDAR_YEAR_2018
ENGI11-0124,ENGI11,2018-12-28,2019-01-31,VOLUME_SURGE,EARLY_HIT,DETECTED,34,0.5666666666666667,0.12428419861564688,false,0.741219963031423,0.42710526315789465,NOT_AVAILABLE_PIT,NOT_AVAILABLE_PIT,UNIVERSE_ELIGIBLE_ONLY,CALENDAR_YEAR_2018
ENGI11-0125,ENGI11,2023-02-28,2023-02-28,52W_HIGH,MISS,RANK_TOO_LOW,22,0.36666666666666664,0.7746422893481716,false,,0.30105588462528976,NOT_AVAILABLE_PIT,NOT_AVAILABLE_PIT,UNIVERSE_ELIGIBLE_ONLY,CALENDAR_YEAR_2023
ENGI11-0125,ENGI11,2023-02-28,2023-02-28,LOW_VOL_252,EARLY_HIT,DETECTED,8,0.13333333333333333,0.01735526859242757,true,1.0,0.30105588462528976,NOT_AVAILABLE_PIT,NOT_AVAILABLE_PIT,UNIVERSE_ELIGIBLE_ONLY,CALENDAR_YEAR_2023
ENGI11-0125,ENGI11,2023-02-28,2023-02-28,MOMENTUM_12_1,MISS,RANK_TOO_LOW,20,0.3333333333333333,-0.038192090395480216,false,,0.30105588462528976,NOT_AVAILABLE_PIT,NOT_AVAILABLE_PIT,UNIVERSE_ELIGIBLE_ONLY,CALENDAR_YEAR_2023
ENGI11-0125,ENGI11,2023-02-28,2023-02-28,MOMENTUM_6_1,MISS,RANK_TOO_LOW,23,0.38333333333333336,-0.03316674238982287,false,,0.30105588462528976,NOT_AVAILABLE_PIT,NOT_AVAILABLE_PIT,UNIVERSE_ELIGIBLE_ONLY,CALENDAR_YEAR_2023
ENGI11-0125,ENGI11,2023-02-28,2023-02-28,MOMENTUM_LOW_VOL,EARLY_HIT,DETECTED,4,0.16666666666666666,-0.01735526859242757,true,1.0,0.30105588462528976,NOT_AVAILABLE_PIT,NOT_AVAILABLE_PIT,UNIVERSE_ELIGIBLE_ONLY,CALENDAR_YEAR_2023
ENGI11-0125,ENGI11,2023-02-28,2023-02-28,REVERSAL_21,MISS,RANK_TOO_LOW,30,0.5,-0.08411654135338353,false,,0.30105588462528976,NOT_AVAILABLE_PIT,NOT_AVAILABLE_PIT,UNIVERSE_ELIGIBLE_ONLY,CALENDAR_YEAR_2023
ENGI11-0125,ENGI11,2023-02-28,2023-02-28,VOLUME_SURGE,MISS,RANK_TOO_LOW,25,0.4166666666666667,-0.04445926772640674,false,,0.30105588462528976,NOT_AVAILABLE_PIT,NOT_AVAILABLE_PIT,UNIVERSE_ELIGIBLE_ONLY,CALENDAR_YEAR_2023
ENGI11-0126,ENGI11,2024-12-30,2024-12-30,52W_HIGH,MISS,RANK_TOO_LOW,37,0.6166666666666667,0.6767083027185894,false,,0.3062413314840502,NOT_AVAILABLE_PIT,NOT_AVAILABLE_PIT,UNIVERSE_ELIGIBLE_ONLY,CALENDAR_YEAR_2024
ENGI11-0126,ENGI11,2024-12-30,2024-12-30,LOW_VOL_252,MISS,RANK_TOO_LOW,16,0.26666666666666666,0.015263297553287598,false,,0.3062413314840502,NOT_AVAILABLE_PIT,NOT_AVAILABLE_PIT,UNIVERSE_ELIGIBLE_ONLY,CALENDAR_YEAR_2024
ENGI11-0126,ENGI11,2024-12-30,2024-12-30,MOMENTUM_12_1,MISS,RANK_TOO_LOW,44,0.7333333333333333,-0.1958451369216242,false,,0.3062413314840502,NOT_AVAILABLE_PIT,NOT_AVAILABLE_PIT,UNIVERSE_ELIGIBLE_ONLY,CALENDAR_YEAR_2024
ENGI11-0126,ENGI11,2024-12-30,2024-12-30,MOMENTUM_6_1,MISS,RANK_TOO_LOW,48,0.8,-0.06663743971942127,false,,0.3062413314840502,NOT_AVAILABLE_PIT,NOT_AVAILABLE_PIT,UNIVERSE_ELIGIBLE_ONLY,CALENDAR_YEAR_2024
ENGI11-0126,ENGI11,2024-12-30,2024-12-30,MOMENTUM_LOW_VOL,NOT_SCORABLE_BY_DETECTOR,INSUFFICIENT_HISTORY,,,,false,,0.3062413314840502,NOT_AVAILABLE_PIT,NOT_AVAILABLE_PIT,UNIVERSE_ELIGIBLE_ONLY,CALENDAR_YEAR_2024
ENGI11-0126,ENGI11,2024-12-30,2024-12-30,REVERSAL_21,MISS,RANK_TOO_LOW,31,0.5166666666666667,-0.13480507280413323,false,,0.3062413314840502,NOT_AVAILABLE_PIT,NOT_AVAILABLE_PIT,UNIVERSE_ELIGIBLE_ONLY,CALENDAR_YEAR_2024
ENGI11-0126,ENGI11,2024-12-30,2024-12-30,VOLUME_SURGE,MISS,RANK_TOO_LOW,45,0.75,-0.023074441076300856,false,,0.3062413314840502,NOT_AVAILABLE_PIT,NOT_AVAILABLE_PIT,UNIVERSE_ELIGIBLE_ONLY,CALENDAR_YEAR_2024
ENGI11-0127,ENGI11,2025-02-28,2025-03-31,52W_HIGH,MISS,RANK_TOO_LOW,28,0.4666666666666667,0.7601960784313726,false,,0.3970393867301085,NOT_AVAILABLE_PIT,NOT_AVAILABLE_PIT,UNIVERSE_ELIGIBLE_ONLY,CALENDAR_YEAR_2025
ENGI11-0127,ENGI11,2025-02-28,2025-03-31,LOW_VOL_252,MISS,RANK_TOO_LOW,20,0.3333333333333333,0.01642119722971665,false,,0.3970393867301085,NOT_AVAILABLE_PIT,NOT_AVAILABLE_PIT,UNIVERSE_ELIGIBLE_ONLY,CALENDAR_YEAR_2025
ENGI11-0127,ENGI11,2025-02-28,2025-03-31,MOMENTUM_12_1,MISS,RANK_TOO_LOW,43,0.7166666666666667,-0.24407114624505932,false,,0.3970393867301085,NOT_AVAILABLE_PIT,NOT_AVAILABLE_PIT,UNIVERSE_ELIGIBLE_ONLY,CALENDAR_YEAR_2025
ENGI11-0127,ENGI11,2025-02-28,2025-03-31,MOMENTUM_6_1,MISS,RANK_TOO_LOW,39,0.65,-0.19811320754716988,false,,0.3970393867301085,NOT_AVAILABLE_PIT,NOT_AVAILABLE_PIT,UNIVERSE_ELIGIBLE_ONLY,CALENDAR_YEAR_2025
ENGI11-0127,ENGI11,2025-02-28,2025-03-31,MOMENTUM_LOW_VOL,NOT_SCORABLE_BY_DETECTOR,INSUFFICIENT_HISTORY,,,,false,,0.3970393867301085,NOT_AVAILABLE_PIT,NOT_AVAILABLE_PIT,UNIVERSE_ELIGIBLE_ONLY,CALENDAR_YEAR_2025
ENGI11-0127,ENGI11,2025-02-28,2025-03-31,REVERSAL_21,MISS,RANK_TOO_LOW,27,0.45,0.013594771241830061,false,,0.3970393867301085,NOT_AVAILABLE_PIT,NOT_AVAILABLE_PIT,UNIVERSE_ELIGIBLE_ONLY,CALENDAR_YEAR_2025
ENGI11-0127,ENGI11,2025-02-28,2025-03-31,VOLUME_SURGE,MISS,RANK_TOO_LOW,42,0.7,-0.11105128583194157,false,,0.3970393867301085,NOT_AVAILABLE_PIT,NOT_AVAILABLE_PIT,UNIVERSE_ELIGIBLE_ONLY,CALENDAR_YEAR_2025
EQTL3-0128,EQTL3,2018-05-30,2018-10-31,52W_HIGH,BOUNDARY_UNCERTAIN_EXCLUDED,OUTCOME_UNCERTAINTY,19,0.31666666666666665,0.8267123287671233,false,,0.38951612903225796,NOT_AVAILABLE_PIT,NOT_AVAILABLE_PIT,UNIVERSE_ELIGIBLE_ONLY,CALENDAR_YEAR_2018
EQTL3-0128,EQTL3,2018-05-30,2018-10-31,LOW_VOL_252,BOUNDARY_UNCERTAIN_EXCLUDED,OUTCOME_UNCERTAINTY,3,0.05,0.012045479347506797,true,,0.38951612903225796,NOT_AVAILABLE_PIT,NOT_AVAILABLE_PIT,UNIVERSE_ELIGIBLE_ONLY,CALENDAR_YEAR_2018
EQTL3-0128,EQTL3,2018-05-30,2018-10-31,MOMENTUM_12_1,BOUNDARY_UNCERTAIN_EXCLUDED,OUTCOME_UNCERTAINTY,24,0.4,0.3996062992125984,false,,0.38951612903225796,NOT_AVAILABLE_PIT,NOT_AVAILABLE_PIT,UNIVERSE_ELIGIBLE_ONLY,CALENDAR_YEAR_2018
EQTL3-0128,EQTL3,2018-05-30,2018-10-31,MOMENTUM_6_1,BOUNDARY_UNCERTAIN_EXCLUDED,OUTCOME_UNCERTAINTY,30,0.5,0.09840877491116928,false,,0.38951612903225796,NOT_AVAILABLE_PIT,NOT_AVAILABLE_PIT,UNIVERSE_ELIGIBLE_ONLY,CALENDAR_YEAR_2018
EQTL3-0128,EQTL3,2018-05-30,2018-10-31,MOMENTUM_LOW_VOL,BOUNDARY_UNCERTAIN_EXCLUDED,OUTCOME_UNCERTAINTY,1,0.041666666666666664,-0.012045479347506797,true,,0.38951612903225796,NOT_AVAILABLE_PIT,NOT_AVAILABLE_PIT,UNIVERSE_ELIGIBLE_ONLY,CALENDAR_YEAR_2018
EQTL3-0128,EQTL3,2018-05-30,2018-10-31,REVERSAL_21,BOUNDARY_UNCERTAIN_EXCLUDED,OUTCOME_UNCERTAINTY,23,0.38333333333333336,-0.151195499296765,false,,0.38951612903225796,NOT_AVAILABLE_PIT,NOT_AVAILABLE_PIT,UNIVERSE_ELIGIBLE_ONLY,CALENDAR_YEAR_2018
EQTL3-0128,EQTL3,2018-05-30,2018-10-31,VOLUME_SURGE,BOUNDARY_UNCERTAIN_EXCLUDED,OUTCOME_UNCERTAINTY,24,0.4,0.3393774537510654,false,,0.38951612903225796,NOT_AVAILABLE_PIT,NOT_AVAILABLE_PIT,UNIVERSE_ELIGIBLE_ONLY,CALENDAR_YEAR_2018
ESTC3-0129,ESTC3,2017-01-31,2017-07-31,52W_HIGH,BOUNDARY_UNCERTAIN_EXCLUDED,OUTCOME_UNCERTAINTY,48,0.8,0.82,false,,1.3174500965872507,NOT_AVAILABLE_PIT,NOT_AVAILABLE_PIT,UNIVERSE_ELIGIBLE_ONLY,CALENDAR_YEAR_2017
ESTC3-0129,ESTC3,2017-01-31,2017-07-31,LOW_VOL_252,BOUNDARY_UNCERTAIN_EXCLUDED,OUTCOME_UNCERTAINTY,48,0.8,0.03262116509819321,false,,1.3174500965872507,NOT_AVAILABLE_PIT,NOT_AVAILABLE_PIT,UNIVERSE_ELIGIBLE_ONLY,CALENDAR_YEAR_2017
ESTC3-0129,ESTC3,2017-01-31,2017-07-31,MOMENTUM_12_1,BOUNDARY_UNCERTAIN_EXCLUDED,OUTCOME_UNCERTAINTY,30,0.5,0.4326833797585887,false,,1.3174500965872507,NOT_AVAILABLE_PIT,NOT_AVAILABLE_PIT,UNIVERSE_ELIGIBLE_ONLY,CALENDAR_YEAR_2017
ESTC3-0129,ESTC3,2017-01-31,2017-07-31,MOMENTUM_6_1,BOUNDARY_UNCERTAIN_EXCLUDED,OUTCOME_UNCERTAINTY,47,0.7833333333333333,-0.12179852020489479,false,,1.3174500965872507,NOT_AVAILABLE_PIT,NOT_AVAILABLE_PIT,UNIVERSE_ELIGIBLE_ONLY,CALENDAR_YEAR_2017
ESTC3-0129,ESTC3,2017-01-31,2017-07-31,MOMENTUM_LOW_VOL,BOUNDARY_UNCERTAIN_EXCLUDED,OUTCOME_UNCERTAINTY,,,,false,,1.3174500965872507,NOT_AVAILABLE_PIT,NOT_AVAILABLE_PIT,UNIVERSE_ELIGIBLE_ONLY,CALENDAR_YEAR_2017
ESTC3-0129,ESTC3,2017-01-31,2017-07-31,REVERSAL_21,BOUNDARY_UNCERTAIN_EXCLUDED,OUTCOME_UNCERTAINTY,30,0.5,0.06286454957874255,false,,1.3174500965872507,NOT_AVAILABLE_PIT,NOT_AVAILABLE_PIT,UNIVERSE_ELIGIBLE_ONLY,CALENDAR_YEAR_2017
ESTC3-0129,ESTC3,2017-01-31,2017-07-31,VOLUME_SURGE,BOUNDARY_UNCERTAIN_EXCLUDED,OUTCOME_UNCERTAINTY,23,0.38333333333333336,0.019140357713924194,false,,1.3174500965872507,NOT_AVAILABLE_PIT,NOT_AVAILABLE_PIT,UNIVERSE_ELIGIBLE_ONLY,CALENDAR_YEAR_2017
EZTC3-0130,EZTC3,2022-07-29,2022-07-29,52W_HIGH,MISS,RANK_TOO_LOW,38,0.6333333333333333,0.6070422535211267,false,,0.3150357995226729,NOT_AVAILABLE_PIT,NOT_AVAILABLE_PIT,UNIVERSE_ELIGIBLE_ONLY,CALENDAR_YEAR_2022
EZTC3-0130,EZTC3,2022-07-29,2022-07-29,LOW_VOL_252,MISS,RANK_TOO_LOW,42,0.7,0.030934257100335157,false,,0.3150357995226729,NOT_AVAILABLE_PIT,NOT_AVAILABLE_PIT,UNIVERSE_ELIGIBLE_ONLY,CALENDAR_YEAR_2022
EZTC3-0130,EZTC3,2022-07-29,2022-07-29,MOMENTUM_12_1,MISS,RANK_TOO_LOW,45,0.75,-0.46906841339155747,false,,0.3150357995226729,NOT_AVAILABLE_PIT,NOT_AVAILABLE_PIT,UNIVERSE_ELIGIBLE_ONLY,CALENDAR_YEAR_2022
EZTC3-0130,EZTC3,2022-07-29,2022-07-29,MOMENTUM_6_1,MISS,RANK_TOO_LOW,45,0.75,-0.3127649552520019,false,,0.3150357995226729,NOT_AVAILABLE_PIT,NOT_AVAILABLE_PIT,UNIVERSE_ELIGIBLE_ONLY,CALENDAR_YEAR_2022
EZTC3-0130,EZTC3,2022-07-29,2022-07-29,MOMENTUM_LOW_VOL,NOT_SCORABLE_BY_DETECTOR,INSUFFICIENT_HISTORY,,,,false,,0.3150357995226729,NOT_AVAILABLE_PIT,NOT_AVAILABLE_PIT,UNIVERSE_ELIGIBLE_ONLY,CALENDAR_YEAR_2022
EZTC3-0130,EZTC3,2022-07-29,2022-07-29,REVERSAL_21,MISS,RANK_TOO_LOW,57,0.95,0.18163125428375593,false,,0.3150357995226729,NOT_AVAILABLE_PIT,NOT_AVAILABLE_PIT,UNIVERSE_ELIGIBLE_ONLY,CALENDAR_YEAR_2022
EZTC3-0130,EZTC3,2022-07-29,2022-07-29,VOLUME_SURGE,MISS,RANK_TOO_LOW,40,0.6666666666666666,-0.3209942474262545,false,,0.3150357995226729,NOT_AVAILABLE_PIT,NOT_AVAILABLE_PIT,UNIVERSE_ELIGIBLE_ONLY,CALENDAR_YEAR_2022
EZTC3-0131,EZTC3,2022-12-29,2022-12-29,52W_HIGH,MISS,RANK_TOO_LOW,42,0.7,0.5943478260869565,false,,0.35636645962732905,NOT_AVAILABLE_PIT,NOT_AVAILABLE_PIT,UNIVERSE_ELIGIBLE_ONLY,CALENDAR_YEAR_2022
EZTC3-0131,EZTC3,2022-12-29,2022-12-29,LOW_VOL_252,MISS,RANK_TOO_LOW,38,0.6333333333333333,0.029956168596545544,false,,0.35636645962732905,NOT_AVAILABLE_PIT,NOT_AVAILABLE_PIT,UNIVERSE_ELIGIBLE_ONLY,CALENDAR_YEAR_2022
EZTC3-0131,EZTC3,2022-12-29,2022-12-29,MOMENTUM_12_1,MISS,RANK_TOO_LOW,43,0.7166666666666667,-0.23538156590683845,false,,0.35636645962732905,NOT_AVAILABLE_PIT,NOT_AVAILABLE_PIT,UNIVERSE_ELIGIBLE_ONLY,CALENDAR_YEAR_2022
EZTC3-0131,EZTC3,2022-12-29,2022-12-29,MOMENTUM_6_1,MISS,RANK_TOO_LOW,26,0.43333333333333335,0.05757368060315282,false,,0.35636645962732905,NOT_AVAILABLE_PIT,NOT_AVAILABLE_PIT,UNIVERSE_ELIGIBLE_ONLY,CALENDAR_YEAR_2022
EZTC3-0131,EZTC3,2022-12-29,2022-12-29,MOMENTUM_LOW_VOL,NOT_SCORABLE_BY_DETECTOR,INSUFFICIENT_HISTORY,,,,false,,0.35636645962732905,NOT_AVAILABLE_PIT,NOT_AVAILABLE_PIT,UNIVERSE_ELIGIBLE_ONLY,CALENDAR_YEAR_2022
EZTC3-0131,EZTC3,2022-12-29,2022-12-29,REVERSAL_21,EARLY_HIT,DETECTED,6,0.1,-0.11406351263771874,true,1.0,0.35636645962732905,NOT_AVAILABLE_PIT,NOT_AVAILABLE_PIT,UNIVERSE_ELIGIBLE_ONLY,CALENDAR_YEAR_2022
EZTC3-0131,EZTC3,2022-12-29,2022-12-29,VOLUME_SURGE,MISS,RANK_TOO_LOW,30,0.5,-0.07396947255931274,false,,0.35636645962732905,NOT_AVAILABLE_PIT,NOT_AVAILABLE_PIT,UNIVERSE_ELIGIBLE_ONLY,CALENDAR_YEAR_2022
EZTC3-0132,EZTC3,2023-02-28,2023-02-28,52W_HIGH,MISS,RANK_TOO_LOW,46,0.7666666666666667,0.5621739130434783,false,1.0,0.41443633414436354,NOT_AVAILABLE_PIT,NOT_AVAILABLE_PIT,UNIVERSE_ELIGIBLE_ONLY,CALENDAR_YEAR_2023
EZTC3-0132,EZTC3,2023-02-28,2023-02-28,LOW_VOL_252,MISS,RANK_TOO_LOW,37,0.6166666666666667,0.02926186042346291,false,1.0,0.41443633414436354,NOT_AVAILABLE_PIT,NOT_AVAILABLE_PIT,UNIVERSE_ELIGIBLE_ONLY,CALENDAR_YEAR_2023
EZTC3-0132,EZTC3,2023-02-28,2023-02-28,MOMENTUM_12_1,MISS,RANK_TOO_LOW,42,0.7,-0.223127035830619,false,1.0,0.41443633414436354,NOT_AVAILABLE_PIT,NOT_AVAILABLE_PIT,UNIVERSE_ELIGIBLE_ONLY,CALENDAR_YEAR_2023
EZTC3-0132,EZTC3,2023-02-28,2023-02-28,MOMENTUM_6_1,MISS,RANK_TOO_LOW,48,0.8,-0.23105857066093494,false,1.0,0.41443633414436354,NOT_AVAILABLE_PIT,NOT_AVAILABLE_PIT,UNIVERSE_ELIGIBLE_ONLY,CALENDAR_YEAR_2023
EZTC3-0132,EZTC3,2023-02-28,2023-02-28,MOMENTUM_LOW_VOL,NOT_SCORABLE_BY_DETECTOR,INSUFFICIENT_HISTORY,,,,false,1.0,0.41443633414436354,NOT_AVAILABLE_PIT,NOT_AVAILABLE_PIT,UNIVERSE_ELIGIBLE_ONLY,CALENDAR_YEAR_2023
EZTC3-0132,EZTC3,2023-02-28,2023-02-28,REVERSAL_21,MISS,RANK_TOO_LOW,27,0.45,-0.09643605870020966,false,1.0,0.41443633414436354,NOT_AVAILABLE_PIT,NOT_AVAILABLE_PIT,UNIVERSE_ELIGIBLE_ONLY,CALENDAR_YEAR_2023
EZTC3-0132,EZTC3,2023-02-28,2023-02-28,VOLUME_SURGE,EARLY_HIT,DETECTED,11,0.18333333333333332,0.1112668776247534,true,1.0,0.41443633414436354,NOT_AVAILABLE_PIT,NOT_AVAILABLE_PIT,UNIVERSE_ELIGIBLE_ONLY,CALENDAR_YEAR_2023
EZTC3-0133,EZTC3,2024-11-29,2024-11-29,52W_HIGH,MISS,RANK_TOO_LOW,44,0.7333333333333333,0.675960021041557,false,1.0,0.6805555555555556,NOT_AVAILABLE_PIT,NOT_AVAILABLE_PIT,UNIVERSE_ELIGIBLE_ONLY,CALENDAR_YEAR_2024
EZTC3-0133,EZTC3,2024-11-29,2024-11-29,LOW_VOL_252,MISS,RANK_TOO_LOW,46,0.7666666666666667,0.02504603884062677,false,1.0,0.6805555555555556,NOT_AVAILABLE_PIT,NOT_AVAILABLE_PIT,UNIVERSE_ELIGIBLE_ONLY,CALENDAR_YEAR_2024
EZTC3-0133,EZTC3,2024-11-29,2024-11-29,MOMENTUM_12_1,MISS,RANK_TOO_LOW,52,0.8666666666666667,-0.2775401069518716,false,1.0,0.6805555555555556,NOT_AVAILABLE_PIT,NOT_AVAILABLE_PIT,UNIVERSE_ELIGIBLE_ONLY,CALENDAR_YEAR_2024
EZTC3-0133,EZTC3,2024-11-29,2024-11-29,MOMENTUM_6_1,MISS,RANK_TOO_LOW,31,0.5166666666666667,0.025037936267071403,false,1.0,0.6805555555555556,NOT_AVAILABLE_PIT,NOT_AVAILABLE_PIT,UNIVERSE_ELIGIBLE_ONLY,CALENDAR_YEAR_2024
EZTC3-0133,EZTC3,2024-11-29,2024-11-29,MOMENTUM_LOW_VOL,NOT_SCORABLE_BY_DETECTOR,INSUFFICIENT_HISTORY,,,,false,1.0,0.6805555555555556,NOT_AVAILABLE_PIT,NOT_AVAILABLE_PIT,UNIVERSE_ELIGIBLE_ONLY,CALENDAR_YEAR_2024
EZTC3-0133,EZTC3,2024-11-29,2024-11-29,REVERSAL_21,MISS,RANK_TOO_LOW,37,0.6166666666666667,-0.0488527017024426,false,1.0,0.6805555555555556,NOT_AVAILABLE_PIT,NOT_AVAILABLE_PIT,UNIVERSE_ELIGIBLE_ONLY,CALENDAR_YEAR_2024
EZTC3-0133,EZTC3,2024-11-29,2024-11-29,VOLUME_SURGE,EARLY_HIT,DETECTED,5,0.08333333333333333,0.7192056311069646,true,1.0,0.6805555555555556,NOT_AVAILABLE_PIT,NOT_AVAILABLE_PIT,UNIVERSE_ELIGIBLE_ONLY,CALENDAR_YEAR_2024
FIBR3-0134,FIBR3,2017-01-31,2017-12-28,52W_HIGH,BOUNDARY_UNCERTAIN_EXCLUDED,OUTCOME_UNCERTAINTY,58,0.9666666666666667,0.7172038129822969,false,,0.9394469723486172,NOT_AVAILABLE_PIT,NOT_AVAILABLE_PIT,UNIVERSE_ELIGIBLE_ONLY,CALENDAR_YEAR_2017
FIBR3-0134,FIBR3,2017-01-31,2017-12-28,LOW_VOL_252,BOUNDARY_UNCERTAIN_EXCLUDED,OUTCOME_UNCERTAINTY,45,0.75,0.029428520656878204,false,,0.9394469723486172,NOT_AVAILABLE_PIT,NOT_AVAILABLE_PIT,UNIVERSE_ELIGIBLE_ONLY,CALENDAR_YEAR_2017
FIBR3-0134,FIBR3,2017-01-31,2017-12-28,MOMENTUM_12_1,BOUNDARY_UNCERTAIN_EXCLUDED,OUTCOME_UNCERTAINTY,59,0.9833333333333333,-0.2740825688073395,false,,0.9394469723486172,NOT_AVAILABLE_PIT,NOT_AVAILABLE_PIT,UNIVERSE_ELIGIBLE_ONLY,CALENDAR_YEAR_2017
FIBR3-0134,FIBR3,2017-01-31,2017-12-28,MOMENTUM_6_1,BOUNDARY_UNCERTAIN_EXCLUDED,OUTCOME_UNCERTAINTY,4,0.06666666666666667,0.5304642166344293,true,,0.9394469723486172,NOT_AVAILABLE_PIT,NOT_AVAILABLE_PIT,UNIVERSE_ELIGIBLE_ONLY,CALENDAR_YEAR_2017
FIBR3-0134,FIBR3,2017-01-31,2017-12-28,MOMENTUM_LOW_VOL,BOUNDARY_UNCERTAIN_EXCLUDED,OUTCOME_UNCERTAINTY,,,,false,,0.9394469723486172,NOT_AVAILABLE_PIT,NOT_AVAILABLE_PIT,UNIVERSE_ELIGIBLE_ONLY,CALENDAR_YEAR_2017
FIBR3-0134,FIBR3,2017-01-31,2017-12-28,REVERSAL_21,BOUNDARY_UNCERTAIN_EXCLUDED,OUTCOME_UNCERTAINTY,10,0.16666666666666666,-0.0015797788309636074,true,,0.9394469723486172,NOT_AVAILABLE_PIT,NOT_AVAILABLE_PIT,UNIVERSE_ELIGIBLE_ONLY,CALENDAR_YEAR_2017
FIBR3-0134,FIBR3,2017-01-31,2017-12-28,VOLUME_SURGE,BOUNDARY_UNCERTAIN_EXCLUDED,OUTCOME_UNCERTAINTY,56,0.9333333333333333,-0.341422255269092,false,,0.9394469723486172,NOT_AVAILABLE_PIT,NOT_AVAILABLE_PIT,UNIVERSE_ELIGIBLE_ONLY,CALENDAR_YEAR_2017
GGBR4-0135,GGBR4,2017-03-31,2017-07-31,52W_HIGH,MISS,RANK_TOO_LOW,54,0.9,0.7318741450068399,false,,0.46461824953445063,NOT_AVAILABLE_PIT,NOT_AVAILABLE_PIT,UNIVERSE_ELIGIBLE_ONLY,CALENDAR_YEAR_2017
GGBR4-0135,GGBR4,2017-03-31,2017-07-31,LOW_VOL_252,MISS,RANK_TOO_LOW,57,0.95,0.03699494008128436,false,,0.46461824953445063,NOT_AVAILABLE_PIT,NOT_AVAILABLE_PIT,UNIVERSE_ELIGIBLE_ONLY,CALENDAR_YEAR_2017
GGBR4-0135,GGBR4,2017-03-31,2017-07-31,MOMENTUM_12_1,EARLY_HIT,DETECTED,9,0.15,1.1875,true,1.0,0.46461824953445063,NOT_AVAILABLE_PIT,NOT_AVAILABLE_PIT,UNIVERSE_ELIGIBLE_ONLY,CALENDAR_YEAR_2017
GGBR4-0135,GGBR4,2017-03-31,2017-07-31,MOMENTUM_6_1,EARLY_HIT,DETECTED,7,0.11666666666666667,0.5322580645161292,true,1.0,0.46461824953445063,NOT_AVAILABLE_PIT,NOT_AVAILABLE_PIT,UNIVERSE_ELIGIBLE_ONLY,CALENDAR_YEAR_2017
GGBR4-0135,GGBR4,2017-03-31,2017-07-31,MOMENTUM_LOW_VOL,MISS,RANK_TOO_LOW,21,0.875,-0.03699494008128436,false,,0.46461824953445063,NOT_AVAILABLE_PIT,NOT_AVAILABLE_PIT,UNIVERSE_ELIGIBLE_ONLY,CALENDAR_YEAR_2017
GGBR4-0135,GGBR4,2017-03-31,2017-07-31,REVERSAL_21,EARLY_HIT,DETECTED,4,0.06666666666666667,-0.19548872180451138,true,1.0,0.46461824953445063,NOT_AVAILABLE_PIT,NOT_AVAILABLE_PIT,UNIVERSE_ELIGIBLE_ONLY,CALENDAR_YEAR_2017
GGBR4-0135,GGBR4,2017-03-31,2017-07-31,VOLUME_SURGE,MISS,RANK_TOO_LOW,35,0.5833333333333334,0.05624790006478464,false,,0.46461824953445063,NOT_AVAILABLE_PIT,NOT_AVAILABLE_PIT,UNIVERSE_ELIGIBLE_ONLY,CALENDAR_YEAR_2017
GGBR4-0136,GGBR4,2017-09-29,2017-11-30,52W_HIGH,MISS,RANK_TOO_LOW,55,0.9166666666666666,0.7428180574555403,false,,0.5281818181818181,NOT_AVAILABLE_PIT,NOT_AVAILABLE_PIT,UNIVERSE_ELIGIBLE_ONLY,CALENDAR_YEAR_2017
GGBR4-0136,GGBR4,2017-09-29,2017-11-30,LOW_VOL_252,MISS,RANK_TOO_LOW,54,0.9,0.02811898422070732,false,,0.5281818181818181,NOT_AVAILABLE_PIT,NOT_AVAILABLE_PIT,UNIVERSE_ELIGIBLE_ONLY,CALENDAR_YEAR_2017
GGBR4-0136,GGBR4,2017-09-29,2017-11-30,MOMENTUM_12_1,MISS,RANK_TOO_LOW,16,0.26666666666666666,0.31760644418872275,false,,0.5281818181818181,NOT_AVAILABLE_PIT,NOT_AVAILABLE_PIT,UNIVERSE_ELIGIBLE_ONLY,CALENDAR_YEAR_2017
GGBR4-0136,GGBR4,2017-09-29,2017-11-30,MOMENTUM_6_1,MISS,RANK_TOO_LOW,36,0.6,0.035262206148281905,false,,0.5281818181818181,NOT_AVAILABLE_PIT,NOT_AVAILABLE_PIT,UNIVERSE_ELIGIBLE_ONLY,CALENDAR_YEAR_2017
GGBR4-0136,GGBR4,2017-09-29,2017-11-30,MOMENTUM_LOW_VOL,MISS,RANK_TOO_LOW,20,0.8333333333333334,-0.02811898422070732,false,,0.5281818181818181,NOT_AVAILABLE_PIT,NOT_AVAILABLE_PIT,UNIVERSE_ELIGIBLE_ONLY,CALENDAR_YEAR_2017
GGBR4-0136,GGBR4,2017-09-29,2017-11-30,REVERSAL_21,EARLY_HIT,DETECTED,9,0.15,-0.051528384279475925,true,1.0,0.5281818181818181,NOT_AVAILABLE_PIT,NOT_AVAILABLE_PIT,UNIVERSE_ELIGIBLE_ONLY,CALENDAR_YEAR_2017
GGBR4-0136,GGBR4,2017-09-29,2017-11-30,VOLUME_SURGE,MISS,RANK_TOO_LOW,22,0.36666666666666664,0.25587185104675814,false,,0.5281818181818181,NOT_AVAILABLE_PIT,NOT_AVAILABLE_PIT,UNIVERSE_ELIGIBLE_ONLY,CALENDAR_YEAR_2017
GGBR4-0137,GGBR4,2018-12-28,2018-12-28,52W_HIGH,MISS,RANK_TOO_LOW,37,0.6166666666666667,0.7901369863013699,false,,0.36578947368421066,NOT_AVAILABLE_PIT,NOT_AVAILABLE_PIT,UNIVERSE_ELIGIBLE_ONLY,CALENDAR_YEAR_2018
GGBR4-0137,GGBR4,2018-12-28,2018-12-28,LOW_VOL_252,MISS,RANK_TOO_LOW,46,0.7666666666666667,0.026336752198550806,false,,0.36578947368421066,NOT_AVAILABLE_PIT,NOT_AVAILABLE_PIT,UNIVERSE_ELIGIBLE_ONLY,CALENDAR_YEAR_2018
GGBR4-0137,GGBR4,2018-12-28,2018-12-28,MOMENTUM_12_1,MISS,RANK_TOO_LOW,22,0.36666666666666664,0.22719734660033164,false,,0.36578947368421066,NOT_AVAILABLE_PIT,NOT_AVAILABLE_PIT,UNIVERSE_ELIGIBLE_ONLY,CALENDAR_YEAR_2018
GGBR4-0137,GGBR4,2018-12-28,2018-12-28,MOMENTUM_6_1,MISS,RANK_TOO_LOW,44,0.7333333333333333,0.03786816269284721,false,,0.36578947368421066,NOT_AVAILABLE_PIT,NOT_AVAILABLE_PIT,UNIVERSE_ELIGIBLE_ONLY,CALENDAR_YEAR_2018
GGBR4-0137,GGBR4,2018-12-28,2018-12-28,MOMENTUM_LOW_VOL,MISS,RANK_TOO_LOW,16,0.6666666666666666,-0.026336752198550806,false,,0.36578947368421066,NOT_AVAILABLE_PIT,NOT_AVAILABLE_PIT,UNIVERSE_ELIGIBLE_ONLY,CALENDAR_YEAR_2018
GGBR4-0137,GGBR4,2018-12-28,2018-12-28,REVERSAL_21,MISS,RANK_TOO_LOW,16,0.26666666666666666,-0.025675675675675746,false,,0.36578947368421066,NOT_AVAILABLE_PIT,NOT_AVAILABLE_PIT,UNIVERSE_ELIGIBLE_ONLY,CALENDAR_YEAR_2018
GGBR4-0137,GGBR4,2018-12-28,2018-12-28,VOLUME_SURGE,MISS,RANK_TOO_LOW,49,0.8166666666666667,-0.011578925675990503,false,,0.36578947368421066,NOT_AVAILABLE_PIT,NOT_AVAILABLE_PIT,UNIVERSE_ELIGIBLE_ONLY,CALENDAR_YEAR_2018
GGBR4-0138,GGBR4,2019-08-30,2019-11-29,52W_HIGH,MISS,RANK_TOO_LOW,55,0.9166666666666666,0.7176403207331041,false,0.5015608740894901,0.5631911532385465,NOT_AVAILABLE_PIT,NOT_AVAILABLE_PIT,UNIVERSE_ELIGIBLE_ONLY,CALENDAR_YEAR_2019
GGBR4-0138,GGBR4,2019-08-30,2019-11-29,LOW_VOL_252,MISS,RANK_TOO_LOW,25,0.4166666666666667,0.02059905927252887,false,0.5015608740894901,0.5631911532385465,NOT_AVAILABLE_PIT,NOT_AVAILABLE_PIT,UNIVERSE_ELIGIBLE_ONLY,CALENDAR_YEAR_2019
GGBR4-0138,GGBR4,2019-08-30,2019-11-29,MOMENTUM_12_1,MISS,RANK_TOO_LOW,56,0.9333333333333333,-0.15175817396668723,false,0.5015608740894901,0.5631911532385465,NOT_AVAILABLE_PIT,NOT_AVAILABLE_PIT,UNIVERSE_ELIGIBLE_ONLY,CALENDAR_YEAR_2019
GGBR4-0138,GGBR4,2019-08-30,2019-11-29,MOMENTUM_6_1,MISS,RANK_TOO_LOW,53,0.8833333333333333,-0.11175710594315247,false,0.5015608740894901,0.5631911532385465,NOT_AVAILABLE_PIT,NOT_AVAILABLE_PIT,UNIVERSE_ELIGIBLE_ONLY,CALENDAR_YEAR_2019
GGBR4-0138,GGBR4,2019-08-30,2019-11-29,MOMENTUM_LOW_VOL,NOT_SCORABLE_BY_DETECTOR,INSUFFICIENT_HISTORY,,,,false,0.5015608740894901,0.5631911532385465,NOT_AVAILABLE_PIT,NOT_AVAILABLE_PIT,UNIVERSE_ELIGIBLE_ONLY,CALENDAR_YEAR_2019
GGBR4-0138,GGBR4,2019-08-30,2019-11-29,REVERSAL_21,EARLY_HIT,DETECTED,6,0.1,-0.08872727272727277,true,1.0,0.5631911532385465,NOT_AVAILABLE_PIT,NOT_AVAILABLE_PIT,UNIVERSE_ELIGIBLE_ONLY,CALENDAR_YEAR_2019
GGBR4-0138,GGBR4,2019-08-30,2019-11-29,VOLUME_SURGE,EARLY_HIT,DETECTED,43,0.7166666666666667,0.0461985282168218,false,0.5015608740894901,0.5631911532385465,NOT_AVAILABLE_PIT,NOT_AVAILABLE_PIT,UNIVERSE_ELIGIBLE_ONLY,CALENDAR_YEAR_2019
GGBR4-0139,GGBR4,2020-02-28,2020-09-30,52W_HIGH,EARLY_HIT,DETECTED,46,0.7666666666666667,0.7674000898069151,false,0.7187244480784954,0.5615251299826691,NOT_AVAILABLE_PIT,NOT_AVAILABLE_PIT,UNIVERSE_ELIGIBLE_ONLY,CALENDAR_YEAR_2020
GGBR4-0139,GGBR4,2020-02-28,2020-09-30,LOW_VOL_252,MISS,RANK_TOO_LOW,41,0.6833333333333333,0.022037248331454564,false,,0.5615251299826691,NOT_AVAILABLE_PIT,NOT_AVAILABLE_PIT,UNIVERSE_ELIGIBLE_ONLY,CALENDAR_YEAR_2020
GGBR4-0139,GGBR4,2020-02-28,2020-09-30,MOMENTUM_12_1,EARLY_HIT,DETECTED,35,0.5833333333333334,0.2626582278481011,false,0.7187244480784954,0.5615251299826691,NOT_AVAILABLE_PIT,NOT_AVAILABLE_PIT,UNIVERSE_ELIGIBLE_ONLY,CALENDAR_YEAR_2020
GGBR4-0139,GGBR4,2020-02-28,2020-09-30,MOMENTUM_6_1,EARLY_HIT,DETECTED,7,0.11666666666666667,0.6232709519934907,true,1.0,0.5615251299826691,NOT_AVAILABLE_PIT,NOT_AVAILABLE_PIT,UNIVERSE_ELIGIBLE_ONLY,CALENDAR_YEAR_2020
GGBR4-0139,GGBR4,2020-02-28,2020-09-30,MOMENTUM_LOW_VOL,MISS,NO_SIGNAL,,,,false,,0.5615251299826691,NOT_AVAILABLE_PIT,NOT_AVAILABLE_PIT,UNIVERSE_ELIGIBLE_ONLY,CALENDAR_YEAR_2020
GGBR4-0139,GGBR4,2020-02-28,2020-09-30,REVERSAL_21,EARLY_HIT,DETECTED,12,0.2,-0.1433583959899749,true,1.0,0.5615251299826691,NOT_AVAILABLE_PIT,NOT_AVAILABLE_PIT,UNIVERSE_ELIGIBLE_ONLY,CALENDAR_YEAR_2020
GGBR4-0139,GGBR4,2020-02-28,2020-09-30,VOLUME_SURGE,MISS,RANK_TOO_LOW,22,0.36666666666666664,0.39011539259034067,false,,0.5615251299826691,NOT_AVAILABLE_PIT,NOT_AVAILABLE_PIT,UNIVERSE_ELIGIBLE_ONLY,CALENDAR_YEAR_2020
GGBR4-0140,GGBR4,2025-01-31,2025-01-31,52W_HIGH,MISS,RANK_TOO_LOW,30,0.5,0.7676025917926567,false,,0.3180778032036613,NOT_AVAILABLE_PIT,NOT_AVAILABLE_PIT,UNIVERSE_ELIGIBLE_ONLY,CALENDAR_YEAR_2025
GGBR4-0140,GGBR4,2025-01-31,2025-01-31,LOW_VOL_252,MISS,RANK_TOO_LOW,31,0.5166666666666667,0.020460363688993358,false,,0.3180778032036613,NOT_AVAILABLE_PIT,NOT_AVAILABLE_PIT,UNIVERSE_ELIGIBLE_ONLY,CALENDAR_YEAR_2025
GGBR4-0140,GGBR4,2025-01-31,2025-01-31,MOMENTUM_12_1,MISS,RANK_TOO_LOW,30,0.5,-0.15074906367041196,false,,0.3180778032036613,NOT_AVAILABLE_PIT,NOT_AVAILABLE_PIT,UNIVERSE_ELIGIBLE_ONLY,CALENDAR_YEAR_2025
GGBR4-0140,GGBR4,2025-01-31,2025-01-31,MOMENTUM_6_1,MISS,RANK_TOO_LOW,13,0.21666666666666667,0.006100942872989457,false,,0.3180778032036613,NOT_AVAILABLE_PIT,NOT_AVAILABLE_PIT,UNIVERSE_ELIGIBLE_ONLY,CALENDAR_YEAR_2025
GGBR4-0140,GGBR4,2025-01-31,2025-01-31,MOMENTUM_LOW_VOL,NOT_SCORABLE_BY_DETECTOR,INSUFFICIENT_HISTORY,,,,false,,0.3180778032036613,NOT_AVAILABLE_PIT,NOT_AVAILABLE_PIT,UNIVERSE_ELIGIBLE_ONLY,CALENDAR_YEAR_2025
GGBR4-0140,GGBR4,2025-01-31,2025-01-31,REVERSAL_21,EARLY_HIT,DETECTED,11,0.18333333333333332,-0.020396912899669273,true,1.0,0.3180778032036613,NOT_AVAILABLE_PIT,NOT_AVAILABLE_PIT,UNIVERSE_ELIGIBLE_ONLY,CALENDAR_YEAR_2025
GGBR4-0140,GGBR4,2025-01-31,2025-01-31,VOLUME_SURGE,MISS,RANK_TOO_LOW,30,0.5,-0.11383830028755726,false,,0.3180778032036613,NOT_AVAILABLE_PIT,NOT_AVAILABLE_PIT,UNIVERSE_ELIGIBLE_ONLY,CALENDAR_YEAR_2025
GGBR4-0141,GGBR4,2025-04-30,2025-07-31,52W_HIGH,MISS,RANK_TOO_LOW,44,0.7333333333333333,0.7267139479905438,false,,0.5133868808567603,NOT_AVAILABLE_PIT,NOT_AVAILABLE_PIT,UNIVERSE_ELIGIBLE_ONLY,CALENDAR_YEAR_2025
GGBR4-0141,GGBR4,2025-04-30,2025-07-31,LOW_VOL_252,MISS,RANK_TOO_LOW,26,0.43333333333333335,0.01881893094644786,false,,0.5133868808567603,NOT_AVAILABLE_PIT,NOT_AVAILABLE_PIT,UNIVERSE_ELIGIBLE_ONLY,CALENDAR_YEAR_2025
GGBR4-0141,GGBR4,2025-04-30,2025-07-31,MOMENTUM_12_1,MISS,RANK_TOO_LOW,30,0.5,-0.053376906318082784,false,,0.5133868808567603,NOT_AVAILABLE_PIT,NOT_AVAILABLE_PIT,UNIVERSE_ELIGIBLE_ONLY,CALENDAR_YEAR_2025
GGBR4-0141,GGBR4,2025-04-30,2025-07-31,MOMENTUM_6_1,MISS,RANK_TOO_LOW,31,0.5166666666666667,-0.052344601962922566,false,,0.5133868808567603,NOT_AVAILABLE_PIT,NOT_AVAILABLE_PIT,UNIVERSE_ELIGIBLE_ONLY,CALENDAR_YEAR_2025
GGBR4-0141,GGBR4,2025-04-30,2025-07-31,MOMENTUM_LOW_VOL,NOT_SCORABLE_BY_DETECTOR,INSUFFICIENT_HISTORY,,,,false,,0.5133868808567603,NOT_AVAILABLE_PIT,NOT_AVAILABLE_PIT,UNIVERSE_ELIGIBLE_ONLY,CALENDAR_YEAR_2025
GGBR4-0141,GGBR4,2025-04-30,2025-07-31,REVERSAL_21,EARLY_HIT,DETECTED,6,0.1,-0.1156501726121979,true,1.0,0.5133868808567603,NOT_AVAILABLE_PIT,NOT_AVAILABLE_PIT,UNIVERSE_ELIGIBLE_ONLY,CALENDAR_YEAR_2025
GGBR4-0141,GGBR4,2025-04-30,2025-07-31,VOLUME_SURGE,MISS,RANK_TOO_LOW,41,0.6833333333333333,-0.046306583092388554,false,,0.5133868808567603,NOT_AVAILABLE_PIT,NOT_AVAILABLE_PIT,UNIVERSE_ELIGIBLE_ONLY,CALENDAR_YEAR_2025
GGPS3-0142,GGPS3,2025-02-28,2025-02-28,52W_HIGH,MISS,RANK_TOO_LOW,40,0.6666666666666666,0.6964285714285715,false,,0.34010534236267875,NOT_AVAILABLE_PIT,NOT_AVAILABLE_PIT,UNIVERSE_ELIGIBLE_ONLY,CALENDAR_YEAR_2025
GGPS3-0142,GGPS3,2025-02-28,2025-02-28,LOW_VOL_252,MISS,RANK_TOO_LOW,23,0.38333333333333336,0.016629133037928352,false,,0.34010534236267875,NOT_AVAILABLE_PIT,NOT_AVAILABLE_PIT,UNIVERSE_ELIGIBLE_ONLY,CALENDAR_YEAR_2025
GGPS3-0142,GGPS3,2025-02-28,2025-02-28,MOMENTUM_12_1,MISS,RANK_TOO_LOW,37,0.6166666666666667,-0.196230598669623,false,,0.34010534236267875,NOT_AVAILABLE_PIT,NOT_AVAILABLE_PIT,UNIVERSE_ELIGIBLE_ONLY,CALENDAR_YEAR_2025
GGPS3-0142,GGPS3,2025-02-28,2025-02-28,MOMENTUM_6_1,MISS,RANK_TOO_LOW,41,0.6833333333333333,-0.20329670329670324,false,,0.34010534236267875,NOT_AVAILABLE_PIT,NOT_AVAILABLE_PIT,UNIVERSE_ELIGIBLE_ONLY,CALENDAR_YEAR_2025
GGPS3-0142,GGPS3,2025-02-28,2025-02-28,MOMENTUM_LOW_VOL,NOT_SCORABLE_BY_DETECTOR,INSUFFICIENT_HISTORY,,,,false,,0.34010534236267875,NOT_AVAILABLE_PIT,NOT_AVAILABLE_PIT,UNIVERSE_ELIGIBLE_ONLY,CALENDAR_YEAR_2025
GGPS3-0142,GGPS3,2025-02-28,2025-02-28,REVERSAL_21,MISS,RANK_TOO_LOW,22,0.36666666666666664,-0.004827586206896606,false,,0.34010534236267875,NOT_AVAILABLE_PIT,NOT_AVAILABLE_PIT,UNIVERSE_ELIGIBLE_ONLY,CALENDAR_YEAR_2025
GGPS3-0142,GGPS3,2025-02-28,2025-02-28,VOLUME_SURGE,MISS,RANK_TOO_LOW,26,0.43333333333333335,-0.012992013645618417,false,,0.34010534236267875,NOT_AVAILABLE_PIT,NOT_AVAILABLE_PIT,UNIVERSE_ELIGIBLE_ONLY,CALENDAR_YEAR_2025
GMAT3-0143,GMAT3,2023-02-28,2023-04-28,52W_HIGH,MISS,RANK_TOO_LOW,27,0.45,0.7506493506493507,false,0.9608540925266903,0.453382084095064,NOT_AVAILABLE_PIT,NOT_AVAILABLE_PIT,UNIVERSE_ELIGIBLE_ONLY,CALENDAR_YEAR_2023
GMAT3-0143,GMAT3,2023-02-28,2023-04-28,LOW_VOL_252,MISS,RANK_TOO_LOW,44,0.7333333333333333,0.03162415608125837,false,0.9608540925266903,0.453382084095064,NOT_AVAILABLE_PIT,NOT_AVAILABLE_PIT,UNIVERSE_ELIGIBLE_ONLY,CALENDAR_YEAR_2023
GMAT3-0143,GMAT3,2023-02-28,2023-04-28,MOMENTUM_12_1,EARLY_HIT,DETECTED,12,0.2,0.2309027777777779,true,1.0,0.453382084095064,NOT_AVAILABLE_PIT,NOT_AVAILABLE_PIT,UNIVERSE_ELIGIBLE_ONLY,CALENDAR_YEAR_2023
GMAT3-0143,GMAT3,2023-02-28,2023-04-28,MOMENTUM_6_1,EARLY_HIT,DETECTED,10,0.16666666666666666,0.15284552845528454,true,1.0,0.453382084095064,NOT_AVAILABLE_PIT,NOT_AVAILABLE_PIT,UNIVERSE_ELIGIBLE_ONLY,CALENDAR_YEAR_2023
GMAT3-0143,GMAT3,2023-02-28,2023-04-28,MOMENTUM_LOW_VOL,MISS,RANK_TOO_LOW,22,0.9166666666666666,-0.03162415608125837,false,0.9608540925266903,0.453382084095064,NOT_AVAILABLE_PIT,NOT_AVAILABLE_PIT,UNIVERSE_ELIGIBLE_ONLY,CALENDAR_YEAR_2023
GMAT3-0143,GMAT3,2023-02-28,2023-04-28,REVERSAL_21,EARLY_HIT,DETECTED,8,0.13333333333333333,-0.18476727785613534,true,1.0,0.453382084095064,NOT_AVAILABLE_PIT,NOT_AVAILABLE_PIT,UNIVERSE_ELIGIBLE_ONLY,CALENDAR_YEAR_2023
GMAT3-0143,GMAT3,2023-02-28,2023-04-28,VOLUME_SURGE,EARLY_HIT,DETECTED,34,0.5666666666666667,-0.12439164963932903,false,0.9608540925266903,0.453382084095064,NOT_AVAILABLE_PIT,NOT_AVAILABLE_PIT,UNIVERSE_ELIGIBLE_ONLY,CALENDAR_YEAR_2023
GNDI3-0144,GNDI3,2019-05-31,2019-07-31,52W_HIGH,EARLY_HIT,DETECTED,4,0.06666666666666667,1.0,true,1.0,0.5304878048780488,NOT_AVAILABLE_PIT,NOT_AVAILABLE_PIT,UNIVERSE_ELIGIBLE_ONLY,CALENDAR_YEAR_2019
GNDI3-0144,GNDI3,2019-05-31,2019-07-31,LOW_VOL_252,MISS,RANK_TOO_LOW,22,0.36666666666666664,0.020785731772177886,false,1.0,0.5304878048780488,NOT_AVAILABLE_PIT,NOT_AVAILABLE_PIT,UNIVERSE_ELIGIBLE_ONLY,CALENDAR_YEAR_2019
GNDI3-0144,GNDI3,2019-05-31,2019-07-31,MOMENTUM_12_1,EARLY_HIT,DETECTED,6,0.1,0.6723809523809523,true,1.0,0.5304878048780488,NOT_AVAILABLE_PIT,NOT_AVAILABLE_PIT,UNIVERSE_ELIGIBLE_ONLY,CALENDAR_YEAR_2019
GNDI3-0144,GNDI3,2019-05-31,2019-07-31,MOMENTUM_6_1,EARLY_HIT,DETECTED,9,0.15,0.3178236397748593,true,1.0,0.5304878048780488,NOT_AVAILABLE_PIT,NOT_AVAILABLE_PIT,UNIVERSE_ELIGIBLE_ONLY,CALENDAR_YEAR_2019
GNDI3-0144,GNDI3,2019-05-31,2019-07-31,MOMENTUM_LOW_VOL,MISS,RANK_TOO_LOW,9,0.375,-0.020785731772177886,false,1.0,0.5304878048780488,NOT_AVAILABLE_PIT,NOT_AVAILABLE_PIT,UNIVERSE_ELIGIBLE_ONLY,CALENDAR_YEAR_2019
GNDI3-0144,GNDI3,2019-05-31,2019-07-31,REVERSAL_21,MISS,RANK_TOO_LOW,59,0.9833333333333333,0.1788154897494305,false,1.0,0.5304878048780488,NOT_AVAILABLE_PIT,NOT_AVAILABLE_PIT,UNIVERSE_ELIGIBLE_ONLY,CALENDAR_YEAR_2019
GNDI3-0144,GNDI3,2019-05-31,2019-07-31,VOLUME_SURGE,EARLY_HIT,DETECTED,3,0.05,2.1050952294581746,true,1.0,0.5304878048780488,NOT_AVAILABLE_PIT,NOT_AVAILABLE_PIT,UNIVERSE_ELIGIBLE_ONLY,CALENDAR_YEAR_2019
GNDI3-0145,GNDI3,2020-01-31,2020-05-29,52W_HIGH,BOUNDARY_UNCERTAIN_EXCLUDED,OUTCOME_UNCERTAINTY,40,0.6666666666666666,0.9212629372461679,false,,0.32802287581699363,NOT_AVAILABLE_PIT,NOT_AVAILABLE_PIT,UNIVERSE_ELIGIBLE_ONLY,CALENDAR_YEAR_2020
GNDI3-0145,GNDI3,2020-01-31,2020-05-29,LOW_VOL_252,BOUNDARY_UNCERTAIN_EXCLUDED,OUTCOME_UNCERTAINTY,36,0.6,0.019867611173072453,false,,0.32802287581699363,NOT_AVAILABLE_PIT,NOT_AVAILABLE_PIT,UNIVERSE_ELIGIBLE_ONLY,CALENDAR_YEAR_2020
GNDI3-0145,GNDI3,2020-01-31,2020-05-29,MOMENTUM_12_1,BOUNDARY_UNCERTAIN_EXCLUDED,OUTCOME_UNCERTAINTY,4,0.06666666666666667,0.9719734180872581,true,,0.32802287581699363,NOT_AVAILABLE_PIT,NOT_AVAILABLE_PIT,UNIVERSE_ELIGIBLE_ONLY,CALENDAR_YEAR_2020
GNDI3-0145,GNDI3,2020-01-31,2020-05-29,MOMENTUM_6_1,BOUNDARY_UNCERTAIN_EXCLUDED,OUTCOME_UNCERTAINTY,3,0.05,0.5842618384401115,true,,0.32802287581699363,NOT_AVAILABLE_PIT,NOT_AVAILABLE_PIT,UNIVERSE_ELIGIBLE_ONLY,CALENDAR_YEAR_2020
GNDI3-0145,GNDI3,2020-01-31,2020-05-29,MOMENTUM_LOW_VOL,BOUNDARY_UNCERTAIN_EXCLUDED,OUTCOME_UNCERTAINTY,11,0.4583333333333333,-0.019867611173072453,false,,0.32802287581699363,NOT_AVAILABLE_PIT,NOT_AVAILABLE_PIT,UNIVERSE_ELIGIBLE_ONLY,CALENDAR_YEAR_2020
GNDI3-0145,GNDI3,2020-01-31,2020-05-29,REVERSAL_21,BOUNDARY_UNCERTAIN_EXCLUDED,OUTCOME_UNCERTAINTY,34,0.5666666666666667,0.030329670329670266,false,,0.32802287581699363,NOT_AVAILABLE_PIT,NOT_AVAILABLE_PIT,UNIVERSE_ELIGIBLE_ONLY,CALENDAR_YEAR_2020
GNDI3-0145,GNDI3,2020-01-31,2020-05-29,VOLUME_SURGE,BOUNDARY_UNCERTAIN_EXCLUDED,OUTCOME_UNCERTAINTY,12,0.2,0.7329853965187512,true,,0.32802287581699363,NOT_AVAILABLE_PIT,NOT_AVAILABLE_PIT,UNIVERSE_ELIGIBLE_ONLY,CALENDAR_YEAR_2020
GOAU4-0146,GOAU4,2017-02-24,2017-05-31,52W_HIGH,MISS,RANK_TOO_LOW,33,0.55,0.9092356687898089,false,,0.3277870216306158,NOT_AVAILABLE_PIT,NOT_AVAILABLE_PIT,UNIVERSE_ELIGIBLE_ONLY,CALENDAR_YEAR_2017
GOAU4-0146,GOAU4,2017-02-24,2017-05-31,LOW_VOL_252,MISS,RANK_TOO_LOW,59,0.9833333333333333,0.04602534764518834,false,,0.3277870216306158,NOT_AVAILABLE_PIT,NOT_AVAILABLE_PIT,UNIVERSE_ELIGIBLE_ONLY,CALENDAR_YEAR_2017
GOAU4-0146,GOAU4,2017-02-24,2017-05-31,MOMENTUM_12_1,EARLY_HIT,DETECTED,2,0.03333333333333333,3.4031007751937983,true,1.0,0.3277870216306158,NOT_AVAILABLE_PIT,NOT_AVAILABLE_PIT,UNIVERSE_ELIGIBLE_ONLY,CALENDAR_YEAR_2017
GOAU4-0146,GOAU4,2017-02-24,2017-05-31,MOMENTUM_6_1,EARLY_HIT,DETECTED,5,0.08333333333333333,0.4677002583979326,true,1.0,0.3277870216306158,NOT_AVAILABLE_PIT,NOT_AVAILABLE_PIT,UNIVERSE_ELIGIBLE_ONLY,CALENDAR_YEAR_2017
GOAU4-0146,GOAU4,2017-02-24,2017-05-31,MOMENTUM_LOW_VOL,MISS,RANK_TOO_LOW,23,0.9583333333333334,-0.04602534764518834,false,,0.3277870216306158,NOT_AVAILABLE_PIT,NOT_AVAILABLE_PIT,UNIVERSE_ELIGIBLE_ONLY,CALENDAR_YEAR_2017
GOAU4-0146,GOAU4,2017-02-24,2017-05-31,REVERSAL_21,EARLY_HIT,DETECTED,26,0.43333333333333335,0.005281690140845008,false,1.5458715596330275,0.3277870216306158,NOT_AVAILABLE_PIT,NOT_AVAILABLE_PIT,UNIVERSE_ELIGIBLE_ONLY,CALENDAR_YEAR_2017
GOAU4-0146,GOAU4,2017-02-24,2017-05-31,VOLUME_SURGE,MISS,RANK_TOO_LOW,28,0.4666666666666667,0.05339982183657033,false,,0.3277870216306158,NOT_AVAILABLE_PIT,NOT_AVAILABLE_PIT,UNIVERSE_ELIGIBLE_ONLY,CALENDAR_YEAR_2017
GOAU4-0147,GOAU4,2017-07-31,2017-11-30,52W_HIGH,MISS,RANK_TOO_LOW,47,0.7833333333333333,0.7984615384615386,false,,0.4633204633204635,NOT_AVAILABLE_PIT,NOT_AVAILABLE_PIT,UNIVERSE_ELIGIBLE_ONLY,CALENDAR_YEAR_2017
GOAU4-0147,GOAU4,2017-07-31,2017-11-30,LOW_VOL_252,MISS,RANK_TOO_LOW,60,1.0,0.03658857599277305,false,,0.4633204633204635,NOT_AVAILABLE_PIT,NOT_AVAILABLE_PIT,UNIVERSE_ELIGIBLE_ONLY,CALENDAR_YEAR_2017
GOAU4-0147,GOAU4,2017-07-31,2017-11-30,MOMENTUM_12_1,EARLY_HIT,DETECTED,3,0.05,0.8816793893129768,true,1.0,0.4633204633204635,NOT_AVAILABLE_PIT,NOT_AVAILABLE_PIT,UNIVERSE_ELIGIBLE_ONLY,CALENDAR_YEAR_2017
GOAU4-0147,GOAU4,2017-07-31,2017-11-30,MOMENTUM_6_1,MISS,RANK_TOO_LOW,46,0.7666666666666667,-0.13204225352112675,false,,0.4633204633204635,NOT_AVAILABLE_PIT,NOT_AVAILABLE_PIT,UNIVERSE_ELIGIBLE_ONLY,CALENDAR_YEAR_2017
GOAU4-0147,GOAU4,2017-07-31,2017-11-30,MOMENTUM_LOW_VOL,MISS,RANK_TOO_LOW,24,1.0,-0.03658857599277305,false,,0.4633204633204635,NOT_AVAILABLE_PIT,NOT_AVAILABLE_PIT,UNIVERSE_ELIGIBLE_ONLY,CALENDAR_YEAR_2017
GOAU4-0147,GOAU4,2017-07-31,2017-11-30,REVERSAL_21,EARLY_HIT,DETECTED,30,0.5,0.05273833671399619,false,0.9501661129568105,0.4633204633204635,NOT_AVAILABLE_PIT,NOT_AVAILABLE_PIT,UNIVERSE_ELIGIBLE_ONLY,CALENDAR_YEAR_2017
GOAU4-0147,GOAU4,2017-07-31,2017-11-30,VOLUME_SURGE,MISS,RANK_TOO_LOW,52,0.8666666666666667,-0.340096052762085,false,,0.4633204633204635,NOT_AVAILABLE_PIT,NOT_AVAILABLE_PIT,UNIVERSE_ELIGIBLE_ONLY,CALENDAR_YEAR_2017
GOAU4-0148,GOAU4,2018-12-28,2018-12-28,52W_HIGH,MISS,RANK_TOO_LOW,32,0.5333333333333333,0.8052568697729989,false,,0.35195530726256985,NOT_AVAILABLE_PIT,NOT_AVAILABLE_PIT,UNIVERSE_ELIGIBLE_ONLY,CALENDAR_YEAR_2018
GOAU4-0148,GOAU4,2018-12-28,2018-12-28,LOW_VOL_252,MISS,RANK_TOO_LOW,42,0.7,0.024907002794936527,false,,0.35195530726256985,NOT_AVAILABLE_PIT,NOT_AVAILABLE_PIT,UNIVERSE_ELIGIBLE_ONLY,CALENDAR_YEAR_2018
GOAU4-0148,GOAU4,2018-12-28,2018-12-28,MOMENTUM_12_1,MISS,RANK_TOO_LOW,24,0.4,0.19720767888307145,false,,0.35195530726256985,NOT_AVAILABLE_PIT,NOT_AVAILABLE_PIT,UNIVERSE_ELIGIBLE_ONLY,CALENDAR_YEAR_2018
GOAU4-0148,GOAU4,2018-12-28,2018-12-28,MOMENTUM_6_1,MISS,RANK_TOO_LOW,40,0.6666666666666666,0.0735524256651019,false,,0.35195530726256985,NOT_AVAILABLE_PIT,NOT_AVAILABLE_PIT,UNIVERSE_ELIGIBLE_ONLY,CALENDAR_YEAR_2018
GOAU4-0148,GOAU4,2018-12-28,2018-12-28,MOMENTUM_LOW_VOL,MISS,RANK_TOO_LOW,13,0.5416666666666666,-0.024907002794936527,false,,0.35195530726256985,NOT_AVAILABLE_PIT,NOT_AVAILABLE_PIT,UNIVERSE_ELIGIBLE_ONLY,CALENDAR_YEAR_2018
GOAU4-0148,GOAU4,2018-12-28,2018-12-28,REVERSAL_21,MISS,RANK_TOO_LOW,18,0.3,-0.017492711370262426,false,,0.35195530726256985,NOT_AVAILABLE_PIT,NOT_AVAILABLE_PIT,UNIVERSE_ELIGIBLE_ONLY,CALENDAR_YEAR_2018
GOAU4-0148,GOAU4,2018-12-28,2018-12-28,VOLUME_SURGE,MISS,RANK_TOO_LOW,53,0.8833333333333333,-0.07918881070159856,false,,0.35195530726256985,NOT_AVAILABLE_PIT,NOT_AVAILABLE_PIT,UNIVERSE_ELIGIBLE_ONLY,CALENDAR_YEAR_2018
GOAU4-0149,GOAU4,2019-08-30,2019-11-29,52W_HIGH,MISS,RANK_TOO_LOW,53,0.8833333333333333,0.7252090800477898,false,,0.4610389610389609,NOT_AVAILABLE_PIT,NOT_AVAILABLE_PIT,UNIVERSE_ELIGIBLE_ONLY,CALENDAR_YEAR_2019
GOAU4-0149,GOAU4,2019-08-30,2019-11-29,LOW_VOL_252,MISS,RANK_TOO_LOW,28,0.4666666666666667,0.021024895695233255,false,,0.4610389610389609,NOT_AVAILABLE_PIT,NOT_AVAILABLE_PIT,UNIVERSE_ELIGIBLE_ONLY,CALENDAR_YEAR_2019
GOAU4-0149,GOAU4,2019-08-30,2019-11-29,MOMENTUM_12_1,MISS,RANK_TOO_LOW,55,0.9166666666666666,-0.13748378728923472,false,,0.4610389610389609,NOT_AVAILABLE_PIT,NOT_AVAILABLE_PIT,UNIVERSE_ELIGIBLE_ONLY,CALENDAR_YEAR_2019
GOAU4-0149,GOAU4,2019-08-30,2019-11-29,MOMENTUM_6_1,MISS,RANK_TOO_LOW,51,0.85,-0.09028727770177825,false,,0.4610389610389609,NOT_AVAILABLE_PIT,NOT_AVAILABLE_PIT,UNIVERSE_ELIGIBLE_ONLY,CALENDAR_YEAR_2019
GOAU4-0149,GOAU4,2019-08-30,2019-11-29,MOMENTUM_LOW_VOL,NOT_SCORABLE_BY_DETECTOR,INSUFFICIENT_HISTORY,,,,false,,0.4610389610389609,NOT_AVAILABLE_PIT,NOT_AVAILABLE_PIT,UNIVERSE_ELIGIBLE_ONLY,CALENDAR_YEAR_2019
GOAU4-0149,GOAU4,2019-08-30,2019-11-29,REVERSAL_21,EARLY_HIT,DETECTED,8,0.13333333333333333,-0.08721804511278197,true,1.0,0.4610389610389609,NOT_AVAILABLE_PIT,NOT_AVAILABLE_PIT,UNIVERSE_ELIGIBLE_ONLY,CALENDAR_YEAR_2019
GOAU4-0149,GOAU4,2019-08-30,2019-11-29,VOLUME_SURGE,MISS,RANK_TOO_LOW,52,0.8666666666666667,-0.06665077197755909,false,,0.4610389610389609,NOT_AVAILABLE_PIT,NOT_AVAILABLE_PIT,UNIVERSE_ELIGIBLE_ONLY,CALENDAR_YEAR_2019
GOAU4-0150,GOAU4,2020-02-28,2020-09-30,52W_HIGH,EARLY_HIT,DETECTED,51,0.85,0.7253456221198157,false,0.7663934426229511,0.46593673965936744,NOT_AVAILABLE_PIT,NOT_AVAILABLE_PIT,UNIVERSE_ELIGIBLE_ONLY,CALENDAR_YEAR_2020
GOAU4-0150,GOAU4,2020-02-28,2020-09-30,LOW_VOL_252,MISS,RANK_TOO_LOW,47,0.7833333333333333,0.023599163986930294,false,0.7663934426229511,0.46593673965936744,NOT_AVAILABLE_PIT,NOT_AVAILABLE_PIT,UNIVERSE_ELIGIBLE_ONLY,CALENDAR_YEAR_2020
GOAU4-0150,GOAU4,2020-02-28,2020-09-30,MOMENTUM_12_1,MISS,RANK_TOO_LOW,30,0.5,0.3079019073569482,false,0.7663934426229511,0.46593673965936744,NOT_AVAILABLE_PIT,NOT_AVAILABLE_PIT,UNIVERSE_ELIGIBLE_ONLY,CALENDAR_YEAR_2020
GOAU4-0150,GOAU4,2020-02-28,2020-09-30,MOMENTUM_6_1,EARLY_HIT,DETECTED,10,0.16666666666666666,0.5867768595041323,true,1.0,0.46593673965936744,NOT_AVAILABLE_PIT,NOT_AVAILABLE_PIT,UNIVERSE_ELIGIBLE_ONLY,CALENDAR_YEAR_2020
GOAU4-0150,GOAU4,2020-02-28,2020-09-30,MOMENTUM_LOW_VOL,MISS,NO_SIGNAL,,,,false,0.7663934426229511,0.46593673965936744,NOT_AVAILABLE_PIT,NOT_AVAILABLE_PIT,UNIVERSE_ELIGIBLE_ONLY,CALENDAR_YEAR_2020
GOAU4-0150,GOAU4,2020-02-28,2020-09-30,REVERSAL_21,EARLY_HIT,DETECTED,8,0.13333333333333333,-0.1802083333333333,true,1.0,0.46593673965936744,NOT_AVAILABLE_PIT,NOT_AVAILABLE_PIT,UNIVERSE_ELIGIBLE_ONLY,CALENDAR_YEAR_2020
GOAU4-0150,GOAU4,2020-02-28,2020-09-30,VOLUME_SURGE,EARLY_HIT,DETECTED,13,0.21666666666666667,0.5543072267971882,false,0.7663934426229511,0.46593673965936744,NOT_AVAILABLE_PIT,NOT_AVAILABLE_PIT,UNIVERSE_ELIGIBLE_ONLY,CALENDAR_YEAR_2020
GOAU4-0151,GOAU4,2022-07-29,2022-07-29,52W_HIGH,MISS,RANK_TOO_LOW,32,0.5333333333333333,0.6887372013651877,false,,0.38748738647830483,NOT_AVAILABLE_PIT,NOT_AVAILABLE_PIT,UNIVERSE_ELIGIBLE_ONLY,CALENDAR_YEAR_2022
GOAU4-0151,GOAU4,2022-07-29,2022-07-29,LOW_VOL_252,MISS,RANK_TOO_LOW,24,0.4,0.024034894583121212,false,,0.38748738647830483,NOT_AVAILABLE_PIT,NOT_AVAILABLE_PIT,UNIVERSE_ELIGIBLE_ONLY,CALENDAR_YEAR_2022
GOAU4-0151,GOAU4,2022-07-29,2022-07-29,MOMENTUM_12_1,MISS,RANK_TOO_LOW,37,0.6166666666666667,-0.3283276450511946,false,,0.38748738647830483,NOT_AVAILABLE_PIT,NOT_AVAILABLE_PIT,UNIVERSE_ELIGIBLE_ONLY,CALENDAR_YEAR_2022
GOAU4-0151,GOAU4,2022-07-29,2022-07-29,MOMENTUM_6_1,MISS,RANK_TOO_LOW,28,0.4666666666666667,-0.15245478036175708,false,,0.38748738647830483,NOT_AVAILABLE_PIT,NOT_AVAILABLE_PIT,UNIVERSE_ELIGIBLE_ONLY,CALENDAR_YEAR_2022
GOAU4-0151,GOAU4,2022-07-29,2022-07-29,MOMENTUM_LOW_VOL,NOT_SCORABLE_BY_DETECTOR,INSUFFICIENT_HISTORY,,,,false,,0.38748738647830483,NOT_AVAILABLE_PIT,NOT_AVAILABLE_PIT,UNIVERSE_ELIGIBLE_ONLY,CALENDAR_YEAR_2022
GOAU4-0151,GOAU4,2022-07-29,2022-07-29,REVERSAL_21,MISS,RANK_TOO_LOW,24,0.4,0.025406504065040636,false,,0.38748738647830483,NOT_AVAILABLE_PIT,NOT_AVAILABLE_PIT,UNIVERSE_ELIGIBLE_ONLY,CALENDAR_YEAR_2022
GOAU4-0151,GOAU4,2022-07-29,2022-07-29,VOLUME_SURGE,MISS,RANK_TOO_LOW,36,0.6,-0.3020392935630287,false,,0.38748738647830483,NOT_AVAILABLE_PIT,NOT_AVAILABLE_PIT,UNIVERSE_ELIGIBLE_ONLY,CALENDAR_YEAR_2022
HAPV3-0152,HAPV3,2019-05-31,2019-07-31,52W_HIGH,BOUNDARY_UNCERTAIN_EXCLUDED,OUTCOME_UNCERTAINTY,15,0.25,0.9704,false,,0.5638469827586208,NOT_AVAILABLE_PIT,NOT_AVAILABLE_PIT,UNIVERSE_ELIGIBLE_ONLY,CALENDAR_YEAR_2019
HAPV3-0152,HAPV3,2019-05-31,2019-07-31,LOW_VOL_252,BOUNDARY_UNCERTAIN_EXCLUDED,OUTCOME_UNCERTAINTY,26,0.43333333333333335,0.021567926125723735,false,,0.5638469827586208,NOT_AVAILABLE_PIT,NOT_AVAILABLE_PIT,UNIVERSE_ELIGIBLE_ONLY,CALENDAR_YEAR_2019
HAPV3-0152,HAPV3,2019-05-31,2019-07-31,MOMENTUM_12_1,BOUNDARY_UNCERTAIN_EXCLUDED,OUTCOME_UNCERTAINTY,46,0.7666666666666667,-0.01753246753246751,false,,0.5638469827586208,NOT_AVAILABLE_PIT,NOT_AVAILABLE_PIT,UNIVERSE_ELIGIBLE_ONLY,CALENDAR_YEAR_2019
HAPV3-0152,HAPV3,2019-05-31,2019-07-31,MOMENTUM_6_1,BOUNDARY_UNCERTAIN_EXCLUDED,OUTCOME_UNCERTAINTY,26,0.43333333333333335,0.12074074074074082,false,,0.5638469827586208,NOT_AVAILABLE_PIT,NOT_AVAILABLE_PIT,UNIVERSE_ELIGIBLE_ONLY,CALENDAR_YEAR_2019
HAPV3-0152,HAPV3,2019-05-31,2019-07-31,MOMENTUM_LOW_VOL,BOUNDARY_UNCERTAIN_EXCLUDED,OUTCOME_UNCERTAINTY,,,,false,,0.5638469827586208,NOT_AVAILABLE_PIT,NOT_AVAILABLE_PIT,UNIVERSE_ELIGIBLE_ONLY,CALENDAR_YEAR_2019
HAPV3-0152,HAPV3,2019-05-31,2019-07-31,REVERSAL_21,BOUNDARY_UNCERTAIN_EXCLUDED,OUTCOME_UNCERTAINTY,60,1.0,0.20257766027759416,false,,0.5638469827586208,NOT_AVAILABLE_PIT,NOT_AVAILABLE_PIT,UNIVERSE_ELIGIBLE_ONLY,CALENDAR_YEAR_2019
HAPV3-0152,HAPV3,2019-05-31,2019-07-31,VOLUME_SURGE,BOUNDARY_UNCERTAIN_EXCLUDED,OUTCOME_UNCERTAINTY,12,0.2,0.6363252675262356,true,,0.5638469827586208,NOT_AVAILABLE_PIT,NOT_AVAILABLE_PIT,UNIVERSE_ELIGIBLE_ONLY,CALENDAR_YEAR_2019
HGTX3-0153,HGTX3,2018-01-31,2018-05-30,52W_HIGH,MISS,RANK_TOO_LOW,59,0.9833333333333333,0.6859375,false,,0.38382099827882965,NOT_AVAILABLE_PIT,NOT_AVAILABLE_PIT,UNIVERSE_ELIGIBLE_ONLY,CALENDAR_YEAR_2018
HGTX3-0153,HGTX3,2018-01-31,2018-05-30,LOW_VOL_252,MISS,RANK_TOO_LOW,49,0.8166666666666667,0.023809598269621778,false,,0.38382099827882965,NOT_AVAILABLE_PIT,NOT_AVAILABLE_PIT,UNIVERSE_ELIGIBLE_ONLY,CALENDAR_YEAR_2018
HGTX3-0153,HGTX3,2018-01-31,2018-05-30,MOMENTUM_12_1,EARLY_HIT,DETECTED,6,0.1,0.620843989769821,true,1.0,0.38382099827882965,NOT_AVAILABLE_PIT,NOT_AVAILABLE_PIT,UNIVERSE_ELIGIBLE_ONLY,CALENDAR_YEAR_2018
HGTX3-0153,HGTX3,2018-01-31,2018-05-30,MOMENTUM_6_1,MISS,RANK_TOO_LOW,16,0.26666666666666666,0.2414299706170422,false,,0.38382099827882965,NOT_AVAILABLE_PIT,NOT_AVAILABLE_PIT,UNIVERSE_ELIGIBLE_ONLY,CALENDAR_YEAR_2018
HGTX3-0153,HGTX3,2018-01-31,2018-05-30,MOMENTUM_LOW_VOL,MISS,RANK_TOO_LOW,18,0.75,-0.023809598269621778,false,,0.38382099827882965,NOT_AVAILABLE_PIT,NOT_AVAILABLE_PIT,UNIVERSE_ELIGIBLE_ONLY,CALENDAR_YEAR_2018
HGTX3-0153,HGTX3,2018-01-31,2018-05-30,REVERSAL_21,EARLY_HIT,DETECTED,1,0.016666666666666666,-0.13412228796844194,true,1.0,0.38382099827882965,NOT_AVAILABLE_PIT,NOT_AVAILABLE_PIT,UNIVERSE_ELIGIBLE_ONLY,CALENDAR_YEAR_2018
HGTX3-0153,HGTX3,2018-01-31,2018-05-30,VOLUME_SURGE,MISS,RANK_TOO_LOW,20,0.3333333333333333,0.17886669151910306,false,,0.38382099827882965,NOT_AVAILABLE_PIT,NOT_AVAILABLE_PIT,UNIVERSE_ELIGIBLE_ONLY,CALENDAR_YEAR_2018
HGTX3-0154,HGTX3,2020-04-30,2020-08-31,52W_HIGH,BOUNDARY_UNCERTAIN_EXCLUDED,OUTCOME_UNCERTAINTY,59,0.9833333333333333,0.43507779349363507,false,,0.8825995807127882,NOT_AVAILABLE_PIT,NOT_AVAILABLE_PIT,UNIVERSE_ELIGIBLE_ONLY,CALENDAR_YEAR_2020
HGTX3-0154,HGTX3,2020-04-30,2020-08-31,LOW_VOL_252,BOUNDARY_UNCERTAIN_EXCLUDED,OUTCOME_UNCERTAINTY,53,0.8833333333333333,0.04075024842831111,false,,0.8825995807127882,NOT_AVAILABLE_PIT,NOT_AVAILABLE_PIT,UNIVERSE_ELIGIBLE_ONLY,CALENDAR_YEAR_2020
HGTX3-0154,HGTX3,2020-04-30,2020-08-31,MOMENTUM_12_1,BOUNDARY_UNCERTAIN_EXCLUDED,OUTCOME_UNCERTAINTY,55,0.9166666666666666,-0.459412780656304,false,,0.8825995807127882,NOT_AVAILABLE_PIT,NOT_AVAILABLE_PIT,UNIVERSE_ELIGIBLE_ONLY,CALENDAR_YEAR_2020
HGTX3-0154,HGTX3,2020-04-30,2020-08-31,MOMENTUM_6_1,BOUNDARY_UNCERTAIN_EXCLUDED,OUTCOME_UNCERTAINTY,58,0.9666666666666667,-0.527190332326284,false,,0.8825995807127882,NOT_AVAILABLE_PIT,NOT_AVAILABLE_PIT,UNIVERSE_ELIGIBLE_ONLY,CALENDAR_YEAR_2020
HGTX3-0154,HGTX3,2020-04-30,2020-08-31,MOMENTUM_LOW_VOL,BOUNDARY_UNCERTAIN_EXCLUDED,OUTCOME_UNCERTAINTY,,,,false,,0.8825995807127882,NOT_AVAILABLE_PIT,NOT_AVAILABLE_PIT,UNIVERSE_ELIGIBLE_ONLY,CALENDAR_YEAR_2020
HGTX3-0154,HGTX3,2020-04-30,2020-08-31,REVERSAL_21,BOUNDARY_UNCERTAIN_EXCLUDED,OUTCOME_UNCERTAINTY,9,0.15,-0.017252396166134165,true,,0.8825995807127882,NOT_AVAILABLE_PIT,NOT_AVAILABLE_PIT,UNIVERSE_ELIGIBLE_ONLY,CALENDAR_YEAR_2020
HGTX3-0154,HGTX3,2020-04-30,2020-08-31,VOLUME_SURGE,BOUNDARY_UNCERTAIN_EXCLUDED,OUTCOME_UNCERTAINTY,60,1.0,-0.3123707198091049,false,,0.8825995807127882,NOT_AVAILABLE_PIT,NOT_AVAILABLE_PIT,UNIVERSE_ELIGIBLE_ONLY,CALENDAR_YEAR_2020
HYPE3-0155,HYPE3,2017-01-31,2017-01-31,52W_HIGH,MISS,RANK_TOO_LOW,27,0.45,0.8864573422137646,false,,0.3309481216457961,NOT_AVAILABLE_PIT,NOT_AVAILABLE_PIT,UNIVERSE_ELIGIBLE_ONLY,CALENDAR_YEAR_2017
HYPE3-0155,HYPE3,2017-01-31,2017-01-31,LOW_VOL_252,EARLY_HIT,DETECTED,11,0.18333333333333332,0.018257380843674155,true,1.0,0.3309481216457961,NOT_AVAILABLE_PIT,NOT_AVAILABLE_PIT,UNIVERSE_ELIGIBLE_ONLY,CALENDAR_YEAR_2017
HYPE3-0155,HYPE3,2017-01-31,2017-01-31,MOMENTUM_12_1,MISS,RANK_TOO_LOW,47,0.7833333333333333,0.1725842696629214,false,,0.3309481216457961,NOT_AVAILABLE_PIT,NOT_AVAILABLE_PIT,UNIVERSE_ELIGIBLE_ONLY,CALENDAR_YEAR_2017
HYPE3-0155,HYPE3,2017-01-31,2017-01-31,MOMENTUM_6_1,MISS,RANK_TOO_LOW,29,0.48333333333333334,-0.04397215097105167,false,,0.3309481216457961,NOT_AVAILABLE_PIT,NOT_AVAILABLE_PIT,UNIVERSE_ELIGIBLE_ONLY,CALENDAR_YEAR_2017
HYPE3-0155,HYPE3,2017-01-31,2017-01-31,MOMENTUM_LOW_VOL,NOT_SCORABLE_BY_DETECTOR,INSUFFICIENT_HISTORY,,,,false,,0.3309481216457961,NOT_AVAILABLE_PIT,NOT_AVAILABLE_PIT,UNIVERSE_ELIGIBLE_ONLY,CALENDAR_YEAR_2017
HYPE3-0155,HYPE3,2017-01-31,2017-01-31,REVERSAL_21,MISS,RANK_TOO_LOW,32,0.5333333333333333,0.07129168263702557,false,,0.3309481216457961,NOT_AVAILABLE_PIT,NOT_AVAILABLE_PIT,UNIVERSE_ELIGIBLE_ONLY,CALENDAR_YEAR_2017
HYPE3-0155,HYPE3,2017-01-31,2017-01-31,VOLUME_SURGE,MISS,RANK_TOO_LOW,28,0.4666666666666667,-0.022051847336740482,false,,0.3309481216457961,NOT_AVAILABLE_PIT,NOT_AVAILABLE_PIT,UNIVERSE_ELIGIBLE_ONLY,CALENDAR_YEAR_2017
HYPE3-0156,HYPE3,2021-09-30,2022-01-31,52W_HIGH,EARLY_HIT,DETECTED,10,0.16666666666666666,0.8694594594594595,true,1.0,0.3763608087091759,NOT_AVAILABLE_PIT,NOT_AVAILABLE_PIT,UNIVERSE_ELIGIBLE_ONLY,CALENDAR_YEAR_2021
HYPE3-0156,HYPE3,2021-09-30,2022-01-31,LOW_VOL_252,EARLY_HIT,DETECTED,15,0.25,0.020429901147366925,false,1.0732414793328497,0.3763608087091759,NOT_AVAILABLE_PIT,NOT_AVAILABLE_PIT,UNIVERSE_ELIGIBLE_ONLY,CALENDAR_YEAR_2021
HYPE3-0156,HYPE3,2021-09-30,2022-01-31,MOMENTUM_12_1,MISS,RANK_TOO_LOW,30,0.5,0.11157826649417846,false,,0.3763608087091759,NOT_AVAILABLE_PIT,NOT_AVAILABLE_PIT,UNIVERSE_ELIGIBLE_ONLY,CALENDAR_YEAR_2021
HYPE3-0156,HYPE3,2021-09-30,2022-01-31,MOMENTUM_6_1,MISS,RANK_TOO_LOW,20,0.3333333333333333,0.05786395814096634,false,,0.3763608087091759,NOT_AVAILABLE_PIT,NOT_AVAILABLE_PIT,UNIVERSE_ELIGIBLE_ONLY,CALENDAR_YEAR_2021
HYPE3-0156,HYPE3,2021-09-30,2022-01-31,MOMENTUM_LOW_VOL,NOT_SCORABLE_BY_DETECTOR,INSUFFICIENT_HISTORY,,,,false,,0.3763608087091759,NOT_AVAILABLE_PIT,NOT_AVAILABLE_PIT,UNIVERSE_ELIGIBLE_ONLY,CALENDAR_YEAR_2021
HYPE3-0156,HYPE3,2021-09-30,2022-01-31,REVERSAL_21,MISS,RANK_TOO_LOW,36,0.6,-0.06400931044515557,false,,0.3763608087091759,NOT_AVAILABLE_PIT,NOT_AVAILABLE_PIT,UNIVERSE_ELIGIBLE_ONLY,CALENDAR_YEAR_2021
HYPE3-0156,HYPE3,2021-09-30,2022-01-31,VOLUME_SURGE,MISS,RANK_TOO_LOW,34,0.5666666666666667,-0.06782791398178056,false,,0.3763608087091759,NOT_AVAILABLE_PIT,NOT_AVAILABLE_PIT,UNIVERSE_ELIGIBLE_ONLY,CALENDAR_YEAR_2021
HYPE3-0157,HYPE3,2024-11-29,2025-01-31,52W_HIGH,MISS,RANK_TOO_LOW,54,0.9,0.5368852459016393,false,,0.3409552845528456,NOT_AVAILABLE_PIT,NOT_AVAILABLE_PIT,UNIVERSE_ELIGIBLE_ONLY,CALENDAR_YEAR_2024
HYPE3-0157,HYPE3,2024-11-29,2025-01-31,LOW_VOL_252,MISS,RANK_TOO_LOW,36,0.6,0.021319842659063434,false,,0.3409552845528456,NOT_AVAILABLE_PIT,NOT_AVAILABLE_PIT,UNIVERSE_ELIGIBLE_ONLY,CALENDAR_YEAR_2024
HYPE3-0157,HYPE3,2024-11-29,2025-01-31,MOMENTUM_12_1,MISS,RANK_TOO_LOW,53,0.8833333333333333,-0.2870342771982115,false,,0.3409552845528456,NOT_AVAILABLE_PIT,NOT_AVAILABLE_PIT,UNIVERSE_ELIGIBLE_ONLY,CALENDAR_YEAR_2024
HYPE3-0157,HYPE3,2024-11-29,2025-01-31,MOMENTUM_6_1,MISS,RANK_TOO_LOW,56,0.9333333333333333,-0.1639286962600489,false,,0.3409552845528456,NOT_AVAILABLE_PIT,NOT_AVAILABLE_PIT,UNIVERSE_ELIGIBLE_ONLY,CALENDAR_YEAR_2024
HYPE3-0157,HYPE3,2024-11-29,2025-01-31,MOMENTUM_LOW_VOL,NOT_SCORABLE_BY_DETECTOR,INSUFFICIENT_HISTORY,,,,false,,0.3409552845528456,NOT_AVAILABLE_PIT,NOT_AVAILABLE_PIT,UNIVERSE_ELIGIBLE_ONLY,CALENDAR_YEAR_2024
HYPE3-0157,HYPE3,2024-11-29,2025-01-31,REVERSAL_21,EARLY_HIT,DETECTED,8,0.13333333333333333,-0.1785117056856188,true,1.0,0.3409552845528456,NOT_AVAILABLE_PIT,NOT_AVAILABLE_PIT,UNIVERSE_ELIGIBLE_ONLY,CALENDAR_YEAR_2024
HYPE3-0157,HYPE3,2024-11-29,2025-01-31,VOLUME_SURGE,MISS,RANK_TOO_LOW,23,0.38333333333333336,0.12727681030714866,false,,0.3409552845528456,NOT_AVAILABLE_PIT,NOT_AVAILABLE_PIT,UNIVERSE_ELIGIBLE_ONLY,CALENDAR_YEAR_2024
IGTA3-0158,IGTA3,2018-06-29,2018-09-28,52W_HIGH,BOUNDARY_UNCERTAIN_EXCLUDED,OUTCOME_UNCERTAINTY,39,0.65,0.7002298850574713,false,,0.4541387024608501,NOT_AVAILABLE_PIT,NOT_AVAILABLE_PIT,UNIVERSE_ELIGIBLE_ONLY,CALENDAR_YEAR_2018
IGTA3-0158,IGTA3,2018-06-29,2018-09-28,LOW_VOL_252,BOUNDARY_UNCERTAIN_EXCLUDED,OUTCOME_UNCERTAINTY,15,0.25,0.016664773769764312,false,,0.4541387024608501,NOT_AVAILABLE_PIT,NOT_AVAILABLE_PIT,UNIVERSE_ELIGIBLE_ONLY,CALENDAR_YEAR_2018
IGTA3-0158,IGTA3,2018-06-29,2018-09-28,MOMENTUM_12_1,BOUNDARY_UNCERTAIN_EXCLUDED,OUTCOME_UNCERTAINTY,47,0.7833333333333333,-0.048787971770481886,false,,0.4541387024608501,NOT_AVAILABLE_PIT,NOT_AVAILABLE_PIT,UNIVERSE_ELIGIBLE_ONLY,CALENDAR_YEAR_2018
IGTA3-0158,IGTA3,2018-06-29,2018-09-28,MOMENTUM_6_1,BOUNDARY_UNCERTAIN_EXCLUDED,OUTCOME_UNCERTAINTY,46,0.7666666666666667,-0.17443408788282289,false,,0.4541387024608501,NOT_AVAILABLE_PIT,NOT_AVAILABLE_PIT,UNIVERSE_ELIGIBLE_ONLY,CALENDAR_YEAR_2018
IGTA3-0158,IGTA3,2018-06-29,2018-09-28,MOMENTUM_LOW_VOL,BOUNDARY_UNCERTAIN_EXCLUDED,OUTCOME_UNCERTAINTY,,,,false,,0.4541387024608501,NOT_AVAILABLE_PIT,NOT_AVAILABLE_PIT,UNIVERSE_ELIGIBLE_ONLY,CALENDAR_YEAR_2018
IGTA3-0158,IGTA3,2018-06-29,2018-09-28,REVERSAL_21,BOUNDARY_UNCERTAIN_EXCLUDED,OUTCOME_UNCERTAINTY,41,0.6833333333333333,-0.0174193548387096,false,,0.4541387024608501,NOT_AVAILABLE_PIT,NOT_AVAILABLE_PIT,UNIVERSE_ELIGIBLE_ONLY,CALENDAR_YEAR_2018
IGTA3-0158,IGTA3,2018-06-29,2018-09-28,VOLUME_SURGE,BOUNDARY_UNCERTAIN_EXCLUDED,OUTCOME_UNCERTAINTY,40,0.6666666666666666,0.02365679685154598,false,,0.4541387024608501,NOT_AVAILABLE_PIT,NOT_AVAILABLE_PIT,UNIVERSE_ELIGIBLE_ONLY,CALENDAR_YEAR_2018
IRBR3-0159,IRBR3,2018-08-31,2018-08-31,52W_HIGH,BOUNDARY_UNCERTAIN_EXCLUDED,OUTCOME_UNCERTAINTY,4,0.06666666666666667,0.9859649122807017,true,,0.7322689075630251,NOT_AVAILABLE_PIT,NOT_AVAILABLE_PIT,UNIVERSE_ELIGIBLE_ONLY,CALENDAR_YEAR_2018
IRBR3-0159,IRBR3,2018-08-31,2018-08-31,LOW_VOL_252,BOUNDARY_UNCERTAIN_EXCLUDED,OUTCOME_UNCERTAINTY,5,0.08333333333333333,0.01458752894045156,true,,0.7322689075630251,NOT_AVAILABLE_PIT,NOT_AVAILABLE_PIT,UNIVERSE_ELIGIBLE_ONLY,CALENDAR_YEAR_2018
IRBR3-0159,IRBR3,2018-08-31,2018-08-31,MOMENTUM_12_1,BOUNDARY_UNCERTAIN_EXCLUDED,OUTCOME_UNCERTAINTY,2,0.03333333333333333,0.8719298245614036,true,,0.7322689075630251,NOT_AVAILABLE_PIT,NOT_AVAILABLE_PIT,UNIVERSE_ELIGIBLE_ONLY,CALENDAR_YEAR_2018
IRBR3-0159,IRBR3,2018-08-31,2018-08-31,MOMENTUM_6_1,BOUNDARY_UNCERTAIN_EXCLUDED,OUTCOME_UNCERTAINTY,2,0.03333333333333333,0.3857142857142857,true,,0.7322689075630251,NOT_AVAILABLE_PIT,NOT_AVAILABLE_PIT,UNIVERSE_ELIGIBLE_ONLY,CALENDAR_YEAR_2018
IRBR3-0159,IRBR3,2018-08-31,2018-08-31,MOMENTUM_LOW_VOL,BOUNDARY_UNCERTAIN_EXCLUDED,OUTCOME_UNCERTAINTY,1,0.041666666666666664,-0.01458752894045156,true,,0.7322689075630251,NOT_AVAILABLE_PIT,NOT_AVAILABLE_PIT,UNIVERSE_ELIGIBLE_ONLY,CALENDAR_YEAR_2018
IRBR3-0159,IRBR3,2018-08-31,2018-08-31,REVERSAL_21,BOUNDARY_UNCERTAIN_EXCLUDED,OUTCOME_UNCERTAINTY,58,0.9666666666666667,0.10609184629803181,false,,0.7322689075630251,NOT_AVAILABLE_PIT,NOT_AVAILABLE_PIT,UNIVERSE_ELIGIBLE_ONLY,CALENDAR_YEAR_2018
IRBR3-0159,IRBR3,2018-08-31,2018-08-31,VOLUME_SURGE,BOUNDARY_UNCERTAIN_EXCLUDED,OUTCOME_UNCERTAINTY,38,0.6333333333333333,-0.15626225146390027,false,,0.7322689075630251,NOT_AVAILABLE_PIT,NOT_AVAILABLE_PIT,UNIVERSE_ELIGIBLE_ONLY,CALENDAR_YEAR_2018
ITSA4-0160,ITSA4,2017-01-31,2017-03-31,52W_HIGH,EARLY_HIT,DETECTED,9,0.15,0.9652631578947368,true,1.0,0.4173819742489271,NOT_AVAILABLE_PIT,NOT_AVAILABLE_PIT,UNIVERSE_ELIGIBLE_ONLY,CALENDAR_YEAR_2017
ITSA4-0160,ITSA4,2017-01-31,2017-03-31,LOW_VOL_252,MISS,RANK_TOO_LOW,25,0.4166666666666667,0.022711213812660468,false,,0.4173819742489271,NOT_AVAILABLE_PIT,NOT_AVAILABLE_PIT,UNIVERSE_ELIGIBLE_ONLY,CALENDAR_YEAR_2017
ITSA4-0160,ITSA4,2017-01-31,2017-03-31,MOMENTUM_12_1,MISS,RANK_TOO_LOW,41,0.6833333333333333,0.24116743471582192,false,,0.4173819742489271,NOT_AVAILABLE_PIT,NOT_AVAILABLE_PIT,UNIVERSE_ELIGIBLE_ONLY,CALENDAR_YEAR_2017
ITSA4-0160,ITSA4,2017-01-31,2017-03-31,MOMENTUM_6_1,MISS,RANK_TOO_LOW,26,0.43333333333333335,-0.018226002430133725,false,,0.4173819742489271,NOT_AVAILABLE_PIT,NOT_AVAILABLE_PIT,UNIVERSE_ELIGIBLE_ONLY,CALENDAR_YEAR_2017
ITSA4-0160,ITSA4,2017-01-31,2017-03-31,MOMENTUM_LOW_VOL,NOT_SCORABLE_BY_DETECTOR,INSUFFICIENT_HISTORY,,,,false,,0.4173819742489271,NOT_AVAILABLE_PIT,NOT_AVAILABLE_PIT,UNIVERSE_ELIGIBLE_ONLY,CALENDAR_YEAR_2017
ITSA4-0160,ITSA4,2017-01-31,2017-03-31,REVERSAL_21,MISS,RANK_TOO_LOW,48,0.8,0.1349009900990099,false,,0.4173819742489271,NOT_AVAILABLE_PIT,NOT_AVAILABLE_PIT,UNIVERSE_ELIGIBLE_ONLY,CALENDAR_YEAR_2017
ITSA4-0160,ITSA4,2017-01-31,2017-03-31,VOLUME_SURGE,MISS,RANK_TOO_LOW,57,0.95,-0.3433800309829186,false,,0.4173819742489271,NOT_AVAILABLE_PIT,NOT_AVAILABLE_PIT,UNIVERSE_ELIGIBLE_ONLY,CALENDAR_YEAR_2017
ITSA4-0161,ITSA4,2018-06-29,2018-06-29,52W_HIGH,MISS,RANK_TOO_LOW,48,0.8,0.6286509040333796,false,1.0,0.37715517241379315,NOT_AVAILABLE_PIT,NOT_AVAILABLE_PIT,UNIVERSE_ELIGIBLE_ONLY,CALENDAR_YEAR_2018
ITSA4-0161,ITSA4,2018-06-29,2018-06-29,LOW_VOL_252,MISS,RANK_TOO_LOW,23,0.38333333333333336,0.01800969202228487,false,1.0,0.37715517241379315,NOT_AVAILABLE_PIT,NOT_AVAILABLE_PIT,UNIVERSE_ELIGIBLE_ONLY,CALENDAR_YEAR_2018
ITSA4-0161,ITSA4,2018-06-29,2018-06-29,MOMENTUM_12_1,MISS,RANK_TOO_LOW,21,0.35,0.2814645308924484,false,1.0,0.37715517241379315,NOT_AVAILABLE_PIT,NOT_AVAILABLE_PIT,UNIVERSE_ELIGIBLE_ONLY,CALENDAR_YEAR_2018
ITSA4-0161,ITSA4,2018-06-29,2018-06-29,MOMENTUM_6_1,MISS,RANK_TOO_LOW,24,0.4,0.022831050228310446,false,1.0,0.37715517241379315,NOT_AVAILABLE_PIT,NOT_AVAILABLE_PIT,UNIVERSE_ELIGIBLE_ONLY,CALENDAR_YEAR_2018
ITSA4-0161,ITSA4,2018-06-29,2018-06-29,MOMENTUM_LOW_VOL,EARLY_HIT,DETECTED,5,0.20833333333333334,-0.01800969202228487,true,1.0,0.37715517241379315,NOT_AVAILABLE_PIT,NOT_AVAILABLE_PIT,UNIVERSE_ELIGIBLE_ONLY,CALENDAR_YEAR_2018
ITSA4-0161,ITSA4,2018-06-29,2018-06-29,REVERSAL_21,EARLY_HIT,DETECTED,2,0.03333333333333333,-0.19285714285714284,true,1.0,0.37715517241379315,NOT_AVAILABLE_PIT,NOT_AVAILABLE_PIT,UNIVERSE_ELIGIBLE_ONLY,CALENDAR_YEAR_2018
ITSA4-0161,ITSA4,2018-06-29,2018-06-29,VOLUME_SURGE,EARLY_HIT,DETECTED,12,0.2,0.39876829675726544,true,1.0,0.37715517241379315,NOT_AVAILABLE_PIT,NOT_AVAILABLE_PIT,UNIVERSE_ELIGIBLE_ONLY,CALENDAR_YEAR_2018
ITSA4-0162,ITSA4,2024-11-29,2025-04-30,52W_HIGH,EARLY_HIT,DETECTED,12,0.2,0.8701067615658362,true,1.0,0.3062499999999999,NOT_AVAILABLE_PIT,NOT_AVAILABLE_PIT,UNIVERSE_ELIGIBLE_ONLY,CALENDAR_YEAR_2024
ITSA4-0162,ITSA4,2024-11-29,2025-04-30,LOW_VOL_252,EARLY_HIT,DETECTED,5,0.08333333333333333,0.011525415001261929,true,1.0,0.3062499999999999,NOT_AVAILABLE_PIT,NOT_AVAILABLE_PIT,UNIVERSE_ELIGIBLE_ONLY,CALENDAR_YEAR_2024
ITSA4-0162,ITSA4,2024-11-29,2025-04-30,MOMENTUM_12_1,MISS,RANK_TOO_LOW,16,0.26666666666666666,0.13130252100840334,false,1.3129251700680273,0.3062499999999999,NOT_AVAILABLE_PIT,NOT_AVAILABLE_PIT,UNIVERSE_ELIGIBLE_ONLY,CALENDAR_YEAR_2024
ITSA4-0162,ITSA4,2024-11-29,2025-04-30,MOMENTUM_6_1,MISS,RANK_TOO_LOW,21,0.35,0.10122699386503076,false,1.3129251700680273,0.3062499999999999,NOT_AVAILABLE_PIT,NOT_AVAILABLE_PIT,UNIVERSE_ELIGIBLE_ONLY,CALENDAR_YEAR_2024
ITSA4-0162,ITSA4,2024-11-29,2025-04-30,MOMENTUM_LOW_VOL,EARLY_HIT,DETECTED,3,0.125,-0.011525415001261929,true,1.0,0.3062499999999999,NOT_AVAILABLE_PIT,NOT_AVAILABLE_PIT,UNIVERSE_ELIGIBLE_ONLY,CALENDAR_YEAR_2024
ITSA4-0162,ITSA4,2024-11-29,2025-04-30,REVERSAL_21,MISS,RANK_TOO_LOW,24,0.4,-0.0919220055710307,false,1.3129251700680273,0.3062499999999999,NOT_AVAILABLE_PIT,NOT_AVAILABLE_PIT,UNIVERSE_ELIGIBLE_ONLY,CALENDAR_YEAR_2024
ITSA4-0162,ITSA4,2024-11-29,2025-04-30,VOLUME_SURGE,EARLY_HIT,DETECTED,22,0.36666666666666664,0.14308074811268123,false,1.3129251700680273,0.3062499999999999,NOT_AVAILABLE_PIT,NOT_AVAILABLE_PIT,UNIVERSE_ELIGIBLE_ONLY,CALENDAR_YEAR_2024
ITSA4-0163,ITSA4,2025-07-31,2025-07-31,52W_HIGH,MISS,RANK_TOO_LOW,13,0.21666666666666667,0.915492957746479,false,,0.33655705996131524,NOT_AVAILABLE_PIT,NOT_AVAILABLE_PIT,UNIVERSE_ELIGIBLE_ONLY,CALENDAR_YEAR_2025
ITSA4-0163,ITSA4,2025-07-31,2025-07-31,LOW_VOL_252,EARLY_HIT,DETECTED,8,0.13333333333333333,0.014072229512036329,true,1.0,0.33655705996131524,NOT_AVAILABLE_PIT,NOT_AVAILABLE_PIT,UNIVERSE_ELIGIBLE_ONLY,CALENDAR_YEAR_2025
ITSA4-0163,ITSA4,2025-07-31,2025-07-31,MOMENTUM_12_1,MISS,RANK_TOO_LOW,27,0.45,0.08267716535433078,false,,0.33655705996131524,NOT_AVAILABLE_PIT,NOT_AVAILABLE_PIT,UNIVERSE_ELIGIBLE_ONLY,CALENDAR_YEAR_2025
ITSA4-0163,ITSA4,2025-07-31,2025-07-31,MOMENTUM_6_1,MISS,RANK_TOO_LOW,31,0.5166666666666667,0.17270788912579937,false,,0.33655705996131524,NOT_AVAILABLE_PIT,NOT_AVAILABLE_PIT,UNIVERSE_ELIGIBLE_ONLY,CALENDAR_YEAR_2025
ITSA4-0163,ITSA4,2025-07-31,2025-07-31,MOMENTUM_LOW_VOL,NOT_SCORABLE_BY_DETECTOR,INSUFFICIENT_HISTORY,,,,false,,0.33655705996131524,NOT_AVAILABLE_PIT,NOT_AVAILABLE_PIT,UNIVERSE_ELIGIBLE_ONLY,CALENDAR_YEAR_2025
ITSA4-0163,ITSA4,2025-07-31,2025-07-31,REVERSAL_21,MISS,RANK_TOO_LOW,30,0.5,-0.054545454545454564,false,,0.33655705996131524,NOT_AVAILABLE_PIT,NOT_AVAILABLE_PIT,UNIVERSE_ELIGIBLE_ONLY,CALENDAR_YEAR_2025
ITSA4-0163,ITSA4,2025-07-31,2025-07-31,VOLUME_SURGE,MISS,RANK_TOO_LOW,41,0.6833333333333333,-0.2492643090894171,false,,0.33655705996131524,NOT_AVAILABLE_PIT,NOT_AVAILABLE_PIT,UNIVERSE_ELIGIBLE_ONLY,CALENDAR_YEAR_2025
ITUB4-0164,ITUB4,2017-01-31,2017-01-31,52W_HIGH,MISS,RANK_TOO_LOW,16,0.26666666666666666,0.9312328082020506,false,,0.39580010632642226,NOT_AVAILABLE_PIT,NOT_AVAILABLE_PIT,UNIVERSE_ELIGIBLE_ONLY,CALENDAR_YEAR_2017
ITUB4-0164,ITUB4,2017-01-31,2017-01-31,LOW_VOL_252,MISS,RANK_TOO_LOW,26,0.43333333333333335,0.023277088103709064,false,,0.39580010632642226,NOT_AVAILABLE_PIT,NOT_AVAILABLE_PIT,UNIVERSE_ELIGIBLE_ONLY,CALENDAR_YEAR_2017
ITUB4-0164,ITUB4,2017-01-31,2017-01-31,MOMENTUM_12_1,MISS,RANK_TOO_LOW,32,0.5333333333333333,0.4138513513513513,false,,0.39580010632642226,NOT_AVAILABLE_PIT,NOT_AVAILABLE_PIT,UNIVERSE_ELIGIBLE_ONLY,CALENDAR_YEAR_2017
ITUB4-0164,ITUB4,2017-01-31,2017-01-31,MOMENTUM_6_1,MISS,RANK_TOO_LOW,23,0.38333333333333336,0.009041591320072317,false,,0.39580010632642226,NOT_AVAILABLE_PIT,NOT_AVAILABLE_PIT,UNIVERSE_ELIGIBLE_ONLY,CALENDAR_YEAR_2017
ITUB4-0164,ITUB4,2017-01-31,2017-01-31,MOMENTUM_LOW_VOL,NOT_SCORABLE_BY_DETECTOR,INSUFFICIENT_HISTORY,,,,false,,0.39580010632642226,NOT_AVAILABLE_PIT,NOT_AVAILABLE_PIT,UNIVERSE_ELIGIBLE_ONLY,CALENDAR_YEAR_2017
ITUB4-0164,ITUB4,2017-01-31,2017-01-31,REVERSAL_21,MISS,RANK_TOO_LOW,40,0.6666666666666666,0.11230585424133821,false,,0.39580010632642226,NOT_AVAILABLE_PIT,NOT_AVAILABLE_PIT,UNIVERSE_ELIGIBLE_ONLY,CALENDAR_YEAR_2017
ITUB4-0164,ITUB4,2017-01-31,2017-01-31,VOLUME_SURGE,MISS,RANK_TOO_LOW,45,0.75,-0.19093767818901686,false,,0.39580010632642226,NOT_AVAILABLE_PIT,NOT_AVAILABLE_PIT,UNIVERSE_ELIGIBLE_ONLY,CALENDAR_YEAR_2017
ITUB4-0165,ITUB4,2017-03-31,2017-03-31,52W_HIGH,BOUNDARY_UNCERTAIN_EXCLUDED,OUTCOME_UNCERTAINTY,24,0.4,0.9246641074856046,false,,0.3128245067497404,NOT_AVAILABLE_PIT,NOT_AVAILABLE_PIT,UNIVERSE_ELIGIBLE_ONLY,CALENDAR_YEAR_2017
ITUB4-0165,ITUB4,2017-03-31,2017-03-31,LOW_VOL_252,BOUNDARY_UNCERTAIN_EXCLUDED,OUTCOME_UNCERTAINTY,18,0.3,0.01916525007856054,false,,0.3128245067497404,NOT_AVAILABLE_PIT,NOT_AVAILABLE_PIT,UNIVERSE_ELIGIBLE_ONLY,CALENDAR_YEAR_2017
ITUB4-0165,ITUB4,2017-03-31,2017-03-31,MOMENTUM_12_1,BOUNDARY_UNCERTAIN_EXCLUDED,OUTCOME_UNCERTAINTY,27,0.45,0.2503912363067293,false,,0.3128245067497404,NOT_AVAILABLE_PIT,NOT_AVAILABLE_PIT,UNIVERSE_ELIGIBLE_ONLY,CALENDAR_YEAR_2017
ITUB4-0165,ITUB4,2017-03-31,2017-03-31,MOMENTUM_6_1,BOUNDARY_UNCERTAIN_EXCLUDED,OUTCOME_UNCERTAINTY,31,0.5166666666666667,0.11436541143654111,false,,0.3128245067497404,NOT_AVAILABLE_PIT,NOT_AVAILABLE_PIT,UNIVERSE_ELIGIBLE_ONLY,CALENDAR_YEAR_2017
ITUB4-0165,ITUB4,2017-03-31,2017-03-31,MOMENTUM_LOW_VOL,BOUNDARY_UNCERTAIN_EXCLUDED,OUTCOME_UNCERTAINTY,,,,false,,0.3128245067497404,NOT_AVAILABLE_PIT,NOT_AVAILABLE_PIT,UNIVERSE_ELIGIBLE_ONLY,CALENDAR_YEAR_2017
ITUB4-0165,ITUB4,2017-03-31,2017-03-31,REVERSAL_21,BOUNDARY_UNCERTAIN_EXCLUDED,OUTCOME_UNCERTAINTY,18,0.3,-0.03529411764705892,false,,0.3128245067497404,NOT_AVAILABLE_PIT,NOT_AVAILABLE_PIT,UNIVERSE_ELIGIBLE_ONLY,CALENDAR_YEAR_2017
ITUB4-0165,ITUB4,2017-03-31,2017-03-31,VOLUME_SURGE,BOUNDARY_UNCERTAIN_EXCLUDED,OUTCOME_UNCERTAINTY,47,0.7833333333333333,-0.09268633381121694,false,,0.3128245067497404,NOT_AVAILABLE_PIT,NOT_AVAILABLE_PIT,UNIVERSE_ELIGIBLE_ONLY,CALENDAR_YEAR_2017
KLBN11-0166,KLBN11,2017-03-31,2017-04-28,52W_HIGH,MISS,RANK_TOO_LOW,57,0.95,0.6922357343311507,false,,0.38814913448735044,NOT_AVAILABLE_PIT,NOT_AVAILABLE_PIT,UNIVERSE_ELIGIBLE_ONLY,CALENDAR_YEAR_2017
KLBN11-0166,KLBN11,2017-03-31,2017-04-28,LOW_VOL_252,MISS,RANK_TOO_LOW,27,0.45,0.021144567850015682,false,,0.38814913448735044,NOT_AVAILABLE_PIT,NOT_AVAILABLE_PIT,UNIVERSE_ELIGIBLE_ONLY,CALENDAR_YEAR_2017
KLBN11-0166,KLBN11,2017-03-31,2017-04-28,MOMENTUM_12_1,MISS,RANK_TOO_LOW,60,1.0,-0.28391019644527593,false,,0.38814913448735044,NOT_AVAILABLE_PIT,NOT_AVAILABLE_PIT,UNIVERSE_ELIGIBLE_ONLY,CALENDAR_YEAR_2017
KLBN11-0166,KLBN11,2017-03-31,2017-04-28,MOMENTUM_6_1,MISS,RANK_TOO_LOW,54,0.9,-0.09994121105232223,false,,0.38814913448735044,NOT_AVAILABLE_PIT,NOT_AVAILABLE_PIT,UNIVERSE_ELIGIBLE_ONLY,CALENDAR_YEAR_2017
KLBN11-0166,KLBN11,2017-03-31,2017-04-28,MOMENTUM_LOW_VOL,NOT_SCORABLE_BY_DETECTOR,INSUFFICIENT_HISTORY,,,,false,,0.38814913448735044,NOT_AVAILABLE_PIT,NOT_AVAILABLE_PIT,UNIVERSE_ELIGIBLE_ONLY,CALENDAR_YEAR_2017
KLBN11-0166,KLBN11,2017-03-31,2017-04-28,REVERSAL_21,MISS,RANK_TOO_LOW,21,0.35,-0.03331156107119526,false,,0.38814913448735044,NOT_AVAILABLE_PIT,NOT_AVAILABLE_PIT,UNIVERSE_ELIGIBLE_ONLY,CALENDAR_YEAR_2017
KLBN11-0166,KLBN11,2017-03-31,2017-04-28,VOLUME_SURGE,MISS,RANK_TOO_LOW,41,0.6833333333333333,-0.043589131709222295,false,,0.38814913448735044,NOT_AVAILABLE_PIT,NOT_AVAILABLE_PIT,UNIVERSE_ELIGIBLE_ONLY,CALENDAR_YEAR_2017
KLBN11-0167,KLBN11,2019-07-31,2020-05-29,52W_HIGH,LATE_HIT,DETECTED,56,0.9333333333333333,0.7342752962625341,false,0.35000000000000003,0.3201277955271564,NOT_AVAILABLE_PIT,NOT_AVAILABLE_PIT,UNIVERSE_ELIGIBLE_ONLY,CALENDAR_YEAR_2019
KLBN11-0167,KLBN11,2019-07-31,2020-05-29,LOW_VOL_252,EARLY_HIT,DETECTED,5,0.08333333333333333,0.015634766361325353,true,1.0,0.3201277955271564,NOT_AVAILABLE_PIT,NOT_AVAILABLE_PIT,UNIVERSE_ELIGIBLE_ONLY,CALENDAR_YEAR_2019
KLBN11-0167,KLBN11,2019-07-31,2020-05-29,MOMENTUM_12_1,MISS,RANK_TOO_LOW,57,0.95,-0.19852941176470573,false,0.986842105263158,0.3201277955271564,NOT_AVAILABLE_PIT,NOT_AVAILABLE_PIT,UNIVERSE_ELIGIBLE_ONLY,CALENDAR_YEAR_2019
KLBN11-0167,KLBN11,2019-07-31,2020-05-29,MOMENTUM_6_1,EARLY_HIT,DETECTED,54,0.9,-0.13216560509554132,false,0.986842105263158,0.3201277955271564,NOT_AVAILABLE_PIT,NOT_AVAILABLE_PIT,UNIVERSE_ELIGIBLE_ONLY,CALENDAR_YEAR_2019
KLBN11-0167,KLBN11,2019-07-31,2020-05-29,MOMENTUM_LOW_VOL,MISS,NO_SIGNAL,,,,false,0.986842105263158,0.3201277955271564,NOT_AVAILABLE_PIT,NOT_AVAILABLE_PIT,UNIVERSE_ELIGIBLE_ONLY,CALENDAR_YEAR_2019
KLBN11-0167,KLBN11,2019-07-31,2020-05-29,REVERSAL_21,EARLY_HIT,DETECTED,15,0.25,-0.01467889908256892,false,1.0894736842105264,0.3201277955271564,NOT_AVAILABLE_PIT,NOT_AVAILABLE_PIT,UNIVERSE_ELIGIBLE_ONLY,CALENDAR_YEAR_2019
KLBN11-0167,KLBN11,2019-07-31,2020-05-29,VOLUME_SURGE,EARLY_HIT,DETECTED,58,0.9666666666666667,-0.27235048239698667,false,0.986842105263158,0.3201277955271564,NOT_AVAILABLE_PIT,NOT_AVAILABLE_PIT,UNIVERSE_ELIGIBLE_ONLY,CALENDAR_YEAR_2019
KLBN11-0168,KLBN11,2023-03-31,2023-03-31,52W_HIGH,MISS,RANK_TOO_LOW,27,0.45,0.7386731391585761,false,,0.3543609434997257,NOT_AVAILABLE_PIT,NOT_AVAILABLE_PIT,UNIVERSE_ELIGIBLE_ONLY,CALENDAR_YEAR_2023
KLBN11-0168,KLBN11,2023-03-31,2023-03-31,LOW_VOL_252,EARLY_HIT,DETECTED,7,0.11666666666666667,0.016817422924907854,true,1.0,0.3543609434997257,NOT_AVAILABLE_PIT,NOT_AVAILABLE_PIT,UNIVERSE_ELIGIBLE_ONLY,CALENDAR_YEAR_2023
KLBN11-0168,KLBN11,2023-03-31,2023-03-31,MOMENTUM_12_1,MISS,RANK_TOO_LOW,28,0.4666666666666667,-0.2063106796116504,false,,0.3543609434997257,NOT_AVAILABLE_PIT,NOT_AVAILABLE_PIT,UNIVERSE_ELIGIBLE_ONLY,CALENDAR_YEAR_2023
KLBN11-0168,KLBN11,2023-03-31,2023-03-31,MOMENTUM_6_1,EARLY_HIT,DETECTED,11,0.18333333333333332,0.08758314855875837,true,1.0,0.3543609434997257,NOT_AVAILABLE_PIT,NOT_AVAILABLE_PIT,UNIVERSE_ELIGIBLE_ONLY,CALENDAR_YEAR_2023
KLBN11-0168,KLBN11,2023-03-31,2023-03-31,MOMENTUM_LOW_VOL,NOT_SCORABLE_BY_DETECTOR,INSUFFICIENT_HISTORY,,,,false,,0.3543609434997257,NOT_AVAILABLE_PIT,NOT_AVAILABLE_PIT,UNIVERSE_ELIGIBLE_ONLY,CALENDAR_YEAR_2023
KLBN11-0168,KLBN11,2023-03-31,2023-03-31,REVERSAL_21,MISS,RANK_TOO_LOW,13,0.21666666666666667,-0.06931702344546375,false,,0.3543609434997257,NOT_AVAILABLE_PIT,NOT_AVAILABLE_PIT,UNIVERSE_ELIGIBLE_ONLY,CALENDAR_YEAR_2023
KLBN11-0168,KLBN11,2023-03-31,2023-03-31,VOLUME_SURGE,MISS,RANK_TOO_LOW,27,0.45,-0.030341769651284656,false,,0.3543609434997257,NOT_AVAILABLE_PIT,NOT_AVAILABLE_PIT,UNIVERSE_ELIGIBLE_ONLY,CALENDAR_YEAR_2023
LAME4-0169,LAME4,2017-11-30,2017-11-30,52W_HIGH,MISS,RANK_TOO_LOW,53,0.8833333333333333,0.7567567567567567,false,,0.3044341495698215,NOT_AVAILABLE_PIT,NOT_AVAILABLE_PIT,UNIVERSE_ELIGIBLE_ONLY,CALENDAR_YEAR_2017
LAME4-0169,LAME4,2017-11-30,2017-11-30,LOW_VOL_252,MISS,RANK_TOO_LOW,33,0.55,0.021650234131050494,false,,0.3044341495698215,NOT_AVAILABLE_PIT,NOT_AVAILABLE_PIT,UNIVERSE_ELIGIBLE_ONLY,CALENDAR_YEAR_2017
LAME4-0169,LAME4,2017-11-30,2017-11-30,MOMENTUM_12_1,MISS,RANK_TOO_LOW,42,0.7,0.09689440993788812,false,,0.3044341495698215,NOT_AVAILABLE_PIT,NOT_AVAILABLE_PIT,UNIVERSE_ELIGIBLE_ONLY,CALENDAR_YEAR_2017
LAME4-0169,LAME4,2017-11-30,2017-11-30,MOMENTUM_6_1,MISS,RANK_TOO_LOW,28,0.4666666666666667,0.17420212765957444,false,,0.3044341495698215,NOT_AVAILABLE_PIT,NOT_AVAILABLE_PIT,UNIVERSE_ELIGIBLE_ONLY,CALENDAR_YEAR_2017
LAME4-0169,LAME4,2017-11-30,2017-11-30,MOMENTUM_LOW_VOL,NOT_SCORABLE_BY_DETECTOR,INSUFFICIENT_HISTORY,,,,false,,0.3044341495698215,NOT_AVAILABLE_PIT,NOT_AVAILABLE_PIT,UNIVERSE_ELIGIBLE_ONLY,CALENDAR_YEAR_2017
LAME4-0169,LAME4,2017-11-30,2017-11-30,REVERSAL_21,EARLY_HIT,DETECTED,6,0.1,-0.12797281993204979,true,1.0,0.3044341495698215,NOT_AVAILABLE_PIT,NOT_AVAILABLE_PIT,UNIVERSE_ELIGIBLE_ONLY,CALENDAR_YEAR_2017
LAME4-0169,LAME4,2017-11-30,2017-11-30,VOLUME_SURGE,MISS,RANK_TOO_LOW,20,0.3333333333333333,0.23276398504815732,false,,0.3044341495698215,NOT_AVAILABLE_PIT,NOT_AVAILABLE_PIT,UNIVERSE_ELIGIBLE_ONLY,CALENDAR_YEAR_2017
LAME4-0170,LAME4,2018-12-28,2019-02-28,52W_HIGH,MISS,RANK_TOO_LOW,15,0.25,0.958958958958959,false,,0.35902636916835706,NOT_AVAILABLE_PIT,NOT_AVAILABLE_PIT,UNIVERSE_ELIGIBLE_ONLY,CALENDAR_YEAR_2018
LAME4-0170,LAME4,2018-12-28,2019-02-28,LOW_VOL_252,MISS,RANK_TOO_LOW,30,0.5,0.02227929745921389,false,,0.35902636916835706,NOT_AVAILABLE_PIT,NOT_AVAILABLE_PIT,UNIVERSE_ELIGIBLE_ONLY,CALENDAR_YEAR_2018
LAME4-0170,LAME4,2018-12-28,2019-02-28,MOMENTUM_12_1,MISS,RANK_TOO_LOW,26,0.43333333333333335,0.16634050880626217,false,,0.35902636916835706,NOT_AVAILABLE_PIT,NOT_AVAILABLE_PIT,UNIVERSE_ELIGIBLE_ONLY,CALENDAR_YEAR_2018
LAME4-0170,LAME4,2018-12-28,2019-02-28,MOMENTUM_6_1,MISS,RANK_TOO_LOW,30,0.5,0.12382149591451919,false,,0.35902636916835706,NOT_AVAILABLE_PIT,NOT_AVAILABLE_PIT,UNIVERSE_ELIGIBLE_ONLY,CALENDAR_YEAR_2018
LAME4-0170,LAME4,2018-12-28,2019-02-28,MOMENTUM_LOW_VOL,MISS,NO_SIGNAL,,,,false,,0.35902636916835706,NOT_AVAILABLE_PIT,NOT_AVAILABLE_PIT,UNIVERSE_ELIGIBLE_ONLY,CALENDAR_YEAR_2018
LAME4-0170,LAME4,2018-12-28,2019-02-28,REVERSAL_21,MISS,RANK_TOO_LOW,49,0.8166666666666667,0.07158836689038028,false,,0.35902636916835706,NOT_AVAILABLE_PIT,NOT_AVAILABLE_PIT,UNIVERSE_ELIGIBLE_ONLY,CALENDAR_YEAR_2018
LAME4-0170,LAME4,2018-12-28,2019-02-28,VOLUME_SURGE,MISS,RANK_TOO_LOW,36,0.6,0.10775338738457108,false,,0.35902636916835706,NOT_AVAILABLE_PIT,NOT_AVAILABLE_PIT,UNIVERSE_ELIGIBLE_ONLY,CALENDAR_YEAR_2018
LAME4-0171,LAME4,2019-04-30,2019-09-30,52W_HIGH,BOUNDARY_UNCERTAIN_EXCLUDED,OUTCOME_UNCERTAINTY,54,0.9,0.7337446606549597,false,,0.5989717223650384,NOT_AVAILABLE_PIT,NOT_AVAILABLE_PIT,UNIVERSE_ELIGIBLE_ONLY,CALENDAR_YEAR_2019
LAME4-0171,LAME4,2019-04-30,2019-09-30,LOW_VOL_252,BOUNDARY_UNCERTAIN_EXCLUDED,OUTCOME_UNCERTAINTY,32,0.5333333333333333,0.023065937746645077,false,,0.5989717223650384,NOT_AVAILABLE_PIT,NOT_AVAILABLE_PIT,UNIVERSE_ELIGIBLE_ONLY,CALENDAR_YEAR_2019
LAME4-0171,LAME4,2019-04-30,2019-09-30,MOMENTUM_12_1,BOUNDARY_UNCERTAIN_EXCLUDED,OUTCOME_UNCERTAINTY,47,0.7833333333333333,-0.13805970149253732,false,,0.5989717223650384,NOT_AVAILABLE_PIT,NOT_AVAILABLE_PIT,UNIVERSE_ELIGIBLE_ONLY,CALENDAR_YEAR_2019
LAME4-0171,LAME4,2019-04-30,2019-09-30,MOMENTUM_6_1,BOUNDARY_UNCERTAIN_EXCLUDED,OUTCOME_UNCERTAINTY,57,0.95,-0.0910623946037098,false,,0.5989717223650384,NOT_AVAILABLE_PIT,NOT_AVAILABLE_PIT,UNIVERSE_ELIGIBLE_ONLY,CALENDAR_YEAR_2019
LAME4-0171,LAME4,2019-04-30,2019-09-30,MOMENTUM_LOW_VOL,BOUNDARY_UNCERTAIN_EXCLUDED,OUTCOME_UNCERTAINTY,,,,false,,0.5989717223650384,NOT_AVAILABLE_PIT,NOT_AVAILABLE_PIT,UNIVERSE_ELIGIBLE_ONLY,CALENDAR_YEAR_2019
LAME4-0171,LAME4,2019-04-30,2019-09-30,REVERSAL_21,BOUNDARY_UNCERTAIN_EXCLUDED,OUTCOME_UNCERTAINTY,12,0.2,-0.04390847247990115,true,,0.5989717223650384,NOT_AVAILABLE_PIT,NOT_AVAILABLE_PIT,UNIVERSE_ELIGIBLE_ONLY,CALENDAR_YEAR_2019
LAME4-0171,LAME4,2019-04-30,2019-09-30,VOLUME_SURGE,BOUNDARY_UNCERTAIN_EXCLUDED,OUTCOME_UNCERTAINTY,13,0.21666666666666667,0.27794039416404437,false,,0.5989717223650384,NOT_AVAILABLE_PIT,NOT_AVAILABLE_PIT,UNIVERSE_ELIGIBLE_ONLY,CALENDAR_YEAR_2019
LIGT3-0172,LIGT3,2020-03-31,2020-04-30,52W_HIGH,BOUNDARY_UNCERTAIN_EXCLUDED,OUTCOME_UNCERTAINTY,58,0.9666666666666667,0.4026927784577723,false,,1.331802525832376,NOT_AVAILABLE_PIT,NOT_AVAILABLE_PIT,UNIVERSE_ELIGIBLE_ONLY,CALENDAR_YEAR_2020
LIGT3-0172,LIGT3,2020-03-31,2020-04-30,LOW_VOL_252,BOUNDARY_UNCERTAIN_EXCLUDED,OUTCOME_UNCERTAINTY,52,0.8666666666666667,0.03831855571187512,false,,1.331802525832376,NOT_AVAILABLE_PIT,NOT_AVAILABLE_PIT,UNIVERSE_ELIGIBLE_ONLY,CALENDAR_YEAR_2020
LIGT3-0172,LIGT3,2020-03-31,2020-04-30,MOMENTUM_12_1,BOUNDARY_UNCERTAIN_EXCLUDED,OUTCOME_UNCERTAINTY,45,0.75,0.019746121297602448,false,,1.331802525832376,NOT_AVAILABLE_PIT,NOT_AVAILABLE_PIT,UNIVERSE_ELIGIBLE_ONLY,CALENDAR_YEAR_2020
LIGT3-0172,LIGT3,2020-03-31,2020-04-30,MOMENTUM_6_1,BOUNDARY_UNCERTAIN_EXCLUDED,OUTCOME_UNCERTAINTY,24,0.4,0.14944356120826718,false,,1.331802525832376,NOT_AVAILABLE_PIT,NOT_AVAILABLE_PIT,UNIVERSE_ELIGIBLE_ONLY,CALENDAR_YEAR_2020
LIGT3-0172,LIGT3,2020-03-31,2020-04-30,MOMENTUM_LOW_VOL,BOUNDARY_UNCERTAIN_EXCLUDED,OUTCOME_UNCERTAINTY,,,,false,,1.331802525832376,NOT_AVAILABLE_PIT,NOT_AVAILABLE_PIT,UNIVERSE_ELIGIBLE_ONLY,CALENDAR_YEAR_2020
LIGT3-0172,LIGT3,2020-03-31,2020-04-30,REVERSAL_21,BOUNDARY_UNCERTAIN_EXCLUDED,OUTCOME_UNCERTAINTY,1,0.016666666666666666,-0.5449515905947442,true,,1.331802525832376,NOT_AVAILABLE_PIT,NOT_AVAILABLE_PIT,UNIVERSE_ELIGIBLE_ONLY,CALENDAR_YEAR_2020
LIGT3-0172,LIGT3,2020-03-31,2020-04-30,VOLUME_SURGE,BOUNDARY_UNCERTAIN_EXCLUDED,OUTCOME_UNCERTAINTY,48,0.8,0.3063004969990919,false,,1.331802525832376,NOT_AVAILABLE_PIT,NOT_AVAILABLE_PIT,UNIVERSE_ELIGIBLE_ONLY,CALENDAR_YEAR_2020
LREN3-0173,LREN3,2017-01-31,2017-02-24,52W_HIGH,MISS,RANK_TOO_LOW,28,0.4666666666666667,0.8809610484164543,false,,0.585612116112747,NOT_AVAILABLE_PIT,NOT_AVAILABLE_PIT,UNIVERSE_ELIGIBLE_ONLY,CALENDAR_YEAR_2017
LREN3-0173,LREN3,2017-01-31,2017-02-24,LOW_VOL_252,MISS,RANK_TOO_LOW,17,0.2833333333333333,0.020380117535096817,false,,0.585612116112747,NOT_AVAILABLE_PIT,NOT_AVAILABLE_PIT,UNIVERSE_ELIGIBLE_ONLY,CALENDAR_YEAR_2017
LREN3-0173,LREN3,2017-01-31,2017-02-24,MOMENTUM_12_1,MISS,RANK_TOO_LOW,33,0.55,0.37109144542772854,false,,0.585612116112747,NOT_AVAILABLE_PIT,NOT_AVAILABLE_PIT,UNIVERSE_ELIGIBLE_ONLY,CALENDAR_YEAR_2017
LREN3-0173,LREN3,2017-01-31,2017-02-24,MOMENTUM_6_1,MISS,RANK_TOO_LOW,50,0.8333333333333334,-0.13957793409848218,false,,0.585612116112747,NOT_AVAILABLE_PIT,NOT_AVAILABLE_PIT,UNIVERSE_ELIGIBLE_ONLY,CALENDAR_YEAR_2017
LREN3-0173,LREN3,2017-01-31,2017-02-24,MOMENTUM_LOW_VOL,NOT_SCORABLE_BY_DETECTOR,INSUFFICIENT_HISTORY,,,,false,,0.585612116112747,NOT_AVAILABLE_PIT,NOT_AVAILABLE_PIT,UNIVERSE_ELIGIBLE_ONLY,CALENDAR_YEAR_2017
LREN3-0173,LREN3,2017-01-31,2017-02-24,REVERSAL_21,MISS,RANK_TOO_LOW,18,0.3,0.04130808950086062,false,,0.585612116112747,NOT_AVAILABLE_PIT,NOT_AVAILABLE_PIT,UNIVERSE_ELIGIBLE_ONLY,CALENDAR_YEAR_2017
LREN3-0173,LREN3,2017-01-31,2017-02-24,VOLUME_SURGE,MISS,RANK_TOO_LOW,47,0.7833333333333333,-0.23519407492223654,false,,0.585612116112747,NOT_AVAILABLE_PIT,NOT_AVAILABLE_PIT,UNIVERSE_ELIGIBLE_ONLY,CALENDAR_YEAR_2017
LREN3-0174,LREN3,2018-05-30,2018-12-28,52W_HIGH,EARLY_HIT,DETECTED,35,0.5833333333333334,0.7668149699031667,false,0.5270994639666469,0.4636091724825524,NOT_AVAILABLE_PIT,NOT_AVAILABLE_PIT,UNIVERSE_ELIGIBLE_ONLY,CALENDAR_YEAR_2018
LREN3-0174,LREN3,2018-05-30,2018-12-28,LOW_VOL_252,MISS,RANK_TOO_LOW,27,0.45,0.017904645859635564,false,0.5270994639666469,0.4636091724825524,NOT_AVAILABLE_PIT,NOT_AVAILABLE_PIT,UNIVERSE_ELIGIBLE_ONLY,CALENDAR_YEAR_2018
LREN3-0174,LREN3,2018-05-30,2018-12-28,MOMENTUM_12_1,MISS,RANK_TOO_LOW,29,0.48333333333333334,0.2892464678178963,false,0.5270994639666469,0.4636091724825524,NOT_AVAILABLE_PIT,NOT_AVAILABLE_PIT,UNIVERSE_ELIGIBLE_ONLY,CALENDAR_YEAR_2018
LREN3-0174,LREN3,2018-05-30,2018-12-28,MOMENTUM_6_1,LATE_HIT,DETECTED,47,0.7833333333333333,-0.06543385490753906,false,0.45920190589636684,0.4636091724825524,NOT_AVAILABLE_PIT,NOT_AVAILABLE_PIT,UNIVERSE_ELIGIBLE_ONLY,CALENDAR_YEAR_2018
LREN3-0174,LREN3,2018-05-30,2018-12-28,MOMENTUM_LOW_VOL,NOT_SCORABLE_BY_DETECTOR,INSUFFICIENT_HISTORY,,,,false,0.5270994639666469,0.4636091724825524,NOT_AVAILABLE_PIT,NOT_AVAILABLE_PIT,UNIVERSE_ELIGIBLE_ONLY,CALENDAR_YEAR_2018
LREN3-0174,LREN3,2018-05-30,2018-12-28,REVERSAL_21,MISS,RANK_TOO_LOW,40,0.6666666666666666,-0.10806697108066976,false,0.5270994639666469,0.4636091724825524,NOT_AVAILABLE_PIT,NOT_AVAILABLE_PIT,UNIVERSE_ELIGIBLE_ONLY,CALENDAR_YEAR_2018
LREN3-0174,LREN3,2018-05-30,2018-12-28,VOLUME_SURGE,EARLY_HIT,DETECTED,18,0.3,0.3992705068866551,false,0.5270994639666469,0.4636091724825524,NOT_AVAILABLE_PIT,NOT_AVAILABLE_PIT,UNIVERSE_ELIGIBLE_ONLY,CALENDAR_YEAR_2018
LREN3-0175,LREN3,2020-03-31,2020-03-31,52W_HIGH,MISS,RANK_TOO_LOW,37,0.6166666666666667,0.5863315262033842,false,1.0,0.33085271317829457,NOT_AVAILABLE_PIT,NOT_AVAILABLE_PIT,UNIVERSE_ELIGIBLE_ONLY,CALENDAR_YEAR_2020
LREN3-0175,LREN3,2020-03-31,2020-03-31,LOW_VOL_252,MISS,RANK_TOO_LOW,34,0.5666666666666667,0.03277006539071619,false,1.0,0.33085271317829457,NOT_AVAILABLE_PIT,NOT_AVAILABLE_PIT,UNIVERSE_ELIGIBLE_ONLY,CALENDAR_YEAR_2020
LREN3-0175,LREN3,2020-03-31,2020-03-31,MOMENTUM_12_1,MISS,RANK_TOO_LOW,29,0.48333333333333334,0.2597494682108248,false,1.0,0.33085271317829457,NOT_AVAILABLE_PIT,NOT_AVAILABLE_PIT,UNIVERSE_ELIGIBLE_ONLY,CALENDAR_YEAR_2020
LREN3-0175,LREN3,2020-03-31,2020-03-31,MOMENTUM_6_1,MISS,RANK_TOO_LOW,30,0.5,0.07676767676767682,false,1.0,0.33085271317829457,NOT_AVAILABLE_PIT,NOT_AVAILABLE_PIT,UNIVERSE_ELIGIBLE_ONLY,CALENDAR_YEAR_2020
LREN3-0175,LREN3,2020-03-31,2020-03-31,MOMENTUM_LOW_VOL,NOT_SCORABLE_BY_DETECTOR,INSUFFICIENT_HISTORY,,,,false,1.0,0.33085271317829457,NOT_AVAILABLE_PIT,NOT_AVAILABLE_PIT,UNIVERSE_ELIGIBLE_ONLY,CALENDAR_YEAR_2020
LREN3-0175,LREN3,2020-03-31,2020-03-31,REVERSAL_21,MISS,RANK_TOO_LOW,18,0.3,-0.33039399624765475,false,1.0,0.33085271317829457,NOT_AVAILABLE_PIT,NOT_AVAILABLE_PIT,UNIVERSE_ELIGIBLE_ONLY,CALENDAR_YEAR_2020
LREN3-0175,LREN3,2020-03-31,2020-03-31,VOLUME_SURGE,EARLY_HIT,DETECTED,12,0.2,1.1014304409760771,true,1.0,0.33085271317829457,NOT_AVAILABLE_PIT,NOT_AVAILABLE_PIT,UNIVERSE_ELIGIBLE_ONLY,CALENDAR_YEAR_2020
LREN3-0176,LREN3,2023-09-29,2023-10-31,52W_HIGH,MISS,RANK_TOO_LOW,57,0.95,0.4291653341861209,false,,0.4280155642023349,NOT_AVAILABLE_PIT,NOT_AVAILABLE_PIT,UNIVERSE_ELIGIBLE_ONLY,CALENDAR_YEAR_2023
LREN3-0176,LREN3,2023-09-29,2023-10-31,LOW_VOL_252,MISS,RANK_TOO_LOW,50,0.8333333333333334,0.03156589231940551,false,,0.4280155642023349,NOT_AVAILABLE_PIT,NOT_AVAILABLE_PIT,UNIVERSE_ELIGIBLE_ONLY,CALENDAR_YEAR_2023
LREN3-0176,LREN3,2023-09-29,2023-10-31,MOMENTUM_12_1,MISS,RANK_TOO_LOW,56,0.9333333333333333,-0.4005743000717875,false,,0.4280155642023349,NOT_AVAILABLE_PIT,NOT_AVAILABLE_PIT,UNIVERSE_ELIGIBLE_ONLY,CALENDAR_YEAR_2023
LREN3-0176,LREN3,2023-09-29,2023-10-31,MOMENTUM_6_1,MISS,RANK_TOO_LOW,47,0.7833333333333333,-0.01764705882352946,false,,0.4280155642023349,NOT_AVAILABLE_PIT,NOT_AVAILABLE_PIT,UNIVERSE_ELIGIBLE_ONLY,CALENDAR_YEAR_2023
LREN3-0176,LREN3,2023-09-29,2023-10-31,MOMENTUM_LOW_VOL,NOT_SCORABLE_BY_DETECTOR,INSUFFICIENT_HISTORY,,,,false,,0.4280155642023349,NOT_AVAILABLE_PIT,NOT_AVAILABLE_PIT,UNIVERSE_ELIGIBLE_ONLY,CALENDAR_YEAR_2023
LREN3-0176,LREN3,2023-09-29,2023-10-31,REVERSAL_21,EARLY_HIT,DETECTED,3,0.05,-0.1964071856287425,true,1.0,0.4280155642023349,NOT_AVAILABLE_PIT,NOT_AVAILABLE_PIT,UNIVERSE_ELIGIBLE_ONLY,CALENDAR_YEAR_2023
LREN3-0176,LREN3,2023-09-29,2023-10-31,VOLUME_SURGE,MISS,RANK_TOO_LOW,29,0.48333333333333334,-0.07841553404681034,false,,0.4280155642023349,NOT_AVAILABLE_PIT,NOT_AVAILABLE_PIT,UNIVERSE_ELIGIBLE_ONLY,CALENDAR_YEAR_2023
LREN3-0177,LREN3,2024-05-31,2024-06-28,52W_HIGH,MISS,RANK_TOO_LOW,53,0.8833333333333333,0.5854513584574934,false,,0.4447004608294931,NOT_AVAILABLE_PIT,NOT_AVAILABLE_PIT,UNIVERSE_ELIGIBLE_ONLY,CALENDAR_YEAR_2024
LREN3-0177,LREN3,2024-05-31,2024-06-28,LOW_VOL_252,MISS,RANK_TOO_LOW,47,0.7833333333333333,0.02653471180736375,false,,0.4447004608294931,NOT_AVAILABLE_PIT,NOT_AVAILABLE_PIT,UNIVERSE_ELIGIBLE_ONLY,CALENDAR_YEAR_2024
LREN3-0177,LREN3,2024-05-31,2024-06-28,MOMENTUM_12_1,MISS,RANK_TOO_LOW,52,0.8666666666666667,-0.19538461538461538,false,,0.4447004608294931,NOT_AVAILABLE_PIT,NOT_AVAILABLE_PIT,UNIVERSE_ELIGIBLE_ONLY,CALENDAR_YEAR_2024
LREN3-0177,LREN3,2024-05-31,2024-06-28,MOMENTUM_6_1,MISS,RANK_TOO_LOW,20,0.3333333333333333,0.07760989010989006,false,,0.4447004608294931,NOT_AVAILABLE_PIT,NOT_AVAILABLE_PIT,UNIVERSE_ELIGIBLE_ONLY,CALENDAR_YEAR_2024
LREN3-0177,LREN3,2024-05-31,2024-06-28,MOMENTUM_LOW_VOL,NOT_SCORABLE_BY_DETECTOR,INSUFFICIENT_HISTORY,,,,false,,0.4447004608294931,NOT_AVAILABLE_PIT,NOT_AVAILABLE_PIT,UNIVERSE_ELIGIBLE_ONLY,CALENDAR_YEAR_2024
LREN3-0177,LREN3,2024-05-31,2024-06-28,REVERSAL_21,EARLY_HIT,DETECTED,8,0.13333333333333333,-0.14850223072020396,true,1.0,0.4447004608294931,NOT_AVAILABLE_PIT,NOT_AVAILABLE_PIT,UNIVERSE_ELIGIBLE_ONLY,CALENDAR_YEAR_2024
LREN3-0177,LREN3,2024-05-31,2024-06-28,VOLUME_SURGE,MISS,RANK_TOO_LOW,28,0.4666666666666667,0.028894805405658808,false,,0.4447004608294931,NOT_AVAILABLE_PIT,NOT_AVAILABLE_PIT,UNIVERSE_ELIGIBLE_ONLY,CALENDAR_YEAR_2024
LREN3-0178,LREN3,2025-02-28,2025-02-28,52W_HIGH,MISS,RANK_TOO_LOW,48,0.8,0.5826446280991735,false,,0.3142857142857145,NOT_AVAILABLE_PIT,NOT_AVAILABLE_PIT,UNIVERSE_ELIGIBLE_ONLY,CALENDAR_YEAR_2025
LREN3-0178,LREN3,2025-02-28,2025-02-28,LOW_VOL_252,MISS,RANK_TOO_LOW,52,0.8666666666666667,0.030122141998161763,false,,0.3142857142857145,NOT_AVAILABLE_PIT,NOT_AVAILABLE_PIT,UNIVERSE_ELIGIBLE_ONLY,CALENDAR_YEAR_2025
LREN3-0178,LREN3,2025-02-28,2025-02-28,MOMENTUM_12_1,MISS,RANK_TOO_LOW,29,0.48333333333333334,-0.1471337579617834,false,,0.3142857142857145,NOT_AVAILABLE_PIT,NOT_AVAILABLE_PIT,UNIVERSE_ELIGIBLE_ONLY,CALENDAR_YEAR_2025
LREN3-0178,LREN3,2025-02-28,2025-02-28,MOMENTUM_6_1,MISS,RANK_TOO_LOW,48,0.8,-0.27029972752043596,false,,0.3142857142857145,NOT_AVAILABLE_PIT,NOT_AVAILABLE_PIT,UNIVERSE_ELIGIBLE_ONLY,CALENDAR_YEAR_2025
LREN3-0178,LREN3,2025-02-28,2025-02-28,MOMENTUM_LOW_VOL,NOT_SCORABLE_BY_DETECTOR,INSUFFICIENT_HISTORY,,,,false,,0.3142857142857145,NOT_AVAILABLE_PIT,NOT_AVAILABLE_PIT,UNIVERSE_ELIGIBLE_ONLY,CALENDAR_YEAR_2025
LREN3-0178,LREN3,2025-02-28,2025-02-28,REVERSAL_21,EARLY_HIT,DETECTED,2,0.03333333333333333,-0.15758028379387612,true,1.0,0.3142857142857145,NOT_AVAILABLE_PIT,NOT_AVAILABLE_PIT,UNIVERSE_ELIGIBLE_ONLY,CALENDAR_YEAR_2025
LREN3-0178,LREN3,2025-02-28,2025-02-28,VOLUME_SURGE,MISS,RANK_TOO_LOW,20,0.3333333333333333,0.030115993046713863,false,,0.3142857142857145,NOT_AVAILABLE_PIT,NOT_AVAILABLE_PIT,UNIVERSE_ELIGIBLE_ONLY,CALENDAR_YEAR_2025
MOVI3-0179,MOVI3,2022-11-30,2022-12-29,52W_HIGH,MISS,RANK_TOO_LOW,51,0.85,0.4672603457307491,false,,0.30011587485515645,NOT_AVAILABLE_PIT,NOT_AVAILABLE_PIT,UNIVERSE_ELIGIBLE_ONLY,CALENDAR_YEAR_2022
MOVI3-0179,MOVI3,2022-11-30,2022-12-29,LOW_VOL_252,MISS,RANK_TOO_LOW,40,0.6666666666666666,0.0300637255989079,false,,0.30011587485515645,NOT_AVAILABLE_PIT,NOT_AVAILABLE_PIT,UNIVERSE_ELIGIBLE_ONLY,CALENDAR_YEAR_2022
MOVI3-0179,MOVI3,2022-11-30,2022-12-29,MOMENTUM_12_1,MISS,RANK_TOO_LOW,45,0.75,-0.26356589147286813,false,,0.30011587485515645,NOT_AVAILABLE_PIT,NOT_AVAILABLE_PIT,UNIVERSE_ELIGIBLE_ONLY,CALENDAR_YEAR_2022
MOVI3-0179,MOVI3,2022-11-30,2022-12-29,MOMENTUM_6_1,MISS,RANK_TOO_LOW,52,0.8666666666666667,-0.246885617214043,false,,0.30011587485515645,NOT_AVAILABLE_PIT,NOT_AVAILABLE_PIT,UNIVERSE_ELIGIBLE_ONLY,CALENDAR_YEAR_2022
MOVI3-0179,MOVI3,2022-11-30,2022-12-29,MOMENTUM_LOW_VOL,NOT_SCORABLE_BY_DETECTOR,INSUFFICIENT_HISTORY,,,,false,,0.30011587485515645,NOT_AVAILABLE_PIT,NOT_AVAILABLE_PIT,UNIVERSE_ELIGIBLE_ONLY,CALENDAR_YEAR_2022
MOVI3-0179,MOVI3,2022-11-30,2022-12-29,REVERSAL_21,EARLY_HIT,DETECTED,1,0.016666666666666666,-0.3293233082706767,true,1.0,0.30011587485515645,NOT_AVAILABLE_PIT,NOT_AVAILABLE_PIT,UNIVERSE_ELIGIBLE_ONLY,CALENDAR_YEAR_2022
MOVI3-0179,MOVI3,2022-11-30,2022-12-29,VOLUME_SURGE,MISS,RANK_TOO_LOW,17,0.2833333333333333,0.34019053856266046,false,,0.30011587485515645,NOT_AVAILABLE_PIT,NOT_AVAILABLE_PIT,UNIVERSE_ELIGIBLE_ONLY,CALENDAR_YEAR_2022
MOVI3-0180,MOVI3,2023-02-28,2023-02-28,52W_HIGH,MISS,RANK_TOO_LOW,56,0.9333333333333333,0.34206390780513357,false,,0.3788617886178862,NOT_AVAILABLE_PIT,NOT_AVAILABLE_PIT,UNIVERSE_ELIGIBLE_ONLY,CALENDAR_YEAR_2023
MOVI3-0180,MOVI3,2023-02-28,2023-02-28,LOW_VOL_252,MISS,RANK_TOO_LOW,48,0.8,0.032732898799688645,false,,0.3788617886178862,NOT_AVAILABLE_PIT,NOT_AVAILABLE_PIT,UNIVERSE_ELIGIBLE_ONLY,CALENDAR_YEAR_2023
MOVI3-0180,MOVI3,2023-02-28,2023-02-28,MOMENTUM_12_1,MISS,RANK_TOO_LOW,57,0.95,-0.569338794616735,false,,0.3788617886178862,NOT_AVAILABLE_PIT,NOT_AVAILABLE_PIT,UNIVERSE_ELIGIBLE_ONLY,CALENDAR_YEAR_2023
MOVI3-0180,MOVI3,2023-02-28,2023-02-28,MOMENTUM_6_1,MISS,RANK_TOO_LOW,59,0.9833333333333333,-0.5057085292142378,false,,0.3788617886178862,NOT_AVAILABLE_PIT,NOT_AVAILABLE_PIT,UNIVERSE_ELIGIBLE_ONLY,CALENDAR_YEAR_2023
MOVI3-0180,MOVI3,2023-02-28,2023-02-28,MOMENTUM_LOW_VOL,NOT_SCORABLE_BY_DETECTOR,INSUFFICIENT_HISTORY,,,,false,,0.3788617886178862,NOT_AVAILABLE_PIT,NOT_AVAILABLE_PIT,UNIVERSE_ELIGIBLE_ONLY,CALENDAR_YEAR_2023
MOVI3-0180,MOVI3,2023-02-28,2023-02-28,REVERSAL_21,MISS,RANK_TOO_LOW,18,0.3,-0.11277173913043481,false,,0.3788617886178862,NOT_AVAILABLE_PIT,NOT_AVAILABLE_PIT,UNIVERSE_ELIGIBLE_ONLY,CALENDAR_YEAR_2023
MOVI3-0180,MOVI3,2023-02-28,2023-02-28,VOLUME_SURGE,MISS,RANK_TOO_LOW,56,0.9333333333333333,-0.3640964351862913,false,,0.3788617886178862,NOT_AVAILABLE_PIT,NOT_AVAILABLE_PIT,UNIVERSE_ELIGIBLE_ONLY,CALENDAR_YEAR_2023
MOVI3-0181,MOVI3,2024-09-30,2025-06-30,52W_HIGH,MISS,RANK_TOO_LOW,57,0.95,0.5052631578947369,false,1.2962962962962963,0.504950495049505,NOT_AVAILABLE_PIT,NOT_AVAILABLE_PIT,UNIVERSE_ELIGIBLE_ONLY,CALENDAR_YEAR_2024
MOVI3-0181,MOVI3,2024-09-30,2025-06-30,LOW_VOL_252,MISS,RANK_TOO_LOW,57,0.95,0.031873806205384464,false,1.2962962962962963,0.504950495049505,NOT_AVAILABLE_PIT,NOT_AVAILABLE_PIT,UNIVERSE_ELIGIBLE_ONLY,CALENDAR_YEAR_2024
MOVI3-0181,MOVI3,2024-09-30,2025-06-30,MOMENTUM_12_1,MISS,RANK_TOO_LOW,55,0.9166666666666666,-0.37219730941704043,false,1.2962962962962963,0.504950495049505,NOT_AVAILABLE_PIT,NOT_AVAILABLE_PIT,UNIVERSE_ELIGIBLE_ONLY,CALENDAR_YEAR_2024
MOVI3-0181,MOVI3,2024-09-30,2025-06-30,MOMENTUM_6_1,EARLY_HIT,DETECTED,52,0.8666666666666667,-0.14634146341463405,false,0.7253086419753085,0.504950495049505,NOT_AVAILABLE_PIT,NOT_AVAILABLE_PIT,UNIVERSE_ELIGIBLE_ONLY,CALENDAR_YEAR_2024
MOVI3-0181,MOVI3,2024-09-30,2025-06-30,MOMENTUM_LOW_VOL,MISS,NO_SIGNAL,,,,false,1.2962962962962963,0.504950495049505,NOT_AVAILABLE_PIT,NOT_AVAILABLE_PIT,UNIVERSE_ELIGIBLE_ONLY,CALENDAR_YEAR_2024
MOVI3-0181,MOVI3,2024-09-30,2025-06-30,REVERSAL_21,EARLY_HIT,DETECTED,5,0.08333333333333333,-0.10857142857142854,true,1.0,0.504950495049505,NOT_AVAILABLE_PIT,NOT_AVAILABLE_PIT,UNIVERSE_ELIGIBLE_ONLY,CALENDAR_YEAR_2024
MOVI3-0181,MOVI3,2024-09-30,2025-06-30,VOLUME_SURGE,EARLY_HIT,DETECTED,54,0.9,-0.3040305198123012,false,1.2962962962962963,0.504950495049505,NOT_AVAILABLE_PIT,NOT_AVAILABLE_PIT,UNIVERSE_ELIGIBLE_ONLY,CALENDAR_YEAR_2024
MRFG3-0182,MRFG3,2018-08-31,2018-11-30,52W_HIGH,MISS,RANK_TOO_LOW,47,0.7833333333333333,0.667816091954023,false,1.0,0.517857142857143,NOT_AVAILABLE_PIT,NOT_AVAILABLE_PIT,UNIVERSE_ELIGIBLE_ONLY,CALENDAR_YEAR_2018
MRFG3-0182,MRFG3,2018-08-31,2018-11-30,LOW_VOL_252,MISS,RANK_TOO_LOW,56,0.9333333333333333,0.028656153989627873,false,1.0,0.517857142857143,NOT_AVAILABLE_PIT,NOT_AVAILABLE_PIT,UNIVERSE_ELIGIBLE_ONLY,CALENDAR_YEAR_2018
MRFG3-0182,MRFG3,2018-08-31,2018-11-30,MOMENTUM_12_1,MISS,RANK_TOO_LOW,21,0.35,0.14507042253521152,false,1.0,0.517857142857143,NOT_AVAILABLE_PIT,NOT_AVAILABLE_PIT,UNIVERSE_ELIGIBLE_ONLY,CALENDAR_YEAR_2018
MRFG3-0182,MRFG3,2018-08-31,2018-11-30,MOMENTUM_6_1,EARLY_HIT,DETECTED,3,0.05,0.33278688524590194,true,1.0,0.517857142857143,NOT_AVAILABLE_PIT,NOT_AVAILABLE_PIT,UNIVERSE_ELIGIBLE_ONLY,CALENDAR_YEAR_2018
MRFG3-0182,MRFG3,2018-08-31,2018-11-30,MOMENTUM_LOW_VOL,MISS,RANK_TOO_LOW,20,0.8333333333333334,-0.028656153989627873,false,1.0,0.517857142857143,NOT_AVAILABLE_PIT,NOT_AVAILABLE_PIT,UNIVERSE_ELIGIBLE_ONLY,CALENDAR_YEAR_2018
MRFG3-0182,MRFG3,2018-08-31,2018-11-30,REVERSAL_21,EARLY_HIT,DETECTED,1,0.016666666666666666,-0.2853628536285364,true,1.0,0.517857142857143,NOT_AVAILABLE_PIT,NOT_AVAILABLE_PIT,UNIVERSE_ELIGIBLE_ONLY,CALENDAR_YEAR_2018
MRFG3-0182,MRFG3,2018-08-31,2018-11-30,VOLUME_SURGE,EARLY_HIT,DETECTED,2,0.03333333333333333,1.1440830738580576,true,1.0,0.517857142857143,NOT_AVAILABLE_PIT,NOT_AVAILABLE_PIT,UNIVERSE_ELIGIBLE_ONLY,CALENDAR_YEAR_2018
MRFG3-0183,MRFG3,2019-11-29,2019-12-30,52W_HIGH,MISS,RANK_TOO_LOW,39,0.65,0.9090143218197135,false,1.0,0.3327188940092167,NOT_AVAILABLE_PIT,NOT_AVAILABLE_PIT,UNIVERSE_ELIGIBLE_ONLY,CALENDAR_YEAR_2019
MRFG3-0183,MRFG3,2019-11-29,2019-12-30,LOW_VOL_252,MISS,RANK_TOO_LOW,53,0.8833333333333333,0.025931481478132266,false,1.0,0.3327188940092167,NOT_AVAILABLE_PIT,NOT_AVAILABLE_PIT,UNIVERSE_ELIGIBLE_ONLY,CALENDAR_YEAR_2019
MRFG3-0183,MRFG3,2019-11-29,2019-12-30,MOMENTUM_12_1,EARLY_HIT,DETECTED,10,0.16666666666666666,0.7413793103448276,true,1.0,0.3327188940092167,NOT_AVAILABLE_PIT,NOT_AVAILABLE_PIT,UNIVERSE_ELIGIBLE_ONLY,CALENDAR_YEAR_2019
MRFG3-0183,MRFG3,2019-11-29,2019-12-30,MOMENTUM_6_1,EARLY_HIT,DETECTED,2,0.03333333333333333,0.6386430678466075,true,1.0,0.3327188940092167,NOT_AVAILABLE_PIT,NOT_AVAILABLE_PIT,UNIVERSE_ELIGIBLE_ONLY,CALENDAR_YEAR_2019
MRFG3-0183,MRFG3,2019-11-29,2019-12-30,MOMENTUM_LOW_VOL,MISS,RANK_TOO_LOW,20,0.8333333333333334,-0.025931481478132266,false,1.0,0.3327188940092167,NOT_AVAILABLE_PIT,NOT_AVAILABLE_PIT,UNIVERSE_ELIGIBLE_ONLY,CALENDAR_YEAR_2019
MRFG3-0183,MRFG3,2019-11-29,2019-12-30,REVERSAL_21,EARLY_HIT,DETECTED,10,0.16666666666666666,-0.028802880288028798,true,1.0,0.3327188940092167,NOT_AVAILABLE_PIT,NOT_AVAILABLE_PIT,UNIVERSE_ELIGIBLE_ONLY,CALENDAR_YEAR_2019
MRFG3-0183,MRFG3,2019-11-29,2019-12-30,VOLUME_SURGE,EARLY_HIT,DETECTED,6,0.1,0.7014716810473716,true,1.0,0.3327188940092167,NOT_AVAILABLE_PIT,NOT_AVAILABLE_PIT,UNIVERSE_ELIGIBLE_ONLY,CALENDAR_YEAR_2019
MRFG3-0184,MRFG3,2020-03-31,2020-07-31,52W_HIGH,EARLY_HIT,DETECTED,28,0.4666666666666667,0.6397426733380985,false,0.6313416009019165,0.9423913043478263,NOT_AVAILABLE_PIT,NOT_AVAILABLE_PIT,UNIVERSE_ELIGIBLE_ONLY,CALENDAR_YEAR_2020
MRFG3-0184,MRFG3,2020-03-31,2020-07-31,LOW_VOL_252,MISS,RANK_TOO_LOW,58,0.9666666666666667,0.04369678416301008,false,0.5546786922209694,0.9423913043478263,NOT_AVAILABLE_PIT,NOT_AVAILABLE_PIT,UNIVERSE_ELIGIBLE_ONLY,CALENDAR_YEAR_2020
MRFG3-0184,MRFG3,2020-03-31,2020-07-31,MOMENTUM_12_1,EARLY_HIT,DETECTED,4,0.06666666666666667,1.02177554438861,true,1.0,0.9423913043478263,NOT_AVAILABLE_PIT,NOT_AVAILABLE_PIT,UNIVERSE_ELIGIBLE_ONLY,CALENDAR_YEAR_2020
MRFG3-0184,MRFG3,2020-03-31,2020-07-31,MOMENTUM_6_1,EARLY_HIT,DETECTED,33,0.55,0.06437389770723101,false,0.5546786922209694,0.9423913043478263,NOT_AVAILABLE_PIT,NOT_AVAILABLE_PIT,UNIVERSE_ELIGIBLE_ONLY,CALENDAR_YEAR_2020
MRFG3-0184,MRFG3,2020-03-31,2020-07-31,MOMENTUM_LOW_VOL,MISS,RANK_TOO_LOW,22,0.9166666666666666,-0.04369678416301008,false,0.5546786922209694,0.9423913043478263,NOT_AVAILABLE_PIT,NOT_AVAILABLE_PIT,UNIVERSE_ELIGIBLE_ONLY,CALENDAR_YEAR_2020
MRFG3-0184,MRFG3,2020-03-31,2020-07-31,REVERSAL_21,EARLY_HIT,DETECTED,32,0.5333333333333333,-0.2584921292460647,false,0.6426155580608794,0.9423913043478263,NOT_AVAILABLE_PIT,NOT_AVAILABLE_PIT,UNIVERSE_ELIGIBLE_ONLY,CALENDAR_YEAR_2020
MRFG3-0184,MRFG3,2020-03-31,2020-07-31,VOLUME_SURGE,EARLY_HIT,DETECTED,15,0.25,0.9222297126538384,false,0.5546786922209694,0.9423913043478263,NOT_AVAILABLE_PIT,NOT_AVAILABLE_PIT,UNIVERSE_ELIGIBLE_ONLY,CALENDAR_YEAR_2020
MRFG3-0185,MRFG3,2020-09-30,2021-02-26,52W_HIGH,MISS,RANK_TOO_LOW,14,0.23333333333333334,0.8301051466519093,false,,0.6973684210526316,NOT_AVAILABLE_PIT,NOT_AVAILABLE_PIT,UNIVERSE_ELIGIBLE_ONLY,CALENDAR_YEAR_2020
MRFG3-0185,MRFG3,2020-09-30,2021-02-26,LOW_VOL_252,MISS,RANK_TOO_LOW,50,0.8333333333333334,0.04468876864212311,false,,0.6973684210526316,NOT_AVAILABLE_PIT,NOT_AVAILABLE_PIT,UNIVERSE_ELIGIBLE_ONLY,CALENDAR_YEAR_2020
MRFG3-0185,MRFG3,2020-09-30,2021-02-26,MOMENTUM_12_1,EARLY_HIT,DETECTED,9,0.15,0.5537918871252205,true,1.0,0.6973684210526316,NOT_AVAILABLE_PIT,NOT_AVAILABLE_PIT,UNIVERSE_ELIGIBLE_ONLY,CALENDAR_YEAR_2020
MRFG3-0185,MRFG3,2020-09-30,2021-02-26,MOMENTUM_6_1,EARLY_HIT,DETECTED,8,0.13333333333333333,0.9687150837988829,true,1.0,0.6973684210526316,NOT_AVAILABLE_PIT,NOT_AVAILABLE_PIT,UNIVERSE_ELIGIBLE_ONLY,CALENDAR_YEAR_2020
MRFG3-0185,MRFG3,2020-09-30,2021-02-26,MOMENTUM_LOW_VOL,MISS,RANK_TOO_LOW,19,0.7916666666666666,-0.04468876864212311,false,,0.6973684210526316,NOT_AVAILABLE_PIT,NOT_AVAILABLE_PIT,UNIVERSE_ELIGIBLE_ONLY,CALENDAR_YEAR_2020
MRFG3-0185,MRFG3,2020-09-30,2021-02-26,REVERSAL_21,EARLY_HIT,DETECTED,6,0.1,-0.14869466515323504,true,1.0,0.6973684210526316,NOT_AVAILABLE_PIT,NOT_AVAILABLE_PIT,UNIVERSE_ELIGIBLE_ONLY,CALENDAR_YEAR_2020
MRFG3-0185,MRFG3,2020-09-30,2021-02-26,VOLUME_SURGE,MISS,RANK_TOO_LOW,16,0.26666666666666666,0.1766514670106769,false,,0.6973684210526316,NOT_AVAILABLE_PIT,NOT_AVAILABLE_PIT,UNIVERSE_ELIGIBLE_ONLY,CALENDAR_YEAR_2020
MRFG3-0186,MRFG3,2023-02-28,2024-08-30,52W_HIGH,BOUNDARY_UNCERTAIN_EXCLUDED,OUTCOME_UNCERTAINTY,60,1.0,0.28067885117493474,false,,0.4916286149162863,NOT_AVAILABLE_PIT,NOT_AVAILABLE_PIT,UNIVERSE_ELIGIBLE_ONLY,CALENDAR_YEAR_2023
MRFG3-0186,MRFG3,2023-02-28,2024-08-30,LOW_VOL_252,BOUNDARY_UNCERTAIN_EXCLUDED,OUTCOME_UNCERTAINTY,42,0.7,0.03040736092617064,false,,0.4916286149162863,NOT_AVAILABLE_PIT,NOT_AVAILABLE_PIT,UNIVERSE_ELIGIBLE_ONLY,CALENDAR_YEAR_2023
MRFG3-0186,MRFG3,2023-02-28,2024-08-30,MOMENTUM_12_1,BOUNDARY_UNCERTAIN_EXCLUDED,OUTCOME_UNCERTAINTY,59,0.9833333333333333,-0.6213285133303208,false,,0.4916286149162863,NOT_AVAILABLE_PIT,NOT_AVAILABLE_PIT,UNIVERSE_ELIGIBLE_ONLY,CALENDAR_YEAR_2023
MRFG3-0186,MRFG3,2023-02-28,2024-08-30,MOMENTUM_6_1,BOUNDARY_UNCERTAIN_EXCLUDED,OUTCOME_UNCERTAINTY,57,0.95,-0.4168406402226861,false,,0.4916286149162863,NOT_AVAILABLE_PIT,NOT_AVAILABLE_PIT,UNIVERSE_ELIGIBLE_ONLY,CALENDAR_YEAR_2023
MRFG3-0186,MRFG3,2023-02-28,2024-08-30,MOMENTUM_LOW_VOL,BOUNDARY_UNCERTAIN_EXCLUDED,OUTCOME_UNCERTAINTY,,,,false,,0.4916286149162863,NOT_AVAILABLE_PIT,NOT_AVAILABLE_PIT,UNIVERSE_ELIGIBLE_ONLY,CALENDAR_YEAR_2023
MRFG3-0186,MRFG3,2023-02-28,2024-08-30,REVERSAL_21,BOUNDARY_UNCERTAIN_EXCLUDED,OUTCOME_UNCERTAINTY,3,0.05,-0.230310262529833,true,,0.4916286149162863,NOT_AVAILABLE_PIT,NOT_AVAILABLE_PIT,UNIVERSE_ELIGIBLE_ONLY,CALENDAR_YEAR_2023
MRFG3-0186,MRFG3,2023-02-28,2024-08-30,VOLUME_SURGE,BOUNDARY_UNCERTAIN_EXCLUDED,OUTCOME_UNCERTAINTY,39,0.65,-0.1493646120052745,false,,0.4916286149162863,NOT_AVAILABLE_PIT,NOT_AVAILABLE_PIT,UNIVERSE_ELIGIBLE_ONLY,CALENDAR_YEAR_2023
MRVE3-0187,MRVE3,2018-06-29,2019-02-28,52W_HIGH,MISS,RANK_TOO_LOW,36,0.6,0.7177177177177178,false,0.9030144167758847,0.624790619765494,NOT_AVAILABLE_PIT,NOT_AVAILABLE_PIT,UNIVERSE_ELIGIBLE_ONLY,CALENDAR_YEAR_2018
MRVE3-0187,MRVE3,2018-06-29,2019-02-28,LOW_VOL_252,MISS,RANK_TOO_LOW,26,0.43333333333333335,0.01837210777214932,false,0.9030144167758847,0.624790619765494,NOT_AVAILABLE_PIT,NOT_AVAILABLE_PIT,UNIVERSE_ELIGIBLE_ONLY,CALENDAR_YEAR_2018
MRVE3-0187,MRVE3,2018-06-29,2019-02-28,MOMENTUM_12_1,MISS,RANK_TOO_LOW,38,0.6333333333333333,0.07772435897435881,false,0.9030144167758847,0.624790619765494,NOT_AVAILABLE_PIT,NOT_AVAILABLE_PIT,UNIVERSE_ELIGIBLE_ONLY,CALENDAR_YEAR_2018
MRVE3-0187,MRVE3,2018-06-29,2019-02-28,MOMENTUM_6_1,MISS,RANK_TOO_LOW,37,0.6166666666666667,-0.0620641562064157,false,0.9030144167758847,0.624790619765494,NOT_AVAILABLE_PIT,NOT_AVAILABLE_PIT,UNIVERSE_ELIGIBLE_ONLY,CALENDAR_YEAR_2018
MRVE3-0187,MRVE3,2018-06-29,2019-02-28,MOMENTUM_LOW_VOL,NOT_SCORABLE_BY_DETECTOR,INSUFFICIENT_HISTORY,,,,false,0.9030144167758847,0.624790619765494,NOT_AVAILABLE_PIT,NOT_AVAILABLE_PIT,UNIVERSE_ELIGIBLE_ONLY,CALENDAR_YEAR_2018
MRVE3-0187,MRVE3,2018-06-29,2019-02-28,REVERSAL_21,EARLY_HIT,DETECTED,10,0.16666666666666666,-0.11152416356877326,true,1.0,0.624790619765494,NOT_AVAILABLE_PIT,NOT_AVAILABLE_PIT,UNIVERSE_ELIGIBLE_ONLY,CALENDAR_YEAR_2018
MRVE3-0187,MRVE3,2018-06-29,2019-02-28,VOLUME_SURGE,EARLY_HIT,DETECTED,49,0.8166666666666667,-0.07119756599921556,false,0.9030144167758847,0.624790619765494,NOT_AVAILABLE_PIT,NOT_AVAILABLE_PIT,UNIVERSE_ELIGIBLE_ONLY,CALENDAR_YEAR_2018
MRVE3-0188,MRVE3,2020-03-31,2020-03-31,52W_HIGH,MISS,RANK_TOO_LOW,38,0.6333333333333333,0.5759717314487632,false,,0.6127272727272726,NOT_AVAILABLE_PIT,NOT_AVAILABLE_PIT,UNIVERSE_ELIGIBLE_ONLY,CALENDAR_YEAR_2020
MRVE3-0188,MRVE3,2020-03-31,2020-03-31,LOW_VOL_252,MISS,RANK_TOO_LOW,50,0.8333333333333334,0.037796635340678314,false,,0.6127272727272726,NOT_AVAILABLE_PIT,NOT_AVAILABLE_PIT,UNIVERSE_ELIGIBLE_ONLY,CALENDAR_YEAR_2020
MRVE3-0188,MRVE3,2020-03-31,2020-03-31,MOMENTUM_12_1,MISS,RANK_TOO_LOW,21,0.35,0.398134863701578,false,,0.6127272727272726,NOT_AVAILABLE_PIT,NOT_AVAILABLE_PIT,UNIVERSE_ELIGIBLE_ONLY,CALENDAR_YEAR_2020
MRVE3-0188,MRVE3,2020-03-31,2020-03-31,MOMENTUM_6_1,MISS,RANK_TOO_LOW,27,0.45,0.09740990990990972,false,,0.6127272727272726,NOT_AVAILABLE_PIT,NOT_AVAILABLE_PIT,UNIVERSE_ELIGIBLE_ONLY,CALENDAR_YEAR_2020
MRVE3-0188,MRVE3,2020-03-31,2020-03-31,MOMENTUM_LOW_VOL,MISS,RANK_TOO_LOW,19,0.7916666666666666,-0.037796635340678314,false,,0.6127272727272726,NOT_AVAILABLE_PIT,NOT_AVAILABLE_PIT,UNIVERSE_ELIGIBLE_ONLY,CALENDAR_YEAR_2020
MRVE3-0188,MRVE3,2020-03-31,2020-03-31,REVERSAL_21,MISS,RANK_TOO_LOW,17,0.2833333333333333,-0.33093894304771676,false,,0.6127272727272726,NOT_AVAILABLE_PIT,NOT_AVAILABLE_PIT,UNIVERSE_ELIGIBLE_ONLY,CALENDAR_YEAR_2020
MRVE3-0188,MRVE3,2020-03-31,2020-03-31,VOLUME_SURGE,MISS,RANK_TOO_LOW,55,0.9166666666666666,0.14220187322706557,false,,0.6127272727272726,NOT_AVAILABLE_PIT,NOT_AVAILABLE_PIT,UNIVERSE_ELIGIBLE_ONLY,CALENDAR_YEAR_2020
MRVE3-0189,MRVE3,2022-06-30,2022-07-29,52W_HIGH,MISS,RANK_TOO_LOW,50,0.8333333333333334,0.44699646643109536,false,0.7677419354838709,0.39734299516908234,NOT_AVAILABLE_PIT,NOT_AVAILABLE_PIT,UNIVERSE_ELIGIBLE_ONLY,CALENDAR_YEAR_2022
MRVE3-0189,MRVE3,2022-06-30,2022-07-29,LOW_VOL_252,MISS,RANK_TOO_LOW,41,0.6833333333333333,0.02932004123031614,false,0.7677419354838709,0.39734299516908234,NOT_AVAILABLE_PIT,NOT_AVAILABLE_PIT,UNIVERSE_ELIGIBLE_ONLY,CALENDAR_YEAR_2022
MRVE3-0189,MRVE3,2022-06-30,2022-07-29,MOMENTUM_12_1,MISS,RANK_TOO_LOW,47,0.7833333333333333,-0.4275618374558303,false,0.7677419354838709,0.39734299516908234,NOT_AVAILABLE_PIT,NOT_AVAILABLE_PIT,UNIVERSE_ELIGIBLE_ONLY,CALENDAR_YEAR_2022
MRVE3-0189,MRVE3,2022-06-30,2022-07-29,MOMENTUM_6_1,MISS,RANK_TOO_LOW,47,0.7833333333333333,-0.16566523605150207,false,0.7677419354838709,0.39734299516908234,NOT_AVAILABLE_PIT,NOT_AVAILABLE_PIT,UNIVERSE_ELIGIBLE_ONLY,CALENDAR_YEAR_2022
MRVE3-0189,MRVE3,2022-06-30,2022-07-29,MOMENTUM_LOW_VOL,NOT_SCORABLE_BY_DETECTOR,INSUFFICIENT_HISTORY,,,,false,0.7677419354838709,0.39734299516908234,NOT_AVAILABLE_PIT,NOT_AVAILABLE_PIT,UNIVERSE_ELIGIBLE_ONLY,CALENDAR_YEAR_2022
MRVE3-0189,MRVE3,2022-06-30,2022-07-29,REVERSAL_21,EARLY_HIT,DETECTED,6,0.1,-0.2191358024691359,true,1.0,0.39734299516908234,NOT_AVAILABLE_PIT,NOT_AVAILABLE_PIT,UNIVERSE_ELIGIBLE_ONLY,CALENDAR_YEAR_2022
MRVE3-0189,MRVE3,2022-06-30,2022-07-29,VOLUME_SURGE,EARLY_HIT,DETECTED,31,0.5166666666666667,-0.17708517103268318,false,0.7677419354838709,0.39734299516908234,NOT_AVAILABLE_PIT,NOT_AVAILABLE_PIT,UNIVERSE_ELIGIBLE_ONLY,CALENDAR_YEAR_2022
MRVE3-0190,MRVE3,2022-12-29,2022-12-29,52W_HIGH,MISS,RANK_TOO_LOW,44,0.7333333333333333,0.5555555555555556,false,,0.4604904632152589,NOT_AVAILABLE_PIT,NOT_AVAILABLE_PIT,UNIVERSE_ELIGIBLE_ONLY,CALENDAR_YEAR_2022
MRVE3-0190,MRVE3,2022-12-29,2022-12-29,LOW_VOL_252,MISS,RANK_TOO_LOW,53,0.8833333333333333,0.03541379943851589,false,,0.4604904632152589,NOT_AVAILABLE_PIT,NOT_AVAILABLE_PIT,UNIVERSE_ELIGIBLE_ONLY,CALENDAR_YEAR_2022
MRVE3-0190,MRVE3,2022-12-29,2022-12-29,MOMENTUM_12_1,MISS,RANK_TOO_LOW,44,0.7333333333333333,-0.2686695278969957,false,,0.4604904632152589,NOT_AVAILABLE_PIT,NOT_AVAILABLE_PIT,UNIVERSE_ELIGIBLE_ONLY,CALENDAR_YEAR_2022
MRVE3-0190,MRVE3,2022-12-29,2022-12-29,MOMENTUM_6_1,MISS,RANK_TOO_LOW,19,0.31666666666666665,0.12252964426877466,false,,0.4604904632152589,NOT_AVAILABLE_PIT,NOT_AVAILABLE_PIT,UNIVERSE_ELIGIBLE_ONLY,CALENDAR_YEAR_2022
MRVE3-0190,MRVE3,2022-12-29,2022-12-29,MOMENTUM_LOW_VOL,NOT_SCORABLE_BY_DETECTOR,INSUFFICIENT_HISTORY,,,,false,,0.4604904632152589,NOT_AVAILABLE_PIT,NOT_AVAILABLE_PIT,UNIVERSE_ELIGIBLE_ONLY,CALENDAR_YEAR_2022
MRVE3-0190,MRVE3,2022-12-29,2022-12-29,REVERSAL_21,EARLY_HIT,DETECTED,3,0.05,-0.11971830985915488,true,1.0,0.4604904632152589,NOT_AVAILABLE_PIT,NOT_AVAILABLE_PIT,UNIVERSE_ELIGIBLE_ONLY,CALENDAR_YEAR_2022
MRVE3-0190,MRVE3,2022-12-29,2022-12-29,VOLUME_SURGE,MISS,RANK_TOO_LOW,46,0.7666666666666667,-0.20313507305213507,false,,0.4604904632152589,NOT_AVAILABLE_PIT,NOT_AVAILABLE_PIT,UNIVERSE_ELIGIBLE_ONLY,CALENDAR_YEAR_2022
MRVE3-0191,MRVE3,2023-02-28,2023-02-28,52W_HIGH,MISS,RANK_TOO_LOW,49,0.8166666666666667,0.46951219512195125,false,,0.33333333333333326,NOT_AVAILABLE_PIT,NOT_AVAILABLE_PIT,UNIVERSE_ELIGIBLE_ONLY,CALENDAR_YEAR_2023
MRVE3-0191,MRVE3,2023-02-28,2023-02-28,LOW_VOL_252,MISS,RANK_TOO_LOW,53,0.8833333333333333,0.03541939936342215,false,,0.33333333333333326,NOT_AVAILABLE_PIT,NOT_AVAILABLE_PIT,UNIVERSE_ELIGIBLE_ONLY,CALENDAR_YEAR_2023
MRVE3-0191,MRVE3,2023-02-28,2023-02-28,MOMENTUM_12_1,MISS,RANK_TOO_LOW,52,0.8666666666666667,-0.4398708635996772,false,,0.33333333333333326,NOT_AVAILABLE_PIT,NOT_AVAILABLE_PIT,UNIVERSE_ELIGIBLE_ONLY,CALENDAR_YEAR_2023
MRVE3-0191,MRVE3,2023-02-28,2023-02-28,MOMENTUM_6_1,MISS,RANK_TOO_LOW,55,0.9166666666666666,-0.32292682926829264,false,,0.33333333333333326,NOT_AVAILABLE_PIT,NOT_AVAILABLE_PIT,UNIVERSE_ELIGIBLE_ONLY,CALENDAR_YEAR_2023
MRVE3-0191,MRVE3,2023-02-28,2023-02-28,MOMENTUM_LOW_VOL,NOT_SCORABLE_BY_DETECTOR,INSUFFICIENT_HISTORY,,,,false,,0.33333333333333326,NOT_AVAILABLE_PIT,NOT_AVAILABLE_PIT,UNIVERSE_ELIGIBLE_ONLY,CALENDAR_YEAR_2023
MRVE3-0191,MRVE3,2023-02-28,2023-02-28,REVERSAL_21,MISS,RANK_TOO_LOW,19,0.31666666666666665,-0.11239193083573495,false,,0.33333333333333326,NOT_AVAILABLE_PIT,NOT_AVAILABLE_PIT,UNIVERSE_ELIGIBLE_ONLY,CALENDAR_YEAR_2023
MRVE3-0191,MRVE3,2023-02-28,2023-02-28,VOLUME_SURGE,MISS,RANK_TOO_LOW,44,0.7333333333333333,-0.18064379542059494,false,,0.33333333333333326,NOT_AVAILABLE_PIT,NOT_AVAILABLE_PIT,UNIVERSE_ELIGIBLE_ONLY,CALENDAR_YEAR_2023
MRVE3-0192,MRVE3,2024-11-29,2025-03-31,52W_HIGH,MISS,RANK_TOO_LOW,56,0.9333333333333333,0.47195013357079246,false,,0.8034682080924853,NOT_AVAILABLE_PIT,NOT_AVAILABLE_PIT,UNIVERSE_ELIGIBLE_ONLY,CALENDAR_YEAR_2024
MRVE3-0192,MRVE3,2024-11-29,2025-03-31,LOW_VOL_252,MISS,RANK_TOO_LOW,54,0.9,0.03036269609849167,false,,0.8034682080924853,NOT_AVAILABLE_PIT,NOT_AVAILABLE_PIT,UNIVERSE_ELIGIBLE_ONLY,CALENDAR_YEAR_2024
MRVE3-0192,MRVE3,2024-11-29,2025-03-31,MOMENTUM_12_1,MISS,RANK_TOO_LOW,55,0.9166666666666666,-0.301085883514314,false,,0.8034682080924853,NOT_AVAILABLE_PIT,NOT_AVAILABLE_PIT,UNIVERSE_ELIGIBLE_ONLY,CALENDAR_YEAR_2024
MRVE3-0192,MRVE3,2024-11-29,2025-03-31,MOMENTUM_6_1,MISS,RANK_TOO_LOW,35,0.5833333333333334,0.020172910662824117,false,,0.8034682080924853,NOT_AVAILABLE_PIT,NOT_AVAILABLE_PIT,UNIVERSE_ELIGIBLE_ONLY,CALENDAR_YEAR_2024
MRVE3-0192,MRVE3,2024-11-29,2025-03-31,MOMENTUM_LOW_VOL,NOT_SCORABLE_BY_DETECTOR,INSUFFICIENT_HISTORY,,,,false,,0.8034682080924853,NOT_AVAILABLE_PIT,NOT_AVAILABLE_PIT,UNIVERSE_ELIGIBLE_ONLY,CALENDAR_YEAR_2024
MRVE3-0192,MRVE3,2024-11-29,2025-03-31,REVERSAL_21,EARLY_HIT,DETECTED,4,0.06666666666666667,-0.25141242937853114,true,1.0,0.8034682080924853,NOT_AVAILABLE_PIT,NOT_AVAILABLE_PIT,UNIVERSE_ELIGIBLE_ONLY,CALENDAR_YEAR_2024
MRVE3-0192,MRVE3,2024-11-29,2025-03-31,VOLUME_SURGE,MISS,RANK_TOO_LOW,42,0.7,-0.018808530962560854,false,,0.8034682080924853,NOT_AVAILABLE_PIT,NOT_AVAILABLE_PIT,UNIVERSE_ELIGIBLE_ONLY,CALENDAR_YEAR_2024
NATU3-0193,NATU3,2017-01-31,2017-02-24,52W_HIGH,MISS,RANK_TOO_LOW,54,0.9,0.7671314150103826,false,,0.3513513513513513,NOT_AVAILABLE_PIT,NOT_AVAILABLE_PIT,UNIVERSE_ELIGIBLE_ONLY,CALENDAR_YEAR_2017
NATU3-0193,NATU3,2017-01-31,2017-02-24,LOW_VOL_252,MISS,RANK_TOO_LOW,38,0.6333333333333333,0.02708028277152443,false,,0.3513513513513513,NOT_AVAILABLE_PIT,NOT_AVAILABLE_PIT,UNIVERSE_ELIGIBLE_ONLY,CALENDAR_YEAR_2017
NATU3-0193,NATU3,2017-01-31,2017-02-24,MOMENTUM_12_1,MISS,RANK_TOO_LOW,50,0.8333333333333334,0.03603603603603611,false,,0.3513513513513513,NOT_AVAILABLE_PIT,NOT_AVAILABLE_PIT,UNIVERSE_ELIGIBLE_ONLY,CALENDAR_YEAR_2017
NATU3-0193,NATU3,2017-01-31,2017-02-24,MOMENTUM_6_1,MISS,RANK_TOO_LOW,59,0.9833333333333333,-0.23333333333333328,false,,0.3513513513513513,NOT_AVAILABLE_PIT,NOT_AVAILABLE_PIT,UNIVERSE_ELIGIBLE_ONLY,CALENDAR_YEAR_2017
NATU3-0193,NATU3,2017-01-31,2017-02-24,MOMENTUM_LOW_VOL,NOT_SCORABLE_BY_DETECTOR,INSUFFICIENT_HISTORY,,,,false,,0.3513513513513513,NOT_AVAILABLE_PIT,NOT_AVAILABLE_PIT,UNIVERSE_ELIGIBLE_ONLY,CALENDAR_YEAR_2017
NATU3-0193,NATU3,2017-01-31,2017-02-24,REVERSAL_21,MISS,RANK_TOO_LOW,45,0.75,0.1243478260869566,false,,0.3513513513513513,NOT_AVAILABLE_PIT,NOT_AVAILABLE_PIT,UNIVERSE_ELIGIBLE_ONLY,CALENDAR_YEAR_2017
NATU3-0193,NATU3,2017-01-31,2017-02-24,VOLUME_SURGE,MISS,RANK_TOO_LOW,54,0.9,-0.30085745808021014,false,,0.3513513513513513,NOT_AVAILABLE_PIT,NOT_AVAILABLE_PIT,UNIVERSE_ELIGIBLE_ONLY,CALENDAR_YEAR_2017
NATU3-0194,NATU3,2017-11-30,2018-08-31,52W_HIGH,BOUNDARY_UNCERTAIN_EXCLUDED,OUTCOME_UNCERTAINTY,39,0.65,0.842031029619182,false,,0.3900781515460414,NOT_AVAILABLE_PIT,NOT_AVAILABLE_PIT,UNIVERSE_ELIGIBLE_ONLY,CALENDAR_YEAR_2017
NATU3-0194,NATU3,2017-11-30,2018-08-31,LOW_VOL_252,BOUNDARY_UNCERTAIN_EXCLUDED,OUTCOME_UNCERTAINTY,46,0.7666666666666667,0.024358206227610337,false,,0.3900781515460414,NOT_AVAILABLE_PIT,NOT_AVAILABLE_PIT,UNIVERSE_ELIGIBLE_ONLY,CALENDAR_YEAR_2017
NATU3-0194,NATU3,2017-11-30,2018-08-31,MOMENTUM_12_1,BOUNDARY_UNCERTAIN_EXCLUDED,OUTCOME_UNCERTAINTY,33,0.55,0.19402985074626855,false,,0.3900781515460414,NOT_AVAILABLE_PIT,NOT_AVAILABLE_PIT,UNIVERSE_ELIGIBLE_ONLY,CALENDAR_YEAR_2017
NATU3-0194,NATU3,2017-11-30,2018-08-31,MOMENTUM_6_1,BOUNDARY_UNCERTAIN_EXCLUDED,OUTCOME_UNCERTAINTY,55,0.9166666666666666,-0.03643480879253236,false,,0.3900781515460414,NOT_AVAILABLE_PIT,NOT_AVAILABLE_PIT,UNIVERSE_ELIGIBLE_ONLY,CALENDAR_YEAR_2017
NATU3-0194,NATU3,2017-11-30,2018-08-31,MOMENTUM_LOW_VOL,BOUNDARY_UNCERTAIN_EXCLUDED,OUTCOME_UNCERTAINTY,,,,false,,0.3900781515460414,NOT_AVAILABLE_PIT,NOT_AVAILABLE_PIT,UNIVERSE_ELIGIBLE_ONLY,CALENDAR_YEAR_2017
NATU3-0194,NATU3,2017-11-30,2018-08-31,REVERSAL_21,BOUNDARY_UNCERTAIN_EXCLUDED,OUTCOME_UNCERTAINTY,21,0.35,-0.06718749999999996,false,,0.3900781515460414,NOT_AVAILABLE_PIT,NOT_AVAILABLE_PIT,UNIVERSE_ELIGIBLE_ONLY,CALENDAR_YEAR_2017
NATU3-0194,NATU3,2017-11-30,2018-08-31,VOLUME_SURGE,BOUNDARY_UNCERTAIN_EXCLUDED,OUTCOME_UNCERTAINTY,31,0.5166666666666667,0.12591392951668778,false,,0.3900781515460414,NOT_AVAILABLE_PIT,NOT_AVAILABLE_PIT,UNIVERSE_ELIGIBLE_ONLY,CALENDAR_YEAR_2017
NEOE3-0195,NEOE3,2025-02-28,2025-04-30,52W_HIGH,BOUNDARY_UNCERTAIN_EXCLUDED,OUTCOME_UNCERTAINTY,7,0.11666666666666667,0.8961573650503203,true,,0.6923076923076923,NOT_AVAILABLE_PIT,NOT_AVAILABLE_PIT,UNIVERSE_ELIGIBLE_ONLY,CALENDAR_YEAR_2025
NEOE3-0195,NEOE3,2025-02-28,2025-04-30,LOW_VOL_252,BOUNDARY_UNCERTAIN_EXCLUDED,OUTCOME_UNCERTAINTY,8,0.13333333333333333,0.013573944611924278,true,,0.6923076923076923,NOT_AVAILABLE_PIT,NOT_AVAILABLE_PIT,UNIVERSE_ELIGIBLE_ONLY,CALENDAR_YEAR_2025
NEOE3-0195,NEOE3,2025-02-28,2025-04-30,MOMENTUM_12_1,BOUNDARY_UNCERTAIN_EXCLUDED,OUTCOME_UNCERTAINTY,27,0.45,-0.14164705882352946,false,,0.6923076923076923,NOT_AVAILABLE_PIT,NOT_AVAILABLE_PIT,UNIVERSE_ELIGIBLE_ONLY,CALENDAR_YEAR_2025
NEOE3-0195,NEOE3,2025-02-28,2025-04-30,MOMENTUM_6_1,BOUNDARY_UNCERTAIN_EXCLUDED,OUTCOME_UNCERTAINTY,19,0.31666666666666665,-0.07128309572301439,false,,0.6923076923076923,NOT_AVAILABLE_PIT,NOT_AVAILABLE_PIT,UNIVERSE_ELIGIBLE_ONLY,CALENDAR_YEAR_2025
NEOE3-0195,NEOE3,2025-02-28,2025-04-30,MOMENTUM_LOW_VOL,BOUNDARY_UNCERTAIN_EXCLUDED,OUTCOME_UNCERTAINTY,,,,false,,0.6923076923076923,NOT_AVAILABLE_PIT,NOT_AVAILABLE_PIT,UNIVERSE_ELIGIBLE_ONLY,CALENDAR_YEAR_2025
NEOE3-0195,NEOE3,2025-02-28,2025-04-30,REVERSAL_21,BOUNDARY_UNCERTAIN_EXCLUDED,OUTCOME_UNCERTAINTY,50,0.8333333333333334,0.07401315789473695,false,,0.6923076923076923,NOT_AVAILABLE_PIT,NOT_AVAILABLE_PIT,UNIVERSE_ELIGIBLE_ONLY,CALENDAR_YEAR_2025
NEOE3-0195,NEOE3,2025-02-28,2025-04-30,VOLUME_SURGE,BOUNDARY_UNCERTAIN_EXCLUDED,OUTCOME_UNCERTAINTY,4,0.06666666666666667,0.30636788080412525,true,,0.6923076923076923,NOT_AVAILABLE_PIT,NOT_AVAILABLE_PIT,UNIVERSE_ELIGIBLE_ONLY,CALENDAR_YEAR_2025
NTCO3-0196,NTCO3,2022-11-30,2022-12-29,52W_HIGH,MISS,RANK_TOO_LOW,54,0.9,0.4103386809269162,false,,0.4942630185348631,NOT_AVAILABLE_PIT,NOT_AVAILABLE_PIT,UNIVERSE_ELIGIBLE_ONLY,CALENDAR_YEAR_2022
NTCO3-0196,NTCO3,2022-11-30,2022-12-29,LOW_VOL_252,MISS,RANK_TOO_LOW,58,0.9666666666666667,0.040513393690430805,false,,0.4942630185348631,NOT_AVAILABLE_PIT,NOT_AVAILABLE_PIT,UNIVERSE_ELIGIBLE_ONLY,CALENDAR_YEAR_2022
NTCO3-0196,NTCO3,2022-11-30,2022-12-29,MOMENTUM_12_1,MISS,RANK_TOO_LOW,53,0.8833333333333333,-0.48674173628768613,false,,0.4942630185348631,NOT_AVAILABLE_PIT,NOT_AVAILABLE_PIT,UNIVERSE_ELIGIBLE_ONLY,CALENDAR_YEAR_2022
NTCO3-0196,NTCO3,2022-11-30,2022-12-29,MOMENTUM_6_1,MISS,RANK_TOO_LOW,45,0.75,-0.13683567501527183,false,,0.4942630185348631,NOT_AVAILABLE_PIT,NOT_AVAILABLE_PIT,UNIVERSE_ELIGIBLE_ONLY,CALENDAR_YEAR_2022
NTCO3-0196,NTCO3,2022-11-30,2022-12-29,MOMENTUM_LOW_VOL,NOT_SCORABLE_BY_DETECTOR,INSUFFICIENT_HISTORY,,,,false,,0.4942630185348631,NOT_AVAILABLE_PIT,NOT_AVAILABLE_PIT,UNIVERSE_ELIGIBLE_ONLY,CALENDAR_YEAR_2022
NTCO3-0196,NTCO3,2022-11-30,2022-12-29,REVERSAL_21,MISS,RANK_TOO_LOW,13,0.21666666666666667,-0.18542108987968864,false,,0.4942630185348631,NOT_AVAILABLE_PIT,NOT_AVAILABLE_PIT,UNIVERSE_ELIGIBLE_ONLY,CALENDAR_YEAR_2022
NTCO3-0196,NTCO3,2022-11-30,2022-12-29,VOLUME_SURGE,MISS,RANK_TOO_LOW,56,0.9333333333333333,-0.18713052257844875,false,,0.4942630185348631,NOT_AVAILABLE_PIT,NOT_AVAILABLE_PIT,UNIVERSE_ELIGIBLE_ONLY,CALENDAR_YEAR_2022
NTCO3-0197,NTCO3,2023-03-31,2023-04-28,52W_HIGH,BOUNDARY_UNCERTAIN_EXCLUDED,OUTCOME_UNCERTAINTY,48,0.8,0.48627450980392156,false,,0.31540162122328663,NOT_AVAILABLE_PIT,NOT_AVAILABLE_PIT,UNIVERSE_ELIGIBLE_ONLY,CALENDAR_YEAR_2023
NTCO3-0197,NTCO3,2023-03-31,2023-04-28,LOW_VOL_252,BOUNDARY_UNCERTAIN_EXCLUDED,OUTCOME_UNCERTAINTY,59,0.9833333333333333,0.040658725136798454,false,,0.31540162122328663,NOT_AVAILABLE_PIT,NOT_AVAILABLE_PIT,UNIVERSE_ELIGIBLE_ONLY,CALENDAR_YEAR_2023
NTCO3-0197,NTCO3,2023-03-31,2023-04-28,MOMENTUM_12_1,BOUNDARY_UNCERTAIN_EXCLUDED,OUTCOME_UNCERTAINTY,47,0.7833333333333333,-0.4633333333333334,false,,0.31540162122328663,NOT_AVAILABLE_PIT,NOT_AVAILABLE_PIT,UNIVERSE_ELIGIBLE_ONLY,CALENDAR_YEAR_2023
NTCO3-0197,NTCO3,2023-03-31,2023-04-28,MOMENTUM_6_1,BOUNDARY_UNCERTAIN_EXCLUDED,OUTCOME_UNCERTAINTY,16,0.26666666666666666,0.014705882352941346,false,,0.31540162122328663,NOT_AVAILABLE_PIT,NOT_AVAILABLE_PIT,UNIVERSE_ELIGIBLE_ONLY,CALENDAR_YEAR_2023
NTCO3-0197,NTCO3,2023-03-31,2023-04-28,MOMENTUM_LOW_VOL,BOUNDARY_UNCERTAIN_EXCLUDED,OUTCOME_UNCERTAINTY,,,,false,,0.31540162122328663,NOT_AVAILABLE_PIT,NOT_AVAILABLE_PIT,UNIVERSE_ELIGIBLE_ONLY,CALENDAR_YEAR_2023
NTCO3-0197,NTCO3,2023-03-31,2023-04-28,REVERSAL_21,BOUNDARY_UNCERTAIN_EXCLUDED,OUTCOME_UNCERTAINTY,16,0.26666666666666666,-0.05866114561766733,false,,0.31540162122328663,NOT_AVAILABLE_PIT,NOT_AVAILABLE_PIT,UNIVERSE_ELIGIBLE_ONLY,CALENDAR_YEAR_2023
NTCO3-0197,NTCO3,2023-03-31,2023-04-28,VOLUME_SURGE,BOUNDARY_UNCERTAIN_EXCLUDED,OUTCOME_UNCERTAINTY,7,0.11666666666666667,0.37105755834062437,true,,0.31540162122328663,NOT_AVAILABLE_PIT,NOT_AVAILABLE_PIT,UNIVERSE_ELIGIBLE_ONLY,CALENDAR_YEAR_2023
ORVR3-0198,ORVR3,2024-12-30,2025-07-31,52W_HIGH,MISS,RANK_TOO_LOW,22,0.36666666666666664,0.768888888888889,false,,0.8389403973509935,NOT_AVAILABLE_PIT,NOT_AVAILABLE_PIT,UNIVERSE_ELIGIBLE_ONLY,CALENDAR_YEAR_2024
ORVR3-0198,ORVR3,2024-12-30,2025-07-31,LOW_VOL_252,MISS,RANK_TOO_LOW,22,0.36666666666666664,0.016777971445233637,false,,0.8389403973509935,NOT_AVAILABLE_PIT,NOT_AVAILABLE_PIT,UNIVERSE_ELIGIBLE_ONLY,CALENDAR_YEAR_2024
ORVR3-0198,ORVR3,2024-12-30,2025-07-31,MOMENTUM_12_1,EARLY_HIT,DETECTED,11,0.18333333333333332,0.2142857142857142,true,1.0,0.8389403973509935,NOT_AVAILABLE_PIT,NOT_AVAILABLE_PIT,UNIVERSE_ELIGIBLE_ONLY,CALENDAR_YEAR_2024
ORVR3-0198,ORVR3,2024-12-30,2025-07-31,MOMENTUM_6_1,EARLY_HIT,DETECTED,11,0.18333333333333332,0.17590673575129534,true,1.0,0.8389403973509935,NOT_AVAILABLE_PIT,NOT_AVAILABLE_PIT,UNIVERSE_ELIGIBLE_ONLY,CALENDAR_YEAR_2024
ORVR3-0198,ORVR3,2024-12-30,2025-07-31,MOMENTUM_LOW_VOL,EARLY_HIT,DETECTED,7,0.2916666666666667,-0.016777971445233637,false,0.6855112758727218,0.8389403973509935,NOT_AVAILABLE_PIT,NOT_AVAILABLE_PIT,UNIVERSE_ELIGIBLE_ONLY,CALENDAR_YEAR_2024
ORVR3-0198,ORVR3,2024-12-30,2025-07-31,REVERSAL_21,EARLY_HIT,DETECTED,26,0.43333333333333335,-0.16148931482705442,false,0.6855112758727218,0.8389403973509935,NOT_AVAILABLE_PIT,NOT_AVAILABLE_PIT,UNIVERSE_ELIGIBLE_ONLY,CALENDAR_YEAR_2024
ORVR3-0198,ORVR3,2024-12-30,2025-07-31,VOLUME_SURGE,MISS,RANK_TOO_LOW,19,0.31666666666666665,0.29417706890269923,false,,0.8389403973509935,NOT_AVAILABLE_PIT,NOT_AVAILABLE_PIT,UNIVERSE_ELIGIBLE_ONLY,CALENDAR_YEAR_2024
PCAR4-0199,PCAR4,2017-01-31,2017-01-31,52W_HIGH,MISS,RANK_TOO_LOW,14,0.23333333333333334,0.937601034594245,false,,0.3052594792940766,NOT_AVAILABLE_PIT,NOT_AVAILABLE_PIT,UNIVERSE_ELIGIBLE_ONLY,CALENDAR_YEAR_2017
PCAR4-0199,PCAR4,2017-01-31,2017-01-31,LOW_VOL_252,MISS,RANK_TOO_LOW,27,0.45,0.023978414817060843,false,,0.3052594792940766,NOT_AVAILABLE_PIT,NOT_AVAILABLE_PIT,UNIVERSE_ELIGIBLE_ONLY,CALENDAR_YEAR_2017
PCAR4-0199,PCAR4,2017-01-31,2017-01-31,MOMENTUM_12_1,MISS,RANK_TOO_LOW,26,0.43333333333333335,0.5255001408847562,false,,0.3052594792940766,NOT_AVAILABLE_PIT,NOT_AVAILABLE_PIT,UNIVERSE_ELIGIBLE_ONLY,CALENDAR_YEAR_2017
PCAR4-0199,PCAR4,2017-01-31,2017-01-31,MOMENTUM_6_1,MISS,RANK_TOO_LOW,13,0.21666666666666667,0.12323651452282158,false,,0.3052594792940766,NOT_AVAILABLE_PIT,NOT_AVAILABLE_PIT,UNIVERSE_ELIGIBLE_ONLY,CALENDAR_YEAR_2017
PCAR4-0199,PCAR4,2017-01-31,2017-01-31,MOMENTUM_LOW_VOL,NOT_SCORABLE_BY_DETECTOR,INSUFFICIENT_HISTORY,,,,false,,0.3052594792940766,NOT_AVAILABLE_PIT,NOT_AVAILABLE_PIT,UNIVERSE_ELIGIBLE_ONLY,CALENDAR_YEAR_2017
PCAR4-0199,PCAR4,2017-01-31,2017-01-31,REVERSAL_21,MISS,RANK_TOO_LOW,33,0.55,0.0712966383450313,false,,0.3052594792940766,NOT_AVAILABLE_PIT,NOT_AVAILABLE_PIT,UNIVERSE_ELIGIBLE_ONLY,CALENDAR_YEAR_2017
PCAR4-0199,PCAR4,2017-01-31,2017-01-31,VOLUME_SURGE,MISS,RANK_TOO_LOW,29,0.48333333333333334,-0.026009316844556207,false,,0.3052594792940766,NOT_AVAILABLE_PIT,NOT_AVAILABLE_PIT,UNIVERSE_ELIGIBLE_ONLY,CALENDAR_YEAR_2017
PCAR4-0200,PCAR4,2018-02-28,2018-03-29,52W_HIGH,BOUNDARY_UNCERTAIN_EXCLUDED,OUTCOME_UNCERTAINTY,45,0.75,0.844774273345702,false,,0.3616494244499491,NOT_AVAILABLE_PIT,NOT_AVAILABLE_PIT,UNIVERSE_ELIGIBLE_ONLY,CALENDAR_YEAR_2018
PCAR4-0200,PCAR4,2018-02-28,2018-03-29,LOW_VOL_252,BOUNDARY_UNCERTAIN_EXCLUDED,OUTCOME_UNCERTAINTY,31,0.5166666666666667,0.0199181672208135,false,,0.3616494244499491,NOT_AVAILABLE_PIT,NOT_AVAILABLE_PIT,UNIVERSE_ELIGIBLE_ONLY,CALENDAR_YEAR_2018
PCAR4-0200,PCAR4,2018-02-28,2018-03-29,MOMENTUM_12_1,BOUNDARY_UNCERTAIN_EXCLUDED,OUTCOME_UNCERTAINTY,19,0.31666666666666665,0.29010354778475644,false,,0.3616494244499491,NOT_AVAILABLE_PIT,NOT_AVAILABLE_PIT,UNIVERSE_ELIGIBLE_ONLY,CALENDAR_YEAR_2018
PCAR4-0200,PCAR4,2018-02-28,2018-03-29,MOMENTUM_6_1,BOUNDARY_UNCERTAIN_EXCLUDED,OUTCOME_UNCERTAINTY,45,0.75,0.03839322311791227,false,,0.3616494244499491,NOT_AVAILABLE_PIT,NOT_AVAILABLE_PIT,UNIVERSE_ELIGIBLE_ONLY,CALENDAR_YEAR_2018
PCAR4-0200,PCAR4,2018-02-28,2018-03-29,MOMENTUM_LOW_VOL,BOUNDARY_UNCERTAIN_EXCLUDED,OUTCOME_UNCERTAINTY,12,0.5,-0.0199181672208135,false,,0.3616494244499491,NOT_AVAILABLE_PIT,NOT_AVAILABLE_PIT,UNIVERSE_ELIGIBLE_ONLY,CALENDAR_YEAR_2018
PCAR4-0200,PCAR4,2018-02-28,2018-03-29,REVERSAL_21,BOUNDARY_UNCERTAIN_EXCLUDED,OUTCOME_UNCERTAINTY,6,0.1,-0.10131578947368425,true,,0.3616494244499491,NOT_AVAILABLE_PIT,NOT_AVAILABLE_PIT,UNIVERSE_ELIGIBLE_ONLY,CALENDAR_YEAR_2018
PCAR4-0200,PCAR4,2018-02-28,2018-03-29,VOLUME_SURGE,BOUNDARY_UNCERTAIN_EXCLUDED,OUTCOME_UNCERTAINTY,17,0.2833333333333333,0.5167147514002444,false,,0.3616494244499491,NOT_AVAILABLE_PIT,NOT_AVAILABLE_PIT,UNIVERSE_ELIGIBLE_ONLY,CALENDAR_YEAR_2018
PETR4-0201,PETR4,2017-01-31,2017-04-28,52W_HIGH,MISS,RANK_TOO_LOW,49,0.8166666666666667,0.8153846153846154,false,,0.3661784287616512,NOT_AVAILABLE_PIT,NOT_AVAILABLE_PIT,UNIVERSE_ELIGIBLE_ONLY,CALENDAR_YEAR_2017
PETR4-0201,PETR4,2017-01-31,2017-04-28,LOW_VOL_252,MISS,RANK_TOO_LOW,52,0.8666666666666667,0.037648422283145605,false,,0.3661784287616512,NOT_AVAILABLE_PIT,NOT_AVAILABLE_PIT,UNIVERSE_ELIGIBLE_ONLY,CALENDAR_YEAR_2017
PETR4-0201,PETR4,2017-01-31,2017-04-28,MOMENTUM_12_1,EARLY_HIT,DETECTED,6,0.1,2.234135667396061,true,1.0,0.3661784287616512,NOT_AVAILABLE_PIT,NOT_AVAILABLE_PIT,UNIVERSE_ELIGIBLE_ONLY,CALENDAR_YEAR_2017
PETR4-0201,PETR4,2017-01-31,2017-04-28,MOMENTUM_6_1,EARLY_HIT,DETECTED,11,0.18333333333333332,0.29195804195804187,true,1.0,0.3661784287616512,NOT_AVAILABLE_PIT,NOT_AVAILABLE_PIT,UNIVERSE_ELIGIBLE_ONLY,CALENDAR_YEAR_2017
PETR4-0201,PETR4,2017-01-31,2017-04-28,MOMENTUM_LOW_VOL,MISS,RANK_TOO_LOW,18,0.75,-0.037648422283145605,false,,0.3661784287616512,NOT_AVAILABLE_PIT,NOT_AVAILABLE_PIT,UNIVERSE_ELIGIBLE_ONLY,CALENDAR_YEAR_2017
PETR4-0201,PETR4,2017-01-31,2017-04-28,REVERSAL_21,EARLY_HIT,DETECTED,12,0.2,0.004059539918809252,true,1.0,0.3661784287616512,NOT_AVAILABLE_PIT,NOT_AVAILABLE_PIT,UNIVERSE_ELIGIBLE_ONLY,CALENDAR_YEAR_2017
PETR4-0201,PETR4,2017-01-31,2017-04-28,VOLUME_SURGE,MISS,RANK_TOO_LOW,48,0.8,-0.2357970694737498,false,,0.3661784287616512,NOT_AVAILABLE_PIT,NOT_AVAILABLE_PIT,UNIVERSE_ELIGIBLE_ONLY,CALENDAR_YEAR_2017
PETR4-0202,PETR4,2017-06-30,2017-12-28,52W_HIGH,MISS,RANK_TOO_LOW,54,0.9,0.6692307692307693,false,,0.41585760517799364,NOT_AVAILABLE_PIT,NOT_AVAILABLE_PIT,UNIVERSE_ELIGIBLE_ONLY,CALENDAR_YEAR_2017
PETR4-0202,PETR4,2017-06-30,2017-12-28,LOW_VOL_252,MISS,RANK_TOO_LOW,50,0.8333333333333334,0.028493103871948002,false,,0.41585760517799364,NOT_AVAILABLE_PIT,NOT_AVAILABLE_PIT,UNIVERSE_ELIGIBLE_ONLY,CALENDAR_YEAR_2017
PETR4-0202,PETR4,2017-06-30,2017-12-28,MOMENTUM_12_1,MISS,RANK_TOO_LOW,17,0.2833333333333333,0.4443243243243242,false,,0.41585760517799364,NOT_AVAILABLE_PIT,NOT_AVAILABLE_PIT,UNIVERSE_ELIGIBLE_ONLY,CALENDAR_YEAR_2017
PETR4-0202,PETR4,2017-06-30,2017-12-28,MOMENTUM_6_1,EARLY_HIT,DETECTED,56,0.9333333333333333,-0.061797752808988804,false,0.7212242182302062,0.41585760517799364,NOT_AVAILABLE_PIT,NOT_AVAILABLE_PIT,UNIVERSE_ELIGIBLE_ONLY,CALENDAR_YEAR_2017
PETR4-0202,PETR4,2017-06-30,2017-12-28,MOMENTUM_LOW_VOL,MISS,RANK_TOO_LOW,17,0.7083333333333334,-0.028493103871948002,false,,0.41585760517799364,NOT_AVAILABLE_PIT,NOT_AVAILABLE_PIT,UNIVERSE_ELIGIBLE_ONLY,CALENDAR_YEAR_2017
PETR4-0202,PETR4,2017-06-30,2017-12-28,REVERSAL_21,EARLY_HIT,DETECTED,8,0.13333333333333333,-0.08832335329341312,true,1.0,0.41585760517799364,NOT_AVAILABLE_PIT,NOT_AVAILABLE_PIT,UNIVERSE_ELIGIBLE_ONLY,CALENDAR_YEAR_2017
PETR4-0202,PETR4,2017-06-30,2017-12-28,VOLUME_SURGE,MISS,RANK_TOO_LOW,48,0.8,-0.18655869300074812,false,,0.41585760517799364,NOT_AVAILABLE_PIT,NOT_AVAILABLE_PIT,UNIVERSE_ELIGIBLE_ONLY,CALENDAR_YEAR_2017
PETR4-0203,PETR4,2018-03-29,2018-03-29,52W_HIGH,MISS,RANK_TOO_LOW,15,0.25,0.9468512728896828,false,1.0,0.35358851674641145,NOT_AVAILABLE_PIT,NOT_AVAILABLE_PIT,UNIVERSE_ELIGIBLE_ONLY,CALENDAR_YEAR_2018
PETR4-0203,PETR4,2018-03-29,2018-03-29,LOW_VOL_252,MISS,RANK_TOO_LOW,40,0.6666666666666666,0.022553955442325992,false,1.0,0.35358851674641145,NOT_AVAILABLE_PIT,NOT_AVAILABLE_PIT,UNIVERSE_ELIGIBLE_ONLY,CALENDAR_YEAR_2018
PETR4-0203,PETR4,2018-03-29,2018-03-29,MOMENTUM_12_1,EARLY_HIT,DETECTED,8,0.13333333333333333,0.5808823529411764,true,1.0,0.35358851674641145,NOT_AVAILABLE_PIT,NOT_AVAILABLE_PIT,UNIVERSE_ELIGIBLE_ONLY,CALENDAR_YEAR_2018
PETR4-0203,PETR4,2018-03-29,2018-03-29,MOMENTUM_6_1,EARLY_HIT,DETECTED,2,0.03333333333333333,0.42007926023778075,true,1.0,0.35358851674641145,NOT_AVAILABLE_PIT,NOT_AVAILABLE_PIT,UNIVERSE_ELIGIBLE_ONLY,CALENDAR_YEAR_2018
PETR4-0203,PETR4,2018-03-29,2018-03-29,MOMENTUM_LOW_VOL,MISS,RANK_TOO_LOW,12,0.5,-0.022553955442325992,false,1.0,0.35358851674641145,NOT_AVAILABLE_PIT,NOT_AVAILABLE_PIT,UNIVERSE_ELIGIBLE_ONLY,CALENDAR_YEAR_2018
PETR4-0203,PETR4,2018-03-29,2018-03-29,REVERSAL_21,MISS,RANK_TOO_LOW,38,0.6333333333333333,-0.013953488372093092,false,1.0,0.35358851674641145,NOT_AVAILABLE_PIT,NOT_AVAILABLE_PIT,UNIVERSE_ELIGIBLE_ONLY,CALENDAR_YEAR_2018
PETR4-0203,PETR4,2018-03-29,2018-03-29,VOLUME_SURGE,EARLY_HIT,DETECTED,8,0.13333333333333333,0.5785151563899498,true,1.0,0.35358851674641145,NOT_AVAILABLE_PIT,NOT_AVAILABLE_PIT,UNIVERSE_ELIGIBLE_ONLY,CALENDAR_YEAR_2018
PETR4-0204,PETR4,2018-05-30,2018-06-29,52W_HIGH,MISS,RANK_TOO_LOW,43,0.7166666666666667,0.7046367287331143,false,1.0,0.5810643564356437,NOT_AVAILABLE_PIT,NOT_AVAILABLE_PIT,UNIVERSE_ELIGIBLE_ONLY,CALENDAR_YEAR_2018
PETR4-0204,PETR4,2018-05-30,2018-06-29,LOW_VOL_252,MISS,RANK_TOO_LOW,56,0.9333333333333333,0.026083340903333436,false,1.0,0.5810643564356437,NOT_AVAILABLE_PIT,NOT_AVAILABLE_PIT,UNIVERSE_ELIGIBLE_ONLY,CALENDAR_YEAR_2018
PETR4-0204,PETR4,2018-05-30,2018-06-29,MOMENTUM_12_1,EARLY_HIT,DETECTED,12,0.2,0.6947761194029851,true,1.0,0.5810643564356437,NOT_AVAILABLE_PIT,NOT_AVAILABLE_PIT,UNIVERSE_ELIGIBLE_ONLY,CALENDAR_YEAR_2018
PETR4-0204,PETR4,2018-05-30,2018-06-29,MOMENTUM_6_1,EARLY_HIT,DETECTED,6,0.1,0.409683426443203,true,1.0,0.5810643564356437,NOT_AVAILABLE_PIT,NOT_AVAILABLE_PIT,UNIVERSE_ELIGIBLE_ONLY,CALENDAR_YEAR_2018
PETR4-0204,PETR4,2018-05-30,2018-06-29,MOMENTUM_LOW_VOL,MISS,RANK_TOO_LOW,21,0.875,-0.026083340903333436,false,1.0,0.5810643564356437,NOT_AVAILABLE_PIT,NOT_AVAILABLE_PIT,UNIVERSE_ELIGIBLE_ONLY,CALENDAR_YEAR_2018
PETR4-0204,PETR4,2018-05-30,2018-06-29,REVERSAL_21,EARLY_HIT,DETECTED,24,0.4,-0.15015411712901805,false,0.8999236058059589,0.5810643564356437,NOT_AVAILABLE_PIT,NOT_AVAILABLE_PIT,UNIVERSE_ELIGIBLE_ONLY,CALENDAR_YEAR_2018
PETR4-0204,PETR4,2018-05-30,2018-06-29,VOLUME_SURGE,EARLY_HIT,DETECTED,1,0.016666666666666666,1.5346032943540564,true,1.0,0.5810643564356437,NOT_AVAILABLE_PIT,NOT_AVAILABLE_PIT,UNIVERSE_ELIGIBLE_ONLY,CALENDAR_YEAR_2018
PETR4-0205,PETR4,2018-08-31,2018-09-28,52W_HIGH,MISS,RANK_TOO_LOW,42,0.7,0.6863818912011683,false,1.0,0.34736842105263155,NOT_AVAILABLE_PIT,NOT_AVAILABLE_PIT,UNIVERSE_ELIGIBLE_ONLY,CALENDAR_YEAR_2018
PETR4-0205,PETR4,2018-08-31,2018-09-28,LOW_VOL_252,MISS,RANK_TOO_LOW,57,0.95,0.030053272195863286,false,1.0,0.34736842105263155,NOT_AVAILABLE_PIT,NOT_AVAILABLE_PIT,UNIVERSE_ELIGIBLE_ONLY,CALENDAR_YEAR_2018
PETR4-0205,PETR4,2018-08-31,2018-09-28,MOMENTUM_12_1,EARLY_HIT,DETECTED,8,0.13333333333333333,0.4510514865844817,true,1.0,0.34736842105263155,NOT_AVAILABLE_PIT,NOT_AVAILABLE_PIT,UNIVERSE_ELIGIBLE_ONLY,CALENDAR_YEAR_2018
PETR4-0205,PETR4,2018-08-31,2018-09-28,MOMENTUM_6_1,MISS,RANK_TOO_LOW,24,0.4,-0.04850213980028528,false,1.0,0.34736842105263155,NOT_AVAILABLE_PIT,NOT_AVAILABLE_PIT,UNIVERSE_ELIGIBLE_ONLY,CALENDAR_YEAR_2018
PETR4-0205,PETR4,2018-08-31,2018-09-28,MOMENTUM_LOW_VOL,MISS,RANK_TOO_LOW,21,0.875,-0.030053272195863286,false,1.0,0.34736842105263155,NOT_AVAILABLE_PIT,NOT_AVAILABLE_PIT,UNIVERSE_ELIGIBLE_ONLY,CALENDAR_YEAR_2018
PETR4-0205,PETR4,2018-08-31,2018-09-28,REVERSAL_21,MISS,RANK_TOO_LOW,28,0.4666666666666667,-0.06046976511744129,false,1.0,0.34736842105263155,NOT_AVAILABLE_PIT,NOT_AVAILABLE_PIT,UNIVERSE_ELIGIBLE_ONLY,CALENDAR_YEAR_2018
PETR4-0205,PETR4,2018-08-31,2018-09-28,VOLUME_SURGE,EARLY_HIT,DETECTED,9,0.15,0.1399951806605111,true,1.0,0.34736842105263155,NOT_AVAILABLE_PIT,NOT_AVAILABLE_PIT,UNIVERSE_ELIGIBLE_ONLY,CALENDAR_YEAR_2018
PETR4-0206,PETR4,2020-03-31,2020-06-30,52W_HIGH,MISS,RANK_TOO_LOW,55,0.9166666666666666,0.4320309977397482,false,,0.6706293706293707,NOT_AVAILABLE_PIT,NOT_AVAILABLE_PIT,UNIVERSE_ELIGIBLE_ONLY,CALENDAR_YEAR_2020
PETR4-0206,PETR4,2020-03-31,2020-06-30,LOW_VOL_252,MISS,RANK_TOO_LOW,53,0.8833333333333333,0.038863342375251846,false,,0.6706293706293707,NOT_AVAILABLE_PIT,NOT_AVAILABLE_PIT,UNIVERSE_ELIGIBLE_ONLY,CALENDAR_YEAR_2020
PETR4-0206,PETR4,2020-03-31,2020-06-30,MOMENTUM_12_1,MISS,RANK_TOO_LOW,53,0.8833333333333333,-0.11491442542787278,false,,0.6706293706293707,NOT_AVAILABLE_PIT,NOT_AVAILABLE_PIT,UNIVERSE_ELIGIBLE_ONLY,CALENDAR_YEAR_2020
PETR4-0206,PETR4,2020-03-31,2020-06-30,MOMENTUM_6_1,MISS,RANK_TOO_LOW,48,0.8,-0.07077374404107073,false,,0.6706293706293707,NOT_AVAILABLE_PIT,NOT_AVAILABLE_PIT,UNIVERSE_ELIGIBLE_ONLY,CALENDAR_YEAR_2020
PETR4-0206,PETR4,2020-03-31,2020-06-30,MOMENTUM_LOW_VOL,NOT_SCORABLE_BY_DETECTOR,INSUFFICIENT_HISTORY,,,,false,,0.6706293706293707,NOT_AVAILABLE_PIT,NOT_AVAILABLE_PIT,UNIVERSE_ELIGIBLE_ONLY,CALENDAR_YEAR_2020
PETR4-0206,PETR4,2020-03-31,2020-06-30,REVERSAL_21,EARLY_HIT,DETECTED,3,0.05,-0.47198105761641673,true,1.0,0.6706293706293707,NOT_AVAILABLE_PIT,NOT_AVAILABLE_PIT,UNIVERSE_ELIGIBLE_ONLY,CALENDAR_YEAR_2020
PETR4-0206,PETR4,2020-03-31,2020-06-30,VOLUME_SURGE,MISS,RANK_TOO_LOW,43,0.7166666666666667,0.41310763307015175,false,,0.6706293706293707,NOT_AVAILABLE_PIT,NOT_AVAILABLE_PIT,UNIVERSE_ELIGIBLE_ONLY,CALENDAR_YEAR_2020
PETR4-0207,PETR4,2020-09-30,2020-10-30,52W_HIGH,MISS,RANK_TOO_LOW,43,0.7166666666666667,0.6235066193090087,false,,0.4105793450881612,NOT_AVAILABLE_PIT,NOT_AVAILABLE_PIT,UNIVERSE_ELIGIBLE_ONLY,CALENDAR_YEAR_2020
PETR4-0207,PETR4,2020-09-30,2020-10-30,LOW_VOL_252,MISS,RANK_TOO_LOW,44,0.7333333333333333,0.041126518602353467,false,,0.4105793450881612,NOT_AVAILABLE_PIT,NOT_AVAILABLE_PIT,UNIVERSE_ELIGIBLE_ONLY,CALENDAR_YEAR_2020
PETR4-0207,PETR4,2020-09-30,2020-10-30,MOMENTUM_12_1,MISS,RANK_TOO_LOW,41,0.6833333333333333,-0.17345067840117345,false,,0.4105793450881612,NOT_AVAILABLE_PIT,NOT_AVAILABLE_PIT,UNIVERSE_ELIGIBLE_ONLY,CALENDAR_YEAR_2020
PETR4-0207,PETR4,2020-09-30,2020-10-30,MOMENTUM_6_1,EARLY_HIT,DETECTED,10,0.16666666666666666,0.6846038863976083,true,1.0,0.4105793450881612,NOT_AVAILABLE_PIT,NOT_AVAILABLE_PIT,UNIVERSE_ELIGIBLE_ONLY,CALENDAR_YEAR_2020
PETR4-0207,PETR4,2020-09-30,2020-10-30,MOMENTUM_LOW_VOL,NOT_SCORABLE_BY_DETECTOR,INSUFFICIENT_HISTORY,,,,false,,0.4105793450881612,NOT_AVAILABLE_PIT,NOT_AVAILABLE_PIT,UNIVERSE_ELIGIBLE_ONLY,CALENDAR_YEAR_2020
PETR4-0207,PETR4,2020-09-30,2020-10-30,REVERSAL_21,EARLY_HIT,DETECTED,10,0.16666666666666666,-0.14330079858030176,true,1.0,0.4105793450881612,NOT_AVAILABLE_PIT,NOT_AVAILABLE_PIT,UNIVERSE_ELIGIBLE_ONLY,CALENDAR_YEAR_2020
PETR4-0207,PETR4,2020-09-30,2020-10-30,VOLUME_SURGE,MISS,RANK_TOO_LOW,51,0.85,-0.1663265623292094,false,,0.4105793450881612,NOT_AVAILABLE_PIT,NOT_AVAILABLE_PIT,UNIVERSE_ELIGIBLE_ONLY,CALENDAR_YEAR_2020
PETR4-0208,PETR4,2021-02-26,2021-03-31,52W_HIGH,MISS,RANK_TOO_LOW,36,0.6,0.7451799485861182,false,1.0,0.5454545454545454,NOT_AVAILABLE_PIT,NOT_AVAILABLE_PIT,UNIVERSE_ELIGIBLE_ONLY,CALENDAR_YEAR_2021
PETR4-0208,PETR4,2021-02-26,2021-03-31,LOW_VOL_252,MISS,RANK_TOO_LOW,48,0.8,0.04624414206555258,false,1.0,0.5454545454545454,NOT_AVAILABLE_PIT,NOT_AVAILABLE_PIT,UNIVERSE_ELIGIBLE_ONLY,CALENDAR_YEAR_2021
PETR4-0208,PETR4,2021-02-26,2021-03-31,MOMENTUM_12_1,MISS,RANK_TOO_LOW,23,0.38333333333333336,-0.07731607629427795,false,1.0,0.5454545454545454,NOT_AVAILABLE_PIT,NOT_AVAILABLE_PIT,UNIVERSE_ELIGIBLE_ONLY,CALENDAR_YEAR_2021
PETR4-0208,PETR4,2021-02-26,2021-03-31,MOMENTUM_6_1,MISS,RANK_TOO_LOW,17,0.2833333333333333,0.1834862385321101,false,1.0,0.5454545454545454,NOT_AVAILABLE_PIT,NOT_AVAILABLE_PIT,UNIVERSE_ELIGIBLE_ONLY,CALENDAR_YEAR_2021
PETR4-0208,PETR4,2021-02-26,2021-03-31,MOMENTUM_LOW_VOL,MISS,RANK_TOO_LOW,20,0.8333333333333334,-0.04624414206555258,false,1.0,0.5454545454545454,NOT_AVAILABLE_PIT,NOT_AVAILABLE_PIT,UNIVERSE_ELIGIBLE_ONLY,CALENDAR_YEAR_2021
PETR4-0208,PETR4,2021-02-26,2021-03-31,REVERSAL_21,EARLY_HIT,DETECTED,1,0.016666666666666666,-0.14396456256921364,true,1.0,0.5454545454545454,NOT_AVAILABLE_PIT,NOT_AVAILABLE_PIT,UNIVERSE_ELIGIBLE_ONLY,CALENDAR_YEAR_2021
PETR4-0208,PETR4,2021-02-26,2021-03-31,VOLUME_SURGE,EARLY_HIT,DETECTED,3,0.05,0.713358882744433,true,1.0,0.5454545454545454,NOT_AVAILABLE_PIT,NOT_AVAILABLE_PIT,UNIVERSE_ELIGIBLE_ONLY,CALENDAR_YEAR_2021
PETR4-0209,PETR4,2022-11-30,2023-05-31,52W_HIGH,MISS,RANK_TOO_LOW,38,0.6333333333333333,0.6728525980911984,false,,0.3939038686987104,NOT_AVAILABLE_PIT,NOT_AVAILABLE_PIT,UNIVERSE_ELIGIBLE_ONLY,CALENDAR_YEAR_2022
PETR4-0209,PETR4,2022-11-30,2023-05-31,LOW_VOL_252,MISS,RANK_TOO_LOW,34,0.5666666666666667,0.02839541053371108,false,,0.3939038686987104,NOT_AVAILABLE_PIT,NOT_AVAILABLE_PIT,UNIVERSE_ELIGIBLE_ONLY,CALENDAR_YEAR_2022
PETR4-0209,PETR4,2022-11-30,2023-05-31,MOMENTUM_12_1,MISS,RANK_TOO_LOW,17,0.2833333333333333,0.11276164753544893,false,,0.3939038686987104,NOT_AVAILABLE_PIT,NOT_AVAILABLE_PIT,UNIVERSE_ELIGIBLE_ONLY,CALENDAR_YEAR_2022
PETR4-0209,PETR4,2022-11-30,2023-05-31,MOMENTUM_6_1,MISS,RANK_TOO_LOW,15,0.25,0.0990330110036679,false,,0.3939038686987104,NOT_AVAILABLE_PIT,NOT_AVAILABLE_PIT,UNIVERSE_ELIGIBLE_ONLY,CALENDAR_YEAR_2022
PETR4-0209,PETR4,2022-11-30,2023-05-31,MOMENTUM_LOW_VOL,MISS,RANK_TOO_LOW,18,0.75,-0.02839541053371108,false,,0.3939038686987104,NOT_AVAILABLE_PIT,NOT_AVAILABLE_PIT,UNIVERSE_ELIGIBLE_ONLY,CALENDAR_YEAR_2022
PETR4-0209,PETR4,2022-11-30,2023-05-31,REVERSAL_21,EARLY_HIT,DETECTED,6,0.1,-0.22997572815533984,true,1.0,0.3939038686987104,NOT_AVAILABLE_PIT,NOT_AVAILABLE_PIT,UNIVERSE_ELIGIBLE_ONLY,CALENDAR_YEAR_2022
PETR4-0209,PETR4,2022-11-30,2023-05-31,VOLUME_SURGE,MISS,RANK_TOO_LOW,19,0.31666666666666665,0.307528380517774,false,,0.3939038686987104,NOT_AVAILABLE_PIT,NOT_AVAILABLE_PIT,UNIVERSE_ELIGIBLE_ONLY,CALENDAR_YEAR_2022
PETR4-0210,PETR4,2025-04-30,2025-05-30,52W_HIGH,MISS,RANK_TOO_LOW,45,0.75,0.7238275698720985,false,1.0,0.5929892891918209,NOT_AVAILABLE_PIT,NOT_AVAILABLE_PIT,UNIVERSE_ELIGIBLE_ONLY,CALENDAR_YEAR_2025
PETR4-0210,PETR4,2025-04-30,2025-05-30,LOW_VOL_252,EARLY_HIT,DETECTED,17,0.2833333333333333,0.01626320552979121,false,0.9857670005271482,0.5929892891918209,NOT_AVAILABLE_PIT,NOT_AVAILABLE_PIT,UNIVERSE_ELIGIBLE_ONLY,CALENDAR_YEAR_2025
PETR4-0210,PETR4,2025-04-30,2025-05-30,MOMENTUM_12_1,MISS,RANK_TOO_LOW,35,0.5833333333333334,-0.08634489449430016,false,1.0,0.5929892891918209,NOT_AVAILABLE_PIT,NOT_AVAILABLE_PIT,UNIVERSE_ELIGIBLE_ONLY,CALENDAR_YEAR_2025
PETR4-0210,PETR4,2025-04-30,2025-05-30,MOMENTUM_6_1,MISS,RANK_TOO_LOW,18,0.3,0.039172413793103544,false,1.0,0.5929892891918209,NOT_AVAILABLE_PIT,NOT_AVAILABLE_PIT,UNIVERSE_ELIGIBLE_ONLY,CALENDAR_YEAR_2025
PETR4-0210,PETR4,2025-04-30,2025-05-30,MOMENTUM_LOW_VOL,NOT_SCORABLE_BY_DETECTOR,INSUFFICIENT_HISTORY,,,,false,1.0,0.5929892891918209,NOT_AVAILABLE_PIT,NOT_AVAILABLE_PIT,UNIVERSE_ELIGIBLE_ONLY,CALENDAR_YEAR_2025
PETR4-0210,PETR4,2025-04-30,2025-05-30,REVERSAL_21,EARLY_HIT,DETECTED,2,0.03333333333333333,-0.1887443589062916,true,1.0,0.5929892891918209,NOT_AVAILABLE_PIT,NOT_AVAILABLE_PIT,UNIVERSE_ELIGIBLE_ONLY,CALENDAR_YEAR_2025
PETR4-0210,PETR4,2025-04-30,2025-05-30,VOLUME_SURGE,EARLY_HIT,DETECTED,11,0.18333333333333332,0.3741584151870647,true,1.0,0.5929892891918209,NOT_AVAILABLE_PIT,NOT_AVAILABLE_PIT,UNIVERSE_ELIGIBLE_ONLY,CALENDAR_YEAR_2025
PETR4-0211,PETR4,2025-07-31,2025-07-31,52W_HIGH,MISS,RANK_TOO_LOW,36,0.6,0.8073417097807342,false,,0.3480285625582118,NOT_AVAILABLE_PIT,NOT_AVAILABLE_PIT,UNIVERSE_ELIGIBLE_ONLY,CALENDAR_YEAR_2025
PETR4-0211,PETR4,2025-07-31,2025-07-31,LOW_VOL_252,MISS,RANK_TOO_LOW,13,0.21666666666666667,0.015437074944367529,false,,0.3480285625582118,NOT_AVAILABLE_PIT,NOT_AVAILABLE_PIT,UNIVERSE_ELIGIBLE_ONLY,CALENDAR_YEAR_2025
PETR4-0211,PETR4,2025-07-31,2025-07-31,MOMENTUM_12_1,MISS,RANK_TOO_LOW,52,0.8666666666666667,-0.16427813163481952,false,,0.3480285625582118,NOT_AVAILABLE_PIT,NOT_AVAILABLE_PIT,UNIVERSE_ELIGIBLE_ONLY,CALENDAR_YEAR_2025
PETR4-0211,PETR4,2025-07-31,2025-07-31,MOMENTUM_6_1,MISS,RANK_TOO_LOW,57,0.95,-0.15303926842388382,false,,0.3480285625582118,NOT_AVAILABLE_PIT,NOT_AVAILABLE_PIT,UNIVERSE_ELIGIBLE_ONLY,CALENDAR_YEAR_2025
PETR4-0211,PETR4,2025-07-31,2025-07-31,MOMENTUM_LOW_VOL,NOT_SCORABLE_BY_DETECTOR,INSUFFICIENT_HISTORY,,,,false,,0.3480285625582118,NOT_AVAILABLE_PIT,NOT_AVAILABLE_PIT,UNIVERSE_ELIGIBLE_ONLY,CALENDAR_YEAR_2025
PETR4-0211,PETR4,2025-07-31,2025-07-31,REVERSAL_21,MISS,RANK_TOO_LOW,53,0.8833333333333333,0.04064782470625605,false,,0.3480285625582118,NOT_AVAILABLE_PIT,NOT_AVAILABLE_PIT,UNIVERSE_ELIGIBLE_ONLY,CALENDAR_YEAR_2025
PETR4-0211,PETR4,2025-07-31,2025-07-31,VOLUME_SURGE,MISS,RANK_TOO_LOW,54,0.9,-0.36970374027182695,false,,0.3480285625582118,NOT_AVAILABLE_PIT,NOT_AVAILABLE_PIT,UNIVERSE_ELIGIBLE_ONLY,CALENDAR_YEAR_2025
POMO4-0212,POMO4,2023-09-29,2023-11-30,52W_HIGH,MISS,RANK_TOO_LOW,18,0.3,0.8887171561051005,false,1.0,0.4253472222222223,NOT_AVAILABLE_PIT,NOT_AVAILABLE_PIT,UNIVERSE_ELIGIBLE_ONLY,CALENDAR_YEAR_2023
POMO4-0212,POMO4,2023-09-29,2023-11-30,LOW_VOL_252,MISS,RANK_TOO_LOW,29,0.48333333333333334,0.02402778393409457,false,1.0,0.4253472222222223,NOT_AVAILABLE_PIT,NOT_AVAILABLE_PIT,UNIVERSE_ELIGIBLE_ONLY,CALENDAR_YEAR_2023
POMO4-0212,POMO4,2023-09-29,2023-11-30,MOMENTUM_12_1,EARLY_HIT,DETECTED,1,0.016666666666666666,1.3531598513011152,true,1.0,0.4253472222222223,NOT_AVAILABLE_PIT,NOT_AVAILABLE_PIT,UNIVERSE_ELIGIBLE_ONLY,CALENDAR_YEAR_2023
POMO4-0212,POMO4,2023-09-29,2023-11-30,MOMENTUM_6_1,EARLY_HIT,DETECTED,2,0.03333333333333333,0.9658385093167701,true,1.0,0.4253472222222223,NOT_AVAILABLE_PIT,NOT_AVAILABLE_PIT,UNIVERSE_ELIGIBLE_ONLY,CALENDAR_YEAR_2023
POMO4-0212,POMO4,2023-09-29,2023-11-30,MOMENTUM_LOW_VOL,MISS,RANK_TOO_LOW,13,0.5416666666666666,-0.02402778393409457,false,1.0,0.4253472222222223,NOT_AVAILABLE_PIT,NOT_AVAILABLE_PIT,UNIVERSE_ELIGIBLE_ONLY,CALENDAR_YEAR_2023
POMO4-0212,POMO4,2023-09-29,2023-11-30,REVERSAL_21,MISS,RANK_TOO_LOW,17,0.2833333333333333,-0.09162717219589256,false,1.0,0.4253472222222223,NOT_AVAILABLE_PIT,NOT_AVAILABLE_PIT,UNIVERSE_ELIGIBLE_ONLY,CALENDAR_YEAR_2023
POMO4-0212,POMO4,2023-09-29,2023-11-30,VOLUME_SURGE,EARLY_HIT,DETECTED,8,0.13333333333333333,0.19733326347053404,true,1.0,0.4253472222222223,NOT_AVAILABLE_PIT,NOT_AVAILABLE_PIT,UNIVERSE_ELIGIBLE_ONLY,CALENDAR_YEAR_2023
POMO4-0213,POMO4,2024-06-28,2024-07-31,52W_HIGH,MISS,RANK_TOO_LOW,37,0.6166666666666667,0.7482915717539864,false,,0.30441898527004896,NOT_AVAILABLE_PIT,NOT_AVAILABLE_PIT,UNIVERSE_ELIGIBLE_ONLY,CALENDAR_YEAR_2024
POMO4-0213,POMO4,2024-06-28,2024-07-31,LOW_VOL_252,MISS,RANK_TOO_LOW,48,0.8,0.026649848470840547,false,,0.30441898527004896,NOT_AVAILABLE_PIT,NOT_AVAILABLE_PIT,UNIVERSE_ELIGIBLE_ONLY,CALENDAR_YEAR_2024
POMO4-0213,POMO4,2024-06-28,2024-07-31,MOMENTUM_12_1,EARLY_HIT,DETECTED,9,0.15,0.30038022813688214,true,1.0,0.30441898527004896,NOT_AVAILABLE_PIT,NOT_AVAILABLE_PIT,UNIVERSE_ELIGIBLE_ONLY,CALENDAR_YEAR_2024
POMO4-0213,POMO4,2024-06-28,2024-07-31,MOMENTUM_6_1,MISS,RANK_TOO_LOW,20,0.3333333333333333,-0.024251069900142697,false,,0.30441898527004896,NOT_AVAILABLE_PIT,NOT_AVAILABLE_PIT,UNIVERSE_ELIGIBLE_ONLY,CALENDAR_YEAR_2024
POMO4-0213,POMO4,2024-06-28,2024-07-31,MOMENTUM_LOW_VOL,MISS,RANK_TOO_LOW,19,0.7916666666666666,-0.026649848470840547,false,,0.30441898527004896,NOT_AVAILABLE_PIT,NOT_AVAILABLE_PIT,UNIVERSE_ELIGIBLE_ONLY,CALENDAR_YEAR_2024
POMO4-0213,POMO4,2024-06-28,2024-07-31,REVERSAL_21,EARLY_HIT,DETECTED,11,0.18333333333333332,-0.039473684210526216,true,1.0,0.30441898527004896,NOT_AVAILABLE_PIT,NOT_AVAILABLE_PIT,UNIVERSE_ELIGIBLE_ONLY,CALENDAR_YEAR_2024
POMO4-0213,POMO4,2024-06-28,2024-07-31,VOLUME_SURGE,MISS,RANK_TOO_LOW,30,0.5,-0.07647042321908248,false,,0.30441898527004896,NOT_AVAILABLE_PIT,NOT_AVAILABLE_PIT,UNIVERSE_ELIGIBLE_ONLY,CALENDAR_YEAR_2024
PSSA3-0214,PSSA3,2017-12-28,2017-12-28,52W_HIGH,MISS,RANK_TOO_LOW,30,0.5,0.9129554655870444,false,,0.4288461538461539,NOT_AVAILABLE_PIT,NOT_AVAILABLE_PIT,UNIVERSE_ELIGIBLE_ONLY,CALENDAR_YEAR_2017
PSSA3-0214,PSSA3,2017-12-28,2017-12-28,LOW_VOL_252,MISS,RANK_TOO_LOW,19,0.31666666666666665,0.016533607794340904,false,,0.4288461538461539,NOT_AVAILABLE_PIT,NOT_AVAILABLE_PIT,UNIVERSE_ELIGIBLE_ONLY,CALENDAR_YEAR_2017
PSSA3-0214,PSSA3,2017-12-28,2017-12-28,MOMENTUM_12_1,MISS,RANK_TOO_LOW,21,0.35,0.43953934740882916,false,,0.4288461538461539,NOT_AVAILABLE_PIT,NOT_AVAILABLE_PIT,UNIVERSE_ELIGIBLE_ONLY,CALENDAR_YEAR_2017
PSSA3-0214,PSSA3,2017-12-28,2017-12-28,MOMENTUM_6_1,MISS,RANK_TOO_LOW,22,0.36666666666666664,0.21359223300970887,false,,0.4288461538461539,NOT_AVAILABLE_PIT,NOT_AVAILABLE_PIT,UNIVERSE_ELIGIBLE_ONLY,CALENDAR_YEAR_2017
PSSA3-0214,PSSA3,2017-12-28,2017-12-28,MOMENTUM_LOW_VOL,MISS,RANK_TOO_LOW,6,0.25,-0.016533607794340904,false,,0.4288461538461539,NOT_AVAILABLE_PIT,NOT_AVAILABLE_PIT,UNIVERSE_ELIGIBLE_ONLY,CALENDAR_YEAR_2017
PSSA3-0214,PSSA3,2017-12-28,2017-12-28,REVERSAL_21,EARLY_HIT,DETECTED,11,0.18333333333333332,-0.037866666666666715,true,1.0,0.4288461538461539,NOT_AVAILABLE_PIT,NOT_AVAILABLE_PIT,UNIVERSE_ELIGIBLE_ONLY,CALENDAR_YEAR_2017
PSSA3-0214,PSSA3,2017-12-28,2017-12-28,VOLUME_SURGE,MISS,RANK_TOO_LOW,49,0.8166666666666667,-0.11879523416197502,false,,0.4288461538461539,NOT_AVAILABLE_PIT,NOT_AVAILABLE_PIT,UNIVERSE_ELIGIBLE_ONLY,CALENDAR_YEAR_2017
PSSA3-0215,PSSA3,2018-06-29,2018-06-29,52W_HIGH,BOUNDARY_UNCERTAIN_EXCLUDED,OUTCOME_UNCERTAINTY,22,0.36666666666666664,0.7853991175290813,false,,0.30628140703517603,NOT_AVAILABLE_PIT,NOT_AVAILABLE_PIT,UNIVERSE_ELIGIBLE_ONLY,CALENDAR_YEAR_2018
PSSA3-0215,PSSA3,2018-06-29,2018-06-29,LOW_VOL_252,BOUNDARY_UNCERTAIN_EXCLUDED,OUTCOME_UNCERTAINTY,25,0.4166666666666667,0.018368195785471837,false,,0.30628140703517603,NOT_AVAILABLE_PIT,NOT_AVAILABLE_PIT,UNIVERSE_ELIGIBLE_ONLY,CALENDAR_YEAR_2018
PSSA3-0215,PSSA3,2018-06-29,2018-06-29,MOMENTUM_12_1,BOUNDARY_UNCERTAIN_EXCLUDED,OUTCOME_UNCERTAINTY,15,0.25,0.38043478260869557,false,,0.30628140703517603,NOT_AVAILABLE_PIT,NOT_AVAILABLE_PIT,UNIVERSE_ELIGIBLE_ONLY,CALENDAR_YEAR_2018
PSSA3-0215,PSSA3,2018-06-29,2018-06-29,MOMENTUM_6_1,BOUNDARY_UNCERTAIN_EXCLUDED,OUTCOME_UNCERTAINTY,9,0.15,0.1567761523599227,true,,0.30628140703517603,NOT_AVAILABLE_PIT,NOT_AVAILABLE_PIT,UNIVERSE_ELIGIBLE_ONLY,CALENDAR_YEAR_2018
PSSA3-0215,PSSA3,2018-06-29,2018-06-29,MOMENTUM_LOW_VOL,BOUNDARY_UNCERTAIN_EXCLUDED,OUTCOME_UNCERTAINTY,6,0.25,-0.018368195785471837,false,,0.30628140703517603,NOT_AVAILABLE_PIT,NOT_AVAILABLE_PIT,UNIVERSE_ELIGIBLE_ONLY,CALENDAR_YEAR_2018
PSSA3-0215,PSSA3,2018-06-29,2018-06-29,REVERSAL_21,BOUNDARY_UNCERTAIN_EXCLUDED,OUTCOME_UNCERTAINTY,27,0.45,-0.06561679790026242,false,,0.30628140703517603,NOT_AVAILABLE_PIT,NOT_AVAILABLE_PIT,UNIVERSE_ELIGIBLE_ONLY,CALENDAR_YEAR_2018
PSSA3-0215,PSSA3,2018-06-29,2018-06-29,VOLUME_SURGE,BOUNDARY_UNCERTAIN_EXCLUDED,OUTCOME_UNCERTAINTY,11,0.18333333333333332,0.427432076529775,true,,0.30628140703517603,NOT_AVAILABLE_PIT,NOT_AVAILABLE_PIT,UNIVERSE_ELIGIBLE_ONLY,CALENDAR_YEAR_2018
QUAL3-0216,QUAL3,2017-01-31,2017-02-24,52W_HIGH,BOUNDARY_UNCERTAIN_EXCLUDED,OUTCOME_UNCERTAINTY,37,0.6166666666666667,0.8551959114139692,false,,0.5697030699547057,NOT_AVAILABLE_PIT,NOT_AVAILABLE_PIT,UNIVERSE_ELIGIBLE_ONLY,CALENDAR_YEAR_2017
QUAL3-0216,QUAL3,2017-01-31,2017-02-24,LOW_VOL_252,BOUNDARY_UNCERTAIN_EXCLUDED,OUTCOME_UNCERTAINTY,44,0.7333333333333333,0.028684782623580898,false,,0.5697030699547057,NOT_AVAILABLE_PIT,NOT_AVAILABLE_PIT,UNIVERSE_ELIGIBLE_ONLY,CALENDAR_YEAR_2017
QUAL3-0216,QUAL3,2017-01-31,2017-02-24,MOMENTUM_12_1,BOUNDARY_UNCERTAIN_EXCLUDED,OUTCOME_UNCERTAINTY,27,0.45,0.5121555915721232,false,,0.5697030699547057,NOT_AVAILABLE_PIT,NOT_AVAILABLE_PIT,UNIVERSE_ELIGIBLE_ONLY,CALENDAR_YEAR_2017
QUAL3-0216,QUAL3,2017-01-31,2017-02-24,MOMENTUM_6_1,BOUNDARY_UNCERTAIN_EXCLUDED,OUTCOME_UNCERTAINTY,45,0.75,-0.11142857142857143,false,,0.5697030699547057,NOT_AVAILABLE_PIT,NOT_AVAILABLE_PIT,UNIVERSE_ELIGIBLE_ONLY,CALENDAR_YEAR_2017
QUAL3-0216,QUAL3,2017-01-31,2017-02-24,MOMENTUM_LOW_VOL,BOUNDARY_UNCERTAIN_EXCLUDED,OUTCOME_UNCERTAINTY,,,,false,,0.5697030699547057,NOT_AVAILABLE_PIT,NOT_AVAILABLE_PIT,UNIVERSE_ELIGIBLE_ONLY,CALENDAR_YEAR_2017
QUAL3-0216,QUAL3,2017-01-31,2017-02-24,REVERSAL_21,BOUNDARY_UNCERTAIN_EXCLUDED,OUTCOME_UNCERTAINTY,34,0.5666666666666667,0.07609860664523027,false,,0.5697030699547057,NOT_AVAILABLE_PIT,NOT_AVAILABLE_PIT,UNIVERSE_ELIGIBLE_ONLY,CALENDAR_YEAR_2017
QUAL3-0216,QUAL3,2017-01-31,2017-02-24,VOLUME_SURGE,BOUNDARY_UNCERTAIN_EXCLUDED,OUTCOME_UNCERTAINTY,36,0.6,-0.10957814046363223,false,,0.5697030699547057,NOT_AVAILABLE_PIT,NOT_AVAILABLE_PIT,UNIVERSE_ELIGIBLE_ONLY,CALENDAR_YEAR_2017
RADL3-0217,RADL3,2017-01-31,2017-02-24,52W_HIGH,MISS,RANK_TOO_LOW,19,0.31666666666666665,0.9243578887948066,false,,0.3071936758893281,NOT_AVAILABLE_PIT,NOT_AVAILABLE_PIT,UNIVERSE_ELIGIBLE_ONLY,CALENDAR_YEAR_2017
RADL3-0217,RADL3,2017-01-31,2017-02-24,LOW_VOL_252,EARLY_HIT,DETECTED,8,0.13333333333333333,0.01656834355290008,true,1.0,0.3071936758893281,NOT_AVAILABLE_PIT,NOT_AVAILABLE_PIT,UNIVERSE_ELIGIBLE_ONLY,CALENDAR_YEAR_2017
RADL3-0217,RADL3,2017-01-31,2017-02-24,MOMENTUM_12_1,MISS,RANK_TOO_LOW,23,0.38333333333333336,0.5409499358151475,false,,0.3071936758893281,NOT_AVAILABLE_PIT,NOT_AVAILABLE_PIT,UNIVERSE_ELIGIBLE_ONLY,CALENDAR_YEAR_2017
RADL3-0217,RADL3,2017-01-31,2017-02-24,MOMENTUM_6_1,MISS,RANK_TOO_LOW,36,0.6,-0.06510903426791281,false,,0.3071936758893281,NOT_AVAILABLE_PIT,NOT_AVAILABLE_PIT,UNIVERSE_ELIGIBLE_ONLY,CALENDAR_YEAR_2017
RADL3-0217,RADL3,2017-01-31,2017-02-24,MOMENTUM_LOW_VOL,EARLY_HIT,DETECTED,4,0.16666666666666666,-0.01656834355290008,true,1.0,0.3071936758893281,NOT_AVAILABLE_PIT,NOT_AVAILABLE_PIT,UNIVERSE_ELIGIBLE_ONLY,CALENDAR_YEAR_2017
RADL3-0217,RADL3,2017-01-31,2017-02-24,REVERSAL_21,EARLY_HIT,DETECTED,35,0.5833333333333334,0.0913028990336553,false,1.180385288966725,0.3071936758893281,NOT_AVAILABLE_PIT,NOT_AVAILABLE_PIT,UNIVERSE_ELIGIBLE_ONLY,CALENDAR_YEAR_2017
RADL3-0217,RADL3,2017-01-31,2017-02-24,VOLUME_SURGE,MISS,RANK_TOO_LOW,34,0.5666666666666667,-0.097210095853972,false,,0.3071936758893281,NOT_AVAILABLE_PIT,NOT_AVAILABLE_PIT,UNIVERSE_ELIGIBLE_ONLY,CALENDAR_YEAR_2017
RADL3-0218,RADL3,2018-09-28,2019-07-31,52W_HIGH,BOUNDARY_UNCERTAIN_EXCLUDED,OUTCOME_UNCERTAINTY,24,0.4,0.8082788671023966,false,,0.3454417952314168,NOT_AVAILABLE_PIT,NOT_AVAILABLE_PIT,UNIVERSE_ELIGIBLE_ONLY,CALENDAR_YEAR_2018
RADL3-0218,RADL3,2018-09-28,2019-07-31,LOW_VOL_252,BOUNDARY_UNCERTAIN_EXCLUDED,OUTCOME_UNCERTAINTY,17,0.2833333333333333,0.018190802173772107,false,,0.3454417952314168,NOT_AVAILABLE_PIT,NOT_AVAILABLE_PIT,UNIVERSE_ELIGIBLE_ONLY,CALENDAR_YEAR_2018
RADL3-0218,RADL3,2018-09-28,2019-07-31,MOMENTUM_12_1,BOUNDARY_UNCERTAIN_EXCLUDED,OUTCOME_UNCERTAINTY,21,0.35,0.00455966649296502,false,,0.3454417952314168,NOT_AVAILABLE_PIT,NOT_AVAILABLE_PIT,UNIVERSE_ELIGIBLE_ONLY,CALENDAR_YEAR_2018
RADL3-0218,RADL3,2018-09-28,2019-07-31,MOMENTUM_6_1,BOUNDARY_UNCERTAIN_EXCLUDED,OUTCOME_UNCERTAINTY,13,0.21666666666666667,0.058766991624330744,false,,0.3454417952314168,NOT_AVAILABLE_PIT,NOT_AVAILABLE_PIT,UNIVERSE_ELIGIBLE_ONLY,CALENDAR_YEAR_2018
RADL3-0218,RADL3,2018-09-28,2019-07-31,MOMENTUM_LOW_VOL,BOUNDARY_UNCERTAIN_EXCLUDED,OUTCOME_UNCERTAINTY,7,0.2916666666666667,-0.018190802173772107,false,,0.3454417952314168,NOT_AVAILABLE_PIT,NOT_AVAILABLE_PIT,UNIVERSE_ELIGIBLE_ONLY,CALENDAR_YEAR_2018
RADL3-0218,RADL3,2018-09-28,2019-07-31,REVERSAL_21,BOUNDARY_UNCERTAIN_EXCLUDED,OUTCOME_UNCERTAINTY,15,0.25,-0.03773829594086364,false,,0.3454417952314168,NOT_AVAILABLE_PIT,NOT_AVAILABLE_PIT,UNIVERSE_ELIGIBLE_ONLY,CALENDAR_YEAR_2018
RADL3-0218,RADL3,2018-09-28,2019-07-31,VOLUME_SURGE,BOUNDARY_UNCERTAIN_EXCLUDED,OUTCOME_UNCERTAINTY,39,0.65,-0.21578000667464226,false,,0.3454417952314168,NOT_AVAILABLE_PIT,NOT_AVAILABLE_PIT,UNIVERSE_ELIGIBLE_ONLY,CALENDAR_YEAR_2018
RAIL3-0219,RAIL3,2018-03-29,2018-03-29,52W_HIGH,MISS,RANK_TOO_LOW,31,0.5166666666666667,0.8864902506963789,false,,0.49687499999999996,NOT_AVAILABLE_PIT,NOT_AVAILABLE_PIT,UNIVERSE_ELIGIBLE_ONLY,CALENDAR_YEAR_2018
RAIL3-0219,RAIL3,2018-03-29,2018-03-29,LOW_VOL_252,MISS,RANK_TOO_LOW,51,0.85,0.02536318553334669,false,,0.49687499999999996,NOT_AVAILABLE_PIT,NOT_AVAILABLE_PIT,UNIVERSE_ELIGIBLE_ONLY,CALENDAR_YEAR_2018
RAIL3-0219,RAIL3,2018-03-29,2018-03-29,MOMENTUM_12_1,EARLY_HIT,DETECTED,9,0.15,0.5757575757575757,true,1.0,0.49687499999999996,NOT_AVAILABLE_PIT,NOT_AVAILABLE_PIT,UNIVERSE_ELIGIBLE_ONLY,CALENDAR_YEAR_2018
RAIL3-0219,RAIL3,2018-03-29,2018-03-29,MOMENTUM_6_1,EARLY_HIT,DETECTED,8,0.13333333333333333,0.32828760643330157,true,1.0,0.49687499999999996,NOT_AVAILABLE_PIT,NOT_AVAILABLE_PIT,UNIVERSE_ELIGIBLE_ONLY,CALENDAR_YEAR_2018
RAIL3-0219,RAIL3,2018-03-29,2018-03-29,MOMENTUM_LOW_VOL,MISS,RANK_TOO_LOW,18,0.75,-0.02536318553334669,false,,0.49687499999999996,NOT_AVAILABLE_PIT,NOT_AVAILABLE_PIT,UNIVERSE_ELIGIBLE_ONLY,CALENDAR_YEAR_2018
RAIL3-0219,RAIL3,2018-03-29,2018-03-29,REVERSAL_21,MISS,RANK_TOO_LOW,15,0.25,-0.09330484330484323,false,,0.49687499999999996,NOT_AVAILABLE_PIT,NOT_AVAILABLE_PIT,UNIVERSE_ELIGIBLE_ONLY,CALENDAR_YEAR_2018
RAIL3-0219,RAIL3,2018-03-29,2018-03-29,VOLUME_SURGE,MISS,RANK_TOO_LOW,53,0.8833333333333333,-0.13732599604817286,false,,0.49687499999999996,NOT_AVAILABLE_PIT,NOT_AVAILABLE_PIT,UNIVERSE_ELIGIBLE_ONLY,CALENDAR_YEAR_2018
RAIL3-0220,RAIL3,2018-05-30,2018-12-28,52W_HIGH,EARLY_HIT,DETECTED,5,0.08333333333333333,0.9221476510067114,true,1.0,0.38880918220946925,NOT_AVAILABLE_PIT,NOT_AVAILABLE_PIT,UNIVERSE_ELIGIBLE_ONLY,CALENDAR_YEAR_2018
RAIL3-0220,RAIL3,2018-05-30,2018-12-28,LOW_VOL_252,MISS,RANK_TOO_LOW,46,0.7666666666666667,0.022508913621039673,false,0.543939393939394,0.38880918220946925,NOT_AVAILABLE_PIT,NOT_AVAILABLE_PIT,UNIVERSE_ELIGIBLE_ONLY,CALENDAR_YEAR_2018
RAIL3-0220,RAIL3,2018-05-30,2018-12-28,MOMENTUM_12_1,EARLY_HIT,DETECTED,9,0.15,0.8177215189873417,true,1.0,0.38880918220946925,NOT_AVAILABLE_PIT,NOT_AVAILABLE_PIT,UNIVERSE_ELIGIBLE_ONLY,CALENDAR_YEAR_2018
RAIL3-0220,RAIL3,2018-05-30,2018-12-28,MOMENTUM_6_1,EARLY_HIT,DETECTED,34,0.5666666666666667,0.0756554307116104,false,0.8696969696969695,0.38880918220946925,NOT_AVAILABLE_PIT,NOT_AVAILABLE_PIT,UNIVERSE_ELIGIBLE_ONLY,CALENDAR_YEAR_2018
RAIL3-0220,RAIL3,2018-05-30,2018-12-28,MOMENTUM_LOW_VOL,MISS,RANK_TOO_LOW,18,0.75,-0.022508913621039673,false,0.543939393939394,0.38880918220946925,NOT_AVAILABLE_PIT,NOT_AVAILABLE_PIT,UNIVERSE_ELIGIBLE_ONLY,CALENDAR_YEAR_2018
RAIL3-0220,RAIL3,2018-05-30,2018-12-28,REVERSAL_21,EARLY_HIT,DETECTED,50,0.8333333333333334,-0.04317548746518096,false,1.0121212121212122,0.38880918220946925,NOT_AVAILABLE_PIT,NOT_AVAILABLE_PIT,UNIVERSE_ELIGIBLE_ONLY,CALENDAR_YEAR_2018
RAIL3-0220,RAIL3,2018-05-30,2018-12-28,VOLUME_SURGE,EARLY_HIT,DETECTED,49,0.8166666666666667,-0.014796408572710695,false,0.543939393939394,0.38880918220946925,NOT_AVAILABLE_PIT,NOT_AVAILABLE_PIT,UNIVERSE_ELIGIBLE_ONLY,CALENDAR_YEAR_2018
RAIL3-0221,RAIL3,2021-10-29,2021-10-29,52W_HIGH,MISS,RANK_TOO_LOW,28,0.4666666666666667,0.7419354838709679,false,,0.31944444444444464,NOT_AVAILABLE_PIT,NOT_AVAILABLE_PIT,UNIVERSE_ELIGIBLE_ONLY,CALENDAR_YEAR_2021
RAIL3-0221,RAIL3,2021-10-29,2021-10-29,LOW_VOL_252,MISS,RANK_TOO_LOW,22,0.36666666666666664,0.022115911423605233,false,,0.31944444444444464,NOT_AVAILABLE_PIT,NOT_AVAILABLE_PIT,UNIVERSE_ELIGIBLE_ONLY,CALENDAR_YEAR_2021
RAIL3-0221,RAIL3,2021-10-29,2021-10-29,MOMENTUM_12_1,MISS,RANK_TOO_LOW,35,0.5833333333333334,-0.06485013623978209,false,,0.31944444444444464,NOT_AVAILABLE_PIT,NOT_AVAILABLE_PIT,UNIVERSE_ELIGIBLE_ONLY,CALENDAR_YEAR_2021
RAIL3-0221,RAIL3,2021-10-29,2021-10-29,MOMENTUM_6_1,MISS,RANK_TOO_LOW,42,0.7,-0.1657754010695187,false,,0.31944444444444464,NOT_AVAILABLE_PIT,NOT_AVAILABLE_PIT,UNIVERSE_ELIGIBLE_ONLY,CALENDAR_YEAR_2021
RAIL3-0221,RAIL3,2021-10-29,2021-10-29,MOMENTUM_LOW_VOL,NOT_SCORABLE_BY_DETECTOR,INSUFFICIENT_HISTORY,,,,false,,0.31944444444444464,NOT_AVAILABLE_PIT,NOT_AVAILABLE_PIT,UNIVERSE_ELIGIBLE_ONLY,CALENDAR_YEAR_2021
RAIL3-0221,RAIL3,2021-10-29,2021-10-29,REVERSAL_21,MISS,RANK_TOO_LOW,29,0.48333333333333334,-0.061771561771561734,false,,0.31944444444444464,NOT_AVAILABLE_PIT,NOT_AVAILABLE_PIT,UNIVERSE_ELIGIBLE_ONLY,CALENDAR_YEAR_2021
RAIL3-0221,RAIL3,2021-10-29,2021-10-29,VOLUME_SURGE,MISS,RANK_TOO_LOW,24,0.4,0.08109929266969096,false,,0.31944444444444464,NOT_AVAILABLE_PIT,NOT_AVAILABLE_PIT,UNIVERSE_ELIGIBLE_ONLY,CALENDAR_YEAR_2021
RAIL3-0222,RAIL3,2022-06-30,2022-07-29,52W_HIGH,MISS,RANK_TOO_LOW,21,0.35,0.7529953917050691,false,,0.3883677298311443,NOT_AVAILABLE_PIT,NOT_AVAILABLE_PIT,UNIVERSE_ELIGIBLE_ONLY,CALENDAR_YEAR_2022
RAIL3-0222,RAIL3,2022-06-30,2022-07-29,LOW_VOL_252,MISS,RANK_TOO_LOW,20,0.3333333333333333,0.021401866801812386,false,,0.3883677298311443,NOT_AVAILABLE_PIT,NOT_AVAILABLE_PIT,UNIVERSE_ELIGIBLE_ONLY,CALENDAR_YEAR_2022
RAIL3-0222,RAIL3,2022-06-30,2022-07-29,MOMENTUM_12_1,MISS,RANK_TOO_LOW,27,0.45,-0.13898645258404418,false,,0.3883677298311443,NOT_AVAILABLE_PIT,NOT_AVAILABLE_PIT,UNIVERSE_ELIGIBLE_ONLY,CALENDAR_YEAR_2022
RAIL3-0222,RAIL3,2022-06-30,2022-07-29,MOMENTUM_6_1,MISS,RANK_TOO_LOW,36,0.6,-0.035955056179775347,false,,0.3883677298311443,NOT_AVAILABLE_PIT,NOT_AVAILABLE_PIT,UNIVERSE_ELIGIBLE_ONLY,CALENDAR_YEAR_2022
RAIL3-0222,RAIL3,2022-06-30,2022-07-29,MOMENTUM_LOW_VOL,NOT_SCORABLE_BY_DETECTOR,INSUFFICIENT_HISTORY,,,,false,,0.3883677298311443,NOT_AVAILABLE_PIT,NOT_AVAILABLE_PIT,UNIVERSE_ELIGIBLE_ONLY,CALENDAR_YEAR_2022
RAIL3-0222,RAIL3,2022-06-30,2022-07-29,REVERSAL_21,MISS,RANK_TOO_LOW,51,0.85,-0.04778554778554778,false,,0.3883677298311443,NOT_AVAILABLE_PIT,NOT_AVAILABLE_PIT,UNIVERSE_ELIGIBLE_ONLY,CALENDAR_YEAR_2022
RAIL3-0222,RAIL3,2022-06-30,2022-07-29,VOLUME_SURGE,MISS,RANK_TOO_LOW,18,0.3,-0.02508766514429761,false,,0.3883677298311443,NOT_AVAILABLE_PIT,NOT_AVAILABLE_PIT,UNIVERSE_ELIGIBLE_ONLY,CALENDAR_YEAR_2022
RAPT4-0223,RAPT4,2020-05-29,2020-05-29,52W_HIGH,MISS,RANK_TOO_LOW,45,0.75,0.5831099195710455,false,,0.6491620111731844,NOT_AVAILABLE_PIT,NOT_AVAILABLE_PIT,UNIVERSE_ELIGIBLE_ONLY,CALENDAR_YEAR_2020
RAPT4-0223,RAPT4,2020-05-29,2020-05-29,LOW_VOL_252,MISS,RANK_TOO_LOW,52,0.8666666666666667,0.04316466448916021,false,,0.6491620111731844,NOT_AVAILABLE_PIT,NOT_AVAILABLE_PIT,UNIVERSE_ELIGIBLE_ONLY,CALENDAR_YEAR_2020
RAPT4-0223,RAPT4,2020-05-29,2020-05-29,MOMENTUM_12_1,MISS,RANK_TOO_LOW,23,0.38333333333333336,0.05707196029776673,false,,0.6491620111731844,NOT_AVAILABLE_PIT,NOT_AVAILABLE_PIT,UNIVERSE_ELIGIBLE_ONLY,CALENDAR_YEAR_2020
RAPT4-0223,RAPT4,2020-05-29,2020-05-29,MOMENTUM_6_1,MISS,RANK_TOO_LOW,31,0.5166666666666667,-0.1768115942028986,false,,0.6491620111731844,NOT_AVAILABLE_PIT,NOT_AVAILABLE_PIT,UNIVERSE_ELIGIBLE_ONLY,CALENDAR_YEAR_2020
RAPT4-0223,RAPT4,2020-05-29,2020-05-29,MOMENTUM_LOW_VOL,MISS,RANK_TOO_LOW,21,0.875,-0.04316466448916021,false,,0.6491620111731844,NOT_AVAILABLE_PIT,NOT_AVAILABLE_PIT,UNIVERSE_ELIGIBLE_ONLY,CALENDAR_YEAR_2020
RAPT4-0223,RAPT4,2020-05-29,2020-05-29,REVERSAL_21,MISS,RANK_TOO_LOW,21,0.35,0.021126760563380254,false,,0.6491620111731844,NOT_AVAILABLE_PIT,NOT_AVAILABLE_PIT,UNIVERSE_ELIGIBLE_ONLY,CALENDAR_YEAR_2020
RAPT4-0223,RAPT4,2020-05-29,2020-05-29,VOLUME_SURGE,MISS,RANK_TOO_LOW,39,0.65,0.0648169930208542,false,,0.6491620111731844,NOT_AVAILABLE_PIT,NOT_AVAILABLE_PIT,UNIVERSE_ELIGIBLE_ONLY,CALENDAR_YEAR_2020
RDOR3-0224,RDOR3,2024-05-31,2024-06-28,52W_HIGH,MISS,RANK_TOO_LOW,38,0.6333333333333333,0.752298539751217,false,1.0,0.32918344928597576,NOT_AVAILABLE_PIT,NOT_AVAILABLE_PIT,UNIVERSE_ELIGIBLE_ONLY,CALENDAR_YEAR_2024
RDOR3-0224,RDOR3,2024-05-31,2024-06-28,LOW_VOL_252,MISS,RANK_TOO_LOW,33,0.55,0.021574389135676237,false,1.0,0.32918344928597576,NOT_AVAILABLE_PIT,NOT_AVAILABLE_PIT,UNIVERSE_ELIGIBLE_ONLY,CALENDAR_YEAR_2024
RDOR3-0224,RDOR3,2024-05-31,2024-06-28,MOMENTUM_12_1,MISS,RANK_TOO_LOW,45,0.75,-0.10788941335131486,false,1.0,0.32918344928597576,NOT_AVAILABLE_PIT,NOT_AVAILABLE_PIT,UNIVERSE_ELIGIBLE_ONLY,CALENDAR_YEAR_2024
RDOR3-0224,RDOR3,2024-05-31,2024-06-28,MOMENTUM_6_1,MISS,RANK_TOO_LOW,28,0.4666666666666667,0.02677532013969741,false,1.0,0.32918344928597576,NOT_AVAILABLE_PIT,NOT_AVAILABLE_PIT,UNIVERSE_ELIGIBLE_ONLY,CALENDAR_YEAR_2024
RDOR3-0224,RDOR3,2024-05-31,2024-06-28,MOMENTUM_LOW_VOL,NOT_SCORABLE_BY_DETECTOR,INSUFFICIENT_HISTORY,,,,false,1.0,0.32918344928597576,NOT_AVAILABLE_PIT,NOT_AVAILABLE_PIT,UNIVERSE_ELIGIBLE_ONLY,CALENDAR_YEAR_2024
RDOR3-0224,RDOR3,2024-05-31,2024-06-28,REVERSAL_21,MISS,RANK_TOO_LOW,55,0.9166666666666666,0.05139833711262276,false,1.0,0.32918344928597576,NOT_AVAILABLE_PIT,NOT_AVAILABLE_PIT,UNIVERSE_ELIGIBLE_ONLY,CALENDAR_YEAR_2024
RDOR3-0224,RDOR3,2024-05-31,2024-06-28,VOLUME_SURGE,EARLY_HIT,DETECTED,3,0.05,0.9264170726532321,true,1.0,0.32918344928597576,NOT_AVAILABLE_PIT,NOT_AVAILABLE_PIT,UNIVERSE_ELIGIBLE_ONLY,CALENDAR_YEAR_2024
RDOR3-0225,RDOR3,2024-09-30,2025-03-31,52W_HIGH,MISS,RANK_TOO_LOW,17,0.2833333333333333,0.9065017261219794,false,1.0,0.3646517739816031,NOT_AVAILABLE_PIT,NOT_AVAILABLE_PIT,UNIVERSE_ELIGIBLE_ONLY,CALENDAR_YEAR_2024
RDOR3-0225,RDOR3,2024-09-30,2025-03-31,LOW_VOL_252,MISS,RANK_TOO_LOW,34,0.5666666666666667,0.021655752200913616,false,1.0,0.3646517739816031,NOT_AVAILABLE_PIT,NOT_AVAILABLE_PIT,UNIVERSE_ELIGIBLE_ONLY,CALENDAR_YEAR_2024
RDOR3-0225,RDOR3,2024-09-30,2025-03-31,MOMENTUM_12_1,EARLY_HIT,DETECTED,15,0.25,0.27162426614481405,false,1.291736930860034,0.3646517739816031,NOT_AVAILABLE_PIT,NOT_AVAILABLE_PIT,UNIVERSE_ELIGIBLE_ONLY,CALENDAR_YEAR_2024
RDOR3-0225,RDOR3,2024-09-30,2025-03-31,MOMENTUM_6_1,EARLY_HIT,DETECTED,5,0.08333333333333333,0.2949382223993624,true,1.0,0.3646517739816031,NOT_AVAILABLE_PIT,NOT_AVAILABLE_PIT,UNIVERSE_ELIGIBLE_ONLY,CALENDAR_YEAR_2024
RDOR3-0225,RDOR3,2024-09-30,2025-03-31,MOMENTUM_LOW_VOL,MISS,RANK_TOO_LOW,14,0.5833333333333334,-0.021655752200913616,false,1.0,0.3646517739816031,NOT_AVAILABLE_PIT,NOT_AVAILABLE_PIT,UNIVERSE_ELIGIBLE_ONLY,CALENDAR_YEAR_2024
RDOR3-0225,RDOR3,2024-09-30,2025-03-31,REVERSAL_21,MISS,RANK_TOO_LOW,27,0.45,-0.03016312711603575,false,1.0,0.3646517739816031,NOT_AVAILABLE_PIT,NOT_AVAILABLE_PIT,UNIVERSE_ELIGIBLE_ONLY,CALENDAR_YEAR_2024
RDOR3-0225,RDOR3,2024-09-30,2025-03-31,VOLUME_SURGE,EARLY_HIT,DETECTED,9,0.15,0.3699393553358614,true,1.0,0.3646517739816031,NOT_AVAILABLE_PIT,NOT_AVAILABLE_PIT,UNIVERSE_ELIGIBLE_ONLY,CALENDAR_YEAR_2024
RRRP3-0226,RRRP3,2021-11-30,2021-11-30,52W_HIGH,BOUNDARY_UNCERTAIN_EXCLUDED,OUTCOME_UNCERTAINTY,50,0.8333333333333334,0.5708163265306122,false,,0.3094202898550724,NOT_AVAILABLE_PIT,NOT_AVAILABLE_PIT,UNIVERSE_ELIGIBLE_ONLY,CALENDAR_YEAR_2021
RRRP3-0226,RRRP3,2021-11-30,2021-11-30,LOW_VOL_252,BOUNDARY_UNCERTAIN_EXCLUDED,OUTCOME_UNCERTAINTY,55,0.9166666666666666,0.03224404398008165,false,,0.3094202898550724,NOT_AVAILABLE_PIT,NOT_AVAILABLE_PIT,UNIVERSE_ELIGIBLE_ONLY,CALENDAR_YEAR_2021
RRRP3-0226,RRRP3,2021-11-30,2021-11-30,MOMENTUM_12_1,BOUNDARY_UNCERTAIN_EXCLUDED,OUTCOME_UNCERTAINTY,5,0.08333333333333333,0.7459330143540672,true,,0.3094202898550724,NOT_AVAILABLE_PIT,NOT_AVAILABLE_PIT,UNIVERSE_ELIGIBLE_ONLY,CALENDAR_YEAR_2021
RRRP3-0226,RRRP3,2021-11-30,2021-11-30,MOMENTUM_6_1,BOUNDARY_UNCERTAIN_EXCLUDED,OUTCOME_UNCERTAINTY,21,0.35,-0.10321946424182837,false,,0.3094202898550724,NOT_AVAILABLE_PIT,NOT_AVAILABLE_PIT,UNIVERSE_ELIGIBLE_ONLY,CALENDAR_YEAR_2021
RRRP3-0226,RRRP3,2021-11-30,2021-11-30,MOMENTUM_LOW_VOL,BOUNDARY_UNCERTAIN_EXCLUDED,OUTCOME_UNCERTAINTY,19,0.7916666666666666,-0.03224404398008165,false,,0.3094202898550724,NOT_AVAILABLE_PIT,NOT_AVAILABLE_PIT,UNIVERSE_ELIGIBLE_ONLY,CALENDAR_YEAR_2021
RRRP3-0226,RRRP3,2021-11-30,2021-11-30,REVERSAL_21,BOUNDARY_UNCERTAIN_EXCLUDED,OUTCOME_UNCERTAINTY,2,0.03333333333333333,-0.23348862702110174,true,,0.3094202898550724,NOT_AVAILABLE_PIT,NOT_AVAILABLE_PIT,UNIVERSE_ELIGIBLE_ONLY,CALENDAR_YEAR_2021
RRRP3-0226,RRRP3,2021-11-30,2021-11-30,VOLUME_SURGE,BOUNDARY_UNCERTAIN_EXCLUDED,OUTCOME_UNCERTAINTY,1,0.016666666666666666,1.0111863613858314,true,,0.3094202898550724,NOT_AVAILABLE_PIT,NOT_AVAILABLE_PIT,UNIVERSE_ELIGIBLE_ONLY,CALENDAR_YEAR_2021
SANB11-0227,SANB11,2017-03-31,2017-05-31,52W_HIGH,MISS,RANK_TOO_LOW,47,0.7833333333333333,0.7896358543417367,false,1.0,0.44131455399061004,NOT_AVAILABLE_PIT,NOT_AVAILABLE_PIT,UNIVERSE_ELIGIBLE_ONLY,CALENDAR_YEAR_2017
SANB11-0227,SANB11,2017-03-31,2017-05-31,LOW_VOL_252,MISS,RANK_TOO_LOW,26,0.43333333333333335,0.020782493727614947,false,1.0,0.44131455399061004,NOT_AVAILABLE_PIT,NOT_AVAILABLE_PIT,UNIVERSE_ELIGIBLE_ONLY,CALENDAR_YEAR_2017
SANB11-0227,SANB11,2017-03-31,2017-05-31,MOMENTUM_12_1,EARLY_HIT,DETECTED,11,0.18333333333333332,0.9714285714285715,true,1.0,0.44131455399061004,NOT_AVAILABLE_PIT,NOT_AVAILABLE_PIT,UNIVERSE_ELIGIBLE_ONLY,CALENDAR_YEAR_2017
SANB11-0227,SANB11,2017-03-31,2017-05-31,MOMENTUM_6_1,EARLY_HIT,DETECTED,6,0.1,0.6031598513011154,true,1.0,0.44131455399061004,NOT_AVAILABLE_PIT,NOT_AVAILABLE_PIT,UNIVERSE_ELIGIBLE_ONLY,CALENDAR_YEAR_2017
SANB11-0227,SANB11,2017-03-31,2017-05-31,MOMENTUM_LOW_VOL,EARLY_HIT,DETECTED,5,0.20833333333333334,-0.020782493727614947,true,1.0,0.44131455399061004,NOT_AVAILABLE_PIT,NOT_AVAILABLE_PIT,UNIVERSE_ELIGIBLE_ONLY,CALENDAR_YEAR_2017
SANB11-0227,SANB11,2017-03-31,2017-05-31,REVERSAL_21,EARLY_HIT,DETECTED,6,0.1,-0.18289855072463768,true,1.0,0.44131455399061004,NOT_AVAILABLE_PIT,NOT_AVAILABLE_PIT,UNIVERSE_ELIGIBLE_ONLY,CALENDAR_YEAR_2017
SANB11-0227,SANB11,2017-03-31,2017-05-31,VOLUME_SURGE,EARLY_HIT,DETECTED,6,0.1,0.8999706720738256,true,1.0,0.44131455399061004,NOT_AVAILABLE_PIT,NOT_AVAILABLE_PIT,UNIVERSE_ELIGIBLE_ONLY,CALENDAR_YEAR_2017
SANB11-0228,SANB11,2017-07-31,2017-07-31,52W_HIGH,MISS,RANK_TOO_LOW,53,0.8833333333333333,0.7173669467787114,false,,0.40875629600929875,NOT_AVAILABLE_PIT,NOT_AVAILABLE_PIT,UNIVERSE_ELIGIBLE_ONLY,CALENDAR_YEAR_2017
SANB11-0228,SANB11,2017-07-31,2017-07-31,LOW_VOL_252,MISS,RANK_TOO_LOW,31,0.5166666666666667,0.022257711378973952,false,,0.40875629600929875,NOT_AVAILABLE_PIT,NOT_AVAILABLE_PIT,UNIVERSE_ELIGIBLE_ONLY,CALENDAR_YEAR_2017
SANB11-0228,SANB11,2017-07-31,2017-07-31,MOMENTUM_12_1,MISS,RANK_TOO_LOW,14,0.23333333333333334,0.23947895791583163,false,,0.40875629600929875,NOT_AVAILABLE_PIT,NOT_AVAILABLE_PIT,UNIVERSE_ELIGIBLE_ONLY,CALENDAR_YEAR_2017
SANB11-0228,SANB11,2017-07-31,2017-07-31,MOMENTUM_6_1,MISS,RANK_TOO_LOW,55,0.9166666666666666,-0.20501285347043707,false,,0.40875629600929875,NOT_AVAILABLE_PIT,NOT_AVAILABLE_PIT,UNIVERSE_ELIGIBLE_ONLY,CALENDAR_YEAR_2017
SANB11-0228,SANB11,2017-07-31,2017-07-31,MOMENTUM_LOW_VOL,MISS,RANK_TOO_LOW,9,0.375,-0.022257711378973952,false,,0.40875629600929875,NOT_AVAILABLE_PIT,NOT_AVAILABLE_PIT,UNIVERSE_ELIGIBLE_ONLY,CALENDAR_YEAR_2017
SANB11-0228,SANB11,2017-07-31,2017-07-31,REVERSAL_21,MISS,RANK_TOO_LOW,21,0.35,0.03516572352465652,false,,0.40875629600929875,NOT_AVAILABLE_PIT,NOT_AVAILABLE_PIT,UNIVERSE_ELIGIBLE_ONLY,CALENDAR_YEAR_2017
SANB11-0228,SANB11,2017-07-31,2017-07-31,VOLUME_SURGE,MISS,RANK_TOO_LOW,54,0.9,-0.36153735378872986,false,,0.40875629600929875,NOT_AVAILABLE_PIT,NOT_AVAILABLE_PIT,UNIVERSE_ELIGIBLE_ONLY,CALENDAR_YEAR_2017
SANB11-0229,SANB11,2017-09-29,2018-01-31,52W_HIGH,MISS,RANK_TOO_LOW,53,0.8833333333333333,0.7647058823529411,false,0.8841761827079934,0.3623869801084991,NOT_AVAILABLE_PIT,NOT_AVAILABLE_PIT,UNIVERSE_ELIGIBLE_ONLY,CALENDAR_YEAR_2017
SANB11-0229,SANB11,2017-09-29,2018-01-31,LOW_VOL_252,MISS,RANK_TOO_LOW,36,0.6,0.022158169677916954,false,0.8841761827079934,0.3623869801084991,NOT_AVAILABLE_PIT,NOT_AVAILABLE_PIT,UNIVERSE_ELIGIBLE_ONLY,CALENDAR_YEAR_2017
SANB11-0229,SANB11,2017-09-29,2018-01-31,MOMENTUM_12_1,MISS,RANK_TOO_LOW,17,0.2833333333333333,0.2994480220791169,false,0.8841761827079934,0.3623869801084991,NOT_AVAILABLE_PIT,NOT_AVAILABLE_PIT,UNIVERSE_ELIGIBLE_ONLY,CALENDAR_YEAR_2017
SANB11-0229,SANB11,2017-09-29,2018-01-31,MOMENTUM_6_1,MISS,RANK_TOO_LOW,40,0.6666666666666666,0.020592485549133066,false,0.8841761827079934,0.3623869801084991,NOT_AVAILABLE_PIT,NOT_AVAILABLE_PIT,UNIVERSE_ELIGIBLE_ONLY,CALENDAR_YEAR_2017
SANB11-0229,SANB11,2017-09-29,2018-01-31,MOMENTUM_LOW_VOL,MISS,RANK_TOO_LOW,9,0.375,-0.022158169677916954,false,0.8841761827079934,0.3623869801084991,NOT_AVAILABLE_PIT,NOT_AVAILABLE_PIT,UNIVERSE_ELIGIBLE_ONLY,CALENDAR_YEAR_2017
SANB11-0229,SANB11,2017-09-29,2018-01-31,REVERSAL_21,EARLY_HIT,DETECTED,11,0.18333333333333332,-0.03362831858407078,true,1.0,0.3623869801084991,NOT_AVAILABLE_PIT,NOT_AVAILABLE_PIT,UNIVERSE_ELIGIBLE_ONLY,CALENDAR_YEAR_2017
SANB11-0229,SANB11,2017-09-29,2018-01-31,VOLUME_SURGE,EARLY_HIT,DETECTED,15,0.25,0.31757600577201117,false,0.8841761827079934,0.3623869801084991,NOT_AVAILABLE_PIT,NOT_AVAILABLE_PIT,UNIVERSE_ELIGIBLE_ONLY,CALENDAR_YEAR_2017
SANB11-0230,SANB11,2018-05-30,2018-06-29,52W_HIGH,MISS,RANK_TOO_LOW,15,0.25,0.8381358055625158,false,1.387981711299804,0.3045960605195548,NOT_AVAILABLE_PIT,NOT_AVAILABLE_PIT,UNIVERSE_ELIGIBLE_ONLY,CALENDAR_YEAR_2018
SANB11-0230,SANB11,2018-05-30,2018-06-29,LOW_VOL_252,MISS,RANK_TOO_LOW,22,0.36666666666666664,0.017395052563160165,false,1.387981711299804,0.3045960605195548,NOT_AVAILABLE_PIT,NOT_AVAILABLE_PIT,UNIVERSE_ELIGIBLE_ONLY,CALENDAR_YEAR_2018
SANB11-0230,SANB11,2018-05-30,2018-06-29,MOMENTUM_12_1,MISS,RANK_TOO_LOW,18,0.3,0.5269676388333997,false,1.387981711299804,0.3045960605195548,NOT_AVAILABLE_PIT,NOT_AVAILABLE_PIT,UNIVERSE_ELIGIBLE_ONLY,CALENDAR_YEAR_2018
SANB11-0230,SANB11,2018-05-30,2018-06-29,MOMENTUM_6_1,MISS,RANK_TOO_LOW,17,0.2833333333333333,0.2514734774066798,false,1.387981711299804,0.3045960605195548,NOT_AVAILABLE_PIT,NOT_AVAILABLE_PIT,UNIVERSE_ELIGIBLE_ONLY,CALENDAR_YEAR_2018
SANB11-0230,SANB11,2018-05-30,2018-06-29,MOMENTUM_LOW_VOL,MISS,RANK_TOO_LOW,6,0.25,-0.017395052563160165,false,1.387981711299804,0.3045960605195548,NOT_AVAILABLE_PIT,NOT_AVAILABLE_PIT,UNIVERSE_ELIGIBLE_ONLY,CALENDAR_YEAR_2018
SANB11-0230,SANB11,2018-05-30,2018-06-29,REVERSAL_21,EARLY_HIT,DETECTED,35,0.5833333333333334,-0.12480376766091039,false,1.387981711299804,0.3045960605195548,NOT_AVAILABLE_PIT,NOT_AVAILABLE_PIT,UNIVERSE_ELIGIBLE_ONLY,CALENDAR_YEAR_2018
SANB11-0230,SANB11,2018-05-30,2018-06-29,VOLUME_SURGE,EARLY_HIT,DETECTED,38,0.6333333333333333,0.15407271577256298,false,1.387981711299804,0.3045960605195548,NOT_AVAILABLE_PIT,NOT_AVAILABLE_PIT,UNIVERSE_ELIGIBLE_ONLY,CALENDAR_YEAR_2018
SANB11-0231,SANB11,2020-03-31,2020-09-30,52W_HIGH,MISS,RANK_TOO_LOW,42,0.7,0.5537011584527783,false,0.8304066543438077,0.5582053354890866,NOT_AVAILABLE_PIT,NOT_AVAILABLE_PIT,UNIVERSE_ELIGIBLE_ONLY,CALENDAR_YEAR_2020
SANB11-0231,SANB11,2020-03-31,2020-09-30,LOW_VOL_252,MISS,RANK_TOO_LOW,17,0.2833333333333333,0.02659201035493859,false,0.8304066543438077,0.5582053354890866,NOT_AVAILABLE_PIT,NOT_AVAILABLE_PIT,UNIVERSE_ELIGIBLE_ONLY,CALENDAR_YEAR_2020
SANB11-0231,SANB11,2020-03-31,2020-09-30,MOMENTUM_12_1,MISS,RANK_TOO_LOW,50,0.8333333333333334,-0.08808053077099065,false,0.8304066543438077,0.5582053354890866,NOT_AVAILABLE_PIT,NOT_AVAILABLE_PIT,UNIVERSE_ELIGIBLE_ONLY,CALENDAR_YEAR_2020
SANB11-0231,SANB11,2020-03-31,2020-09-30,MOMENTUM_6_1,MISS,RANK_TOO_LOW,53,0.8833333333333333,-0.09409090909090911,false,0.8304066543438077,0.5582053354890866,NOT_AVAILABLE_PIT,NOT_AVAILABLE_PIT,UNIVERSE_ELIGIBLE_ONLY,CALENDAR_YEAR_2020
SANB11-0231,SANB11,2020-03-31,2020-09-30,MOMENTUM_LOW_VOL,NOT_SCORABLE_BY_DETECTOR,INSUFFICIENT_HISTORY,,,,false,0.8304066543438077,0.5582053354890866,NOT_AVAILABLE_PIT,NOT_AVAILABLE_PIT,UNIVERSE_ELIGIBLE_ONLY,CALENDAR_YEAR_2020
SANB11-0231,SANB11,2020-03-31,2020-09-30,REVERSAL_21,EARLY_HIT,DETECTED,27,0.45,-0.2925238334169593,false,0.9168207024029574,0.5582053354890866,NOT_AVAILABLE_PIT,NOT_AVAILABLE_PIT,UNIVERSE_ELIGIBLE_ONLY,CALENDAR_YEAR_2020
SANB11-0231,SANB11,2020-03-31,2020-09-30,VOLUME_SURGE,EARLY_HIT,DETECTED,46,0.7666666666666667,0.3471708200485957,false,0.8304066543438077,0.5582053354890866,NOT_AVAILABLE_PIT,NOT_AVAILABLE_PIT,UNIVERSE_ELIGIBLE_ONLY,CALENDAR_YEAR_2020
SANB11-0232,SANB11,2024-11-29,2025-01-31,52W_HIGH,MISS,RANK_TOO_LOW,31,0.5166666666666667,0.7708978328173375,false,,0.4089068825910931,NOT_AVAILABLE_PIT,NOT_AVAILABLE_PIT,UNIVERSE_ELIGIBLE_ONLY,CALENDAR_YEAR_2024
SANB11-0232,SANB11,2024-11-29,2025-01-31,LOW_VOL_252,EARLY_HIT,DETECTED,9,0.15,0.013094744171213002,true,1.0,0.4089068825910931,NOT_AVAILABLE_PIT,NOT_AVAILABLE_PIT,UNIVERSE_ELIGIBLE_ONLY,CALENDAR_YEAR_2024
SANB11-0232,SANB11,2024-11-29,2025-01-31,MOMENTUM_12_1,MISS,RANK_TOO_LOW,31,0.5166666666666667,-0.05499181669394437,false,,0.4089068825910931,NOT_AVAILABLE_PIT,NOT_AVAILABLE_PIT,UNIVERSE_ELIGIBLE_ONLY,CALENDAR_YEAR_2024
SANB11-0232,SANB11,2024-11-29,2025-01-31,MOMENTUM_6_1,MISS,RANK_TOO_LOW,29,0.48333333333333334,0.03625269203158665,false,,0.4089068825910931,NOT_AVAILABLE_PIT,NOT_AVAILABLE_PIT,UNIVERSE_ELIGIBLE_ONLY,CALENDAR_YEAR_2024
SANB11-0232,SANB11,2024-11-29,2025-01-31,MOMENTUM_LOW_VOL,NOT_SCORABLE_BY_DETECTOR,INSUFFICIENT_HISTORY,,,,false,,0.4089068825910931,NOT_AVAILABLE_PIT,NOT_AVAILABLE_PIT,UNIVERSE_ELIGIBLE_ONLY,CALENDAR_YEAR_2024
SANB11-0232,SANB11,2024-11-29,2025-01-31,REVERSAL_21,MISS,RANK_TOO_LOW,13,0.21666666666666667,-0.13751298926221,false,,0.4089068825910931,NOT_AVAILABLE_PIT,NOT_AVAILABLE_PIT,UNIVERSE_ELIGIBLE_ONLY,CALENDAR_YEAR_2024
SANB11-0232,SANB11,2024-11-29,2025-01-31,VOLUME_SURGE,MISS,RANK_TOO_LOW,16,0.26666666666666666,0.22465346631645078,false,,0.4089068825910931,NOT_AVAILABLE_PIT,NOT_AVAILABLE_PIT,UNIVERSE_ELIGIBLE_ONLY,CALENDAR_YEAR_2024
SAPR11-0233,SAPR11,2019-02-28,2019-02-28,52W_HIGH,BOUNDARY_UNCERTAIN_EXCLUDED,OUTCOME_UNCERTAINTY,4,0.06666666666666667,0.987460815047022,true,,0.31734172237514735,NOT_AVAILABLE_PIT,NOT_AVAILABLE_PIT,UNIVERSE_ELIGIBLE_ONLY,CALENDAR_YEAR_2019
SAPR11-0233,SAPR11,2019-02-28,2019-02-28,LOW_VOL_252,BOUNDARY_UNCERTAIN_EXCLUDED,OUTCOME_UNCERTAINTY,7,0.11666666666666667,0.016693458204666393,true,,0.31734172237514735,NOT_AVAILABLE_PIT,NOT_AVAILABLE_PIT,UNIVERSE_ELIGIBLE_ONLY,CALENDAR_YEAR_2019
SAPR11-0233,SAPR11,2019-02-28,2019-02-28,MOMENTUM_12_1,BOUNDARY_UNCERTAIN_EXCLUDED,OUTCOME_UNCERTAINTY,14,0.23333333333333334,0.33864253393665145,false,,0.31734172237514735,NOT_AVAILABLE_PIT,NOT_AVAILABLE_PIT,UNIVERSE_ELIGIBLE_ONLY,CALENDAR_YEAR_2019
SAPR11-0233,SAPR11,2019-02-28,2019-02-28,MOMENTUM_6_1,BOUNDARY_UNCERTAIN_EXCLUDED,OUTCOME_UNCERTAINTY,7,0.11666666666666667,0.6695259593679459,true,,0.31734172237514735,NOT_AVAILABLE_PIT,NOT_AVAILABLE_PIT,UNIVERSE_ELIGIBLE_ONLY,CALENDAR_YEAR_2019
SAPR11-0233,SAPR11,2019-02-28,2019-02-28,MOMENTUM_LOW_VOL,BOUNDARY_UNCERTAIN_EXCLUDED,OUTCOME_UNCERTAINTY,2,0.08333333333333333,-0.016693458204666393,true,,0.31734172237514735,NOT_AVAILABLE_PIT,NOT_AVAILABLE_PIT,UNIVERSE_ELIGIBLE_ONLY,CALENDAR_YEAR_2019
SAPR11-0233,SAPR11,2019-02-28,2019-02-28,REVERSAL_21,BOUNDARY_UNCERTAIN_EXCLUDED,OUTCOME_UNCERTAINTY,51,0.85,0.06476473769605207,false,,0.31734172237514735,NOT_AVAILABLE_PIT,NOT_AVAILABLE_PIT,UNIVERSE_ELIGIBLE_ONLY,CALENDAR_YEAR_2019
SAPR11-0233,SAPR11,2019-02-28,2019-02-28,VOLUME_SURGE,BOUNDARY_UNCERTAIN_EXCLUDED,OUTCOME_UNCERTAINTY,1,0.016666666666666666,1.4137351019020055,true,,0.31734172237514735,NOT_AVAILABLE_PIT,NOT_AVAILABLE_PIT,UNIVERSE_ELIGIBLE_ONLY,CALENDAR_YEAR_2019
SBFG3-0234,SBFG3,2023-02-28,2023-03-31,52W_HIGH,MISS,RANK_TOO_LOW,59,0.9833333333333333,0.3229166666666667,false,,0.5889029003783102,NOT_AVAILABLE_PIT,NOT_AVAILABLE_PIT,UNIVERSE_ELIGIBLE_ONLY,CALENDAR_YEAR_2023
SBFG3-0234,SBFG3,2023-02-28,2023-03-31,LOW_VOL_252,MISS,RANK_TOO_LOW,51,0.85,0.03493384240848482,false,,0.5889029003783102,NOT_AVAILABLE_PIT,NOT_AVAILABLE_PIT,UNIVERSE_ELIGIBLE_ONLY,CALENDAR_YEAR_2023
SBFG3-0234,SBFG3,2023-02-28,2023-03-31,MOMENTUM_12_1,MISS,RANK_TOO_LOW,54,0.9,-0.4970812752581949,false,,0.5889029003783102,NOT_AVAILABLE_PIT,NOT_AVAILABLE_PIT,UNIVERSE_ELIGIBLE_ONLY,CALENDAR_YEAR_2023
SBFG3-0234,SBFG3,2023-02-28,2023-03-31,MOMENTUM_6_1,MISS,RANK_TOO_LOW,58,0.9666666666666667,-0.4691943127962086,false,,0.5889029003783102,NOT_AVAILABLE_PIT,NOT_AVAILABLE_PIT,UNIVERSE_ELIGIBLE_ONLY,CALENDAR_YEAR_2023
SBFG3-0234,SBFG3,2023-02-28,2023-03-31,MOMENTUM_LOW_VOL,NOT_SCORABLE_BY_DETECTOR,INSUFFICIENT_HISTORY,,,,false,,0.5889029003783102,NOT_AVAILABLE_PIT,NOT_AVAILABLE_PIT,UNIVERSE_ELIGIBLE_ONLY,CALENDAR_YEAR_2023
SBFG3-0234,SBFG3,2023-02-28,2023-03-31,REVERSAL_21,EARLY_HIT,DETECTED,4,0.06666666666666667,-0.22499999999999998,true,1.0,0.5889029003783102,NOT_AVAILABLE_PIT,NOT_AVAILABLE_PIT,UNIVERSE_ELIGIBLE_ONLY,CALENDAR_YEAR_2023
SBFG3-0234,SBFG3,2023-02-28,2023-03-31,VOLUME_SURGE,MISS,RANK_TOO_LOW,53,0.8833333333333333,-0.2613717227066714,false,,0.5889029003783102,NOT_AVAILABLE_PIT,NOT_AVAILABLE_PIT,UNIVERSE_ELIGIBLE_ONLY,CALENDAR_YEAR_2023
SBSP3-0235,SBSP3,2018-04-30,2019-02-28,52W_HIGH,MISS,RANK_TOO_LOW,26,0.43333333333333335,0.9212903225806452,false,1.4957918898240243,0.3431884057971015,NOT_AVAILABLE_PIT,NOT_AVAILABLE_PIT,UNIVERSE_ELIGIBLE_ONLY,CALENDAR_YEAR_2018
SBSP3-0235,SBSP3,2018-04-30,2019-02-28,LOW_VOL_252,MISS,RANK_TOO_LOW,27,0.45,0.01952339708810832,false,1.4957918898240243,0.3431884057971015,NOT_AVAILABLE_PIT,NOT_AVAILABLE_PIT,UNIVERSE_ELIGIBLE_ONLY,CALENDAR_YEAR_2018
SBSP3-0235,SBSP3,2018-04-30,2019-02-28,MOMENTUM_12_1,MISS,RANK_TOO_LOW,44,0.7333333333333333,0.04631901840490782,false,1.4957918898240243,0.3431884057971015,NOT_AVAILABLE_PIT,NOT_AVAILABLE_PIT,UNIVERSE_ELIGIBLE_ONLY,CALENDAR_YEAR_2018
SBSP3-0235,SBSP3,2018-04-30,2019-02-28,MOMENTUM_6_1,EARLY_HIT,DETECTED,24,0.4,0.11470588235294121,false,0.6250956388676361,0.3431884057971015,NOT_AVAILABLE_PIT,NOT_AVAILABLE_PIT,UNIVERSE_ELIGIBLE_ONLY,CALENDAR_YEAR_2018
SBSP3-0235,SBSP3,2018-04-30,2019-02-28,MOMENTUM_LOW_VOL,MISS,NO_SIGNAL,,,,false,1.4957918898240243,0.3431884057971015,NOT_AVAILABLE_PIT,NOT_AVAILABLE_PIT,UNIVERSE_ELIGIBLE_ONLY,CALENDAR_YEAR_2018
SBSP3-0235,SBSP3,2018-04-30,2019-02-28,REVERSAL_21,EARLY_HIT,DETECTED,38,0.6333333333333333,0.046613896218117956,false,1.6885998469778114,0.3431884057971015,NOT_AVAILABLE_PIT,NOT_AVAILABLE_PIT,UNIVERSE_ELIGIBLE_ONLY,CALENDAR_YEAR_2018
SBSP3-0235,SBSP3,2018-04-30,2019-02-28,VOLUME_SURGE,EARLY_HIT,DETECTED,41,0.6833333333333333,-0.04919970666432105,false,1.4957918898240243,0.3431884057971015,NOT_AVAILABLE_PIT,NOT_AVAILABLE_PIT,UNIVERSE_ELIGIBLE_ONLY,CALENDAR_YEAR_2018
SBSP3-0236,SBSP3,2021-08-31,2021-08-31,52W_HIGH,MISS,RANK_TOO_LOW,50,0.8333333333333334,0.705814401232191,false,,0.3439385628085574,NOT_AVAILABLE_PIT,NOT_AVAILABLE_PIT,UNIVERSE_ELIGIBLE_ONLY,CALENDAR_YEAR_2021
SBSP3-0236,SBSP3,2021-08-31,2021-08-31,LOW_VOL_252,MISS,RANK_TOO_LOW,21,0.35,0.02145203419506413,false,,0.3439385628085574,NOT_AVAILABLE_PIT,NOT_AVAILABLE_PIT,UNIVERSE_ELIGIBLE_ONLY,CALENDAR_YEAR_2021
SBSP3-0236,SBSP3,2021-08-31,2021-08-31,MOMENTUM_12_1,MISS,RANK_TOO_LOW,55,0.9166666666666666,-0.3166313355174407,false,,0.3439385628085574,NOT_AVAILABLE_PIT,NOT_AVAILABLE_PIT,UNIVERSE_ELIGIBLE_ONLY,CALENDAR_YEAR_2021
SBSP3-0236,SBSP3,2021-08-31,2021-08-31,MOMENTUM_6_1,MISS,RANK_TOO_LOW,41,0.6833333333333333,0.0008467400508045397,false,,0.3439385628085574,NOT_AVAILABLE_PIT,NOT_AVAILABLE_PIT,UNIVERSE_ELIGIBLE_ONLY,CALENDAR_YEAR_2021
SBSP3-0236,SBSP3,2021-08-31,2021-08-31,MOMENTUM_LOW_VOL,NOT_SCORABLE_BY_DETECTOR,INSUFFICIENT_HISTORY,,,,false,,0.3439385628085574,NOT_AVAILABLE_PIT,NOT_AVAILABLE_PIT,UNIVERSE_ELIGIBLE_ONLY,CALENDAR_YEAR_2021
SBSP3-0236,SBSP3,2021-08-31,2021-08-31,REVERSAL_21,MISS,RANK_TOO_LOW,47,0.7833333333333333,0.03384094754653111,false,,0.3439385628085574,NOT_AVAILABLE_PIT,NOT_AVAILABLE_PIT,UNIVERSE_ELIGIBLE_ONLY,CALENDAR_YEAR_2021
SBSP3-0236,SBSP3,2021-08-31,2021-08-31,VOLUME_SURGE,MISS,RANK_TOO_LOW,41,0.6833333333333333,-0.1553275173612778,false,,0.3439385628085574,NOT_AVAILABLE_PIT,NOT_AVAILABLE_PIT,UNIVERSE_ELIGIBLE_ONLY,CALENDAR_YEAR_2021
SBSP3-0237,SBSP3,2021-10-29,2022-01-31,52W_HIGH,EARLY_HIT,DETECTED,27,0.45,0.7472072817542407,false,0.8281059063136454,0.6870976770221104,NOT_AVAILABLE_PIT,NOT_AVAILABLE_PIT,UNIVERSE_ELIGIBLE_ONLY,CALENDAR_YEAR_2021
SBSP3-0237,SBSP3,2021-10-29,2022-01-31,LOW_VOL_252,MISS,RANK_TOO_LOW,18,0.3,0.021246721518675044,false,,0.6870976770221104,NOT_AVAILABLE_PIT,NOT_AVAILABLE_PIT,UNIVERSE_ELIGIBLE_ONLY,CALENDAR_YEAR_2021
SBSP3-0237,SBSP3,2021-10-29,2022-01-31,MOMENTUM_12_1,MISS,RANK_TOO_LOW,51,0.85,-0.17055457746478875,false,,0.6870976770221104,NOT_AVAILABLE_PIT,NOT_AVAILABLE_PIT,UNIVERSE_ELIGIBLE_ONLY,CALENDAR_YEAR_2021
SBSP3-0237,SBSP3,2021-10-29,2022-01-31,MOMENTUM_6_1,EARLY_HIT,DETECTED,37,0.6166666666666667,-0.11939252336448603,false,0.9474541751527493,0.6870976770221104,NOT_AVAILABLE_PIT,NOT_AVAILABLE_PIT,UNIVERSE_ELIGIBLE_ONLY,CALENDAR_YEAR_2021
SBSP3-0237,SBSP3,2021-10-29,2022-01-31,MOMENTUM_LOW_VOL,MISS,NO_SIGNAL,,,,false,,0.6870976770221104,NOT_AVAILABLE_PIT,NOT_AVAILABLE_PIT,UNIVERSE_ELIGIBLE_ONLY,CALENDAR_YEAR_2021
SBSP3-0237,SBSP3,2021-10-29,2022-01-31,REVERSAL_21,EARLY_HIT,DETECTED,35,0.5833333333333334,-0.041655611568055195,false,0.9474541751527493,0.6870976770221104,NOT_AVAILABLE_PIT,NOT_AVAILABLE_PIT,UNIVERSE_ELIGIBLE_ONLY,CALENDAR_YEAR_2021
SBSP3-0237,SBSP3,2021-10-29,2022-01-31,VOLUME_SURGE,MISS,RANK_TOO_LOW,55,0.9166666666666666,-0.2657834601820457,false,,0.6870976770221104,NOT_AVAILABLE_PIT,NOT_AVAILABLE_PIT,UNIVERSE_ELIGIBLE_ONLY,CALENDAR_YEAR_2021
SBSP3-0238,SBSP3,2022-06-30,2022-06-30,52W_HIGH,MISS,RANK_TOO_LOW,14,0.23333333333333334,0.8092664092664094,false,1.0,0.31558139534883733,NOT_AVAILABLE_PIT,NOT_AVAILABLE_PIT,UNIVERSE_ELIGIBLE_ONLY,CALENDAR_YEAR_2022
SBSP3-0238,SBSP3,2022-06-30,2022-06-30,LOW_VOL_252,MISS,RANK_TOO_LOW,16,0.26666666666666666,0.01982669907058627,false,1.0,0.31558139534883733,NOT_AVAILABLE_PIT,NOT_AVAILABLE_PIT,UNIVERSE_ELIGIBLE_ONLY,CALENDAR_YEAR_2022
SBSP3-0238,SBSP3,2022-06-30,2022-06-30,MOMENTUM_12_1,EARLY_HIT,DETECTED,3,0.05,0.22987595671681182,true,1.0,0.31558139534883733,NOT_AVAILABLE_PIT,NOT_AVAILABLE_PIT,UNIVERSE_ELIGIBLE_ONLY,CALENDAR_YEAR_2022
SBSP3-0238,SBSP3,2022-06-30,2022-06-30,MOMENTUM_6_1,EARLY_HIT,DETECTED,12,0.2,0.16354556803995024,true,1.0,0.31558139534883733,NOT_AVAILABLE_PIT,NOT_AVAILABLE_PIT,UNIVERSE_ELIGIBLE_ONLY,CALENDAR_YEAR_2022
SBSP3-0238,SBSP3,2022-06-30,2022-06-30,MOMENTUM_LOW_VOL,MISS,RANK_TOO_LOW,12,0.5,-0.01982669907058627,false,1.0,0.31558139534883733,NOT_AVAILABLE_PIT,NOT_AVAILABLE_PIT,UNIVERSE_ELIGIBLE_ONLY,CALENDAR_YEAR_2022
SBSP3-0238,SBSP3,2022-06-30,2022-06-30,REVERSAL_21,MISS,RANK_TOO_LOW,37,0.6166666666666667,-0.10042918454935623,false,1.0,0.31558139534883733,NOT_AVAILABLE_PIT,NOT_AVAILABLE_PIT,UNIVERSE_ELIGIBLE_ONLY,CALENDAR_YEAR_2022
SBSP3-0238,SBSP3,2022-06-30,2022-06-30,VOLUME_SURGE,EARLY_HIT,DETECTED,7,0.11666666666666667,0.2040707564038149,true,1.0,0.31558139534883733,NOT_AVAILABLE_PIT,NOT_AVAILABLE_PIT,UNIVERSE_ELIGIBLE_ONLY,CALENDAR_YEAR_2022
SBSP3-0239,SBSP3,2022-12-29,2023-11-30,52W_HIGH,EARLY_HIT,DETECTED,3,0.05,0.9435576764851078,true,1.0,0.3775491113189895,NOT_AVAILABLE_PIT,NOT_AVAILABLE_PIT,UNIVERSE_ELIGIBLE_ONLY,CALENDAR_YEAR_2022
SBSP3-0239,SBSP3,2022-12-29,2023-11-30,LOW_VOL_252,MISS,RANK_TOO_LOW,20,0.3333333333333333,0.02280231951478061,false,1.0,0.3775491113189895,NOT_AVAILABLE_PIT,NOT_AVAILABLE_PIT,UNIVERSE_ELIGIBLE_ONLY,CALENDAR_YEAR_2022
SBSP3-0239,SBSP3,2022-12-29,2023-11-30,MOMENTUM_12_1,EARLY_HIT,DETECTED,4,0.06666666666666667,0.49413233458177297,true,1.0,0.3775491113189895,NOT_AVAILABLE_PIT,NOT_AVAILABLE_PIT,UNIVERSE_ELIGIBLE_ONLY,CALENDAR_YEAR_2022
SBSP3-0239,SBSP3,2022-12-29,2023-11-30,MOMENTUM_6_1,EARLY_HIT,DETECTED,3,0.05,0.4274809160305344,true,1.0,0.3775491113189895,NOT_AVAILABLE_PIT,NOT_AVAILABLE_PIT,UNIVERSE_ELIGIBLE_ONLY,CALENDAR_YEAR_2022
SBSP3-0239,SBSP3,2022-12-29,2023-11-30,MOMENTUM_LOW_VOL,MISS,RANK_TOO_LOW,12,0.5,-0.02280231951478061,false,1.0,0.3775491113189895,NOT_AVAILABLE_PIT,NOT_AVAILABLE_PIT,UNIVERSE_ELIGIBLE_ONLY,CALENDAR_YEAR_2022
SBSP3-0239,SBSP3,2022-12-29,2023-11-30,REVERSAL_21,EARLY_HIT,DETECTED,26,0.43333333333333335,-0.04177807486631013,false,0.9019160583941607,0.3775491113189895,NOT_AVAILABLE_PIT,NOT_AVAILABLE_PIT,UNIVERSE_ELIGIBLE_ONLY,CALENDAR_YEAR_2022
SBSP3-0239,SBSP3,2022-12-29,2023-11-30,VOLUME_SURGE,EARLY_HIT,DETECTED,3,0.05,0.3773593907419537,true,1.0,0.3775491113189895,NOT_AVAILABLE_PIT,NOT_AVAILABLE_PIT,UNIVERSE_ELIGIBLE_ONLY,CALENDAR_YEAR_2022
SBSP3-0240,SBSP3,2024-04-30,2024-06-28,52W_HIGH,EARLY_HIT,DETECTED,5,0.08333333333333333,0.9693973634651601,true,1.0,0.4198530327562584,NOT_AVAILABLE_PIT,NOT_AVAILABLE_PIT,UNIVERSE_ELIGIBLE_ONLY,CALENDAR_YEAR_2024
SBSP3-0240,SBSP3,2024-04-30,2024-06-28,LOW_VOL_252,MISS,RANK_TOO_LOW,15,0.25,0.015679428956957397,false,1.0,0.4198530327562584,NOT_AVAILABLE_PIT,NOT_AVAILABLE_PIT,UNIVERSE_ELIGIBLE_ONLY,CALENDAR_YEAR_2024
SBSP3-0240,SBSP3,2024-04-30,2024-06-28,MOMENTUM_12_1,EARLY_HIT,DETECTED,11,0.18333333333333332,0.7360114777618365,true,1.0,0.4198530327562584,NOT_AVAILABLE_PIT,NOT_AVAILABLE_PIT,UNIVERSE_ELIGIBLE_ONLY,CALENDAR_YEAR_2024
SBSP3-0240,SBSP3,2024-04-30,2024-06-28,MOMENTUM_6_1,EARLY_HIT,DETECTED,14,0.23333333333333334,0.39515730522154513,false,1.1919681002563376,0.4198530327562584,NOT_AVAILABLE_PIT,NOT_AVAILABLE_PIT,UNIVERSE_ELIGIBLE_ONLY,CALENDAR_YEAR_2024
SBSP3-0240,SBSP3,2024-04-30,2024-06-28,MOMENTUM_LOW_VOL,EARLY_HIT,DETECTED,4,0.16666666666666666,-0.015679428956957397,true,1.0,0.4198530327562584,NOT_AVAILABLE_PIT,NOT_AVAILABLE_PIT,UNIVERSE_ELIGIBLE_ONLY,CALENDAR_YEAR_2024
SBSP3-0240,SBSP3,2024-04-30,2024-06-28,REVERSAL_21,MISS,RANK_TOO_LOW,40,0.6666666666666666,-0.027626918536009515,false,1.0,0.4198530327562584,NOT_AVAILABLE_PIT,NOT_AVAILABLE_PIT,UNIVERSE_ELIGIBLE_ONLY,CALENDAR_YEAR_2024
SBSP3-0240,SBSP3,2024-04-30,2024-06-28,VOLUME_SURGE,EARLY_HIT,DETECTED,6,0.1,0.4063491562152508,true,1.0,0.4198530327562584,NOT_AVAILABLE_PIT,NOT_AVAILABLE_PIT,UNIVERSE_ELIGIBLE_ONLY,CALENDAR_YEAR_2024
SBSP3-0241,SBSP3,2024-09-30,2025-03-31,52W_HIGH,BOUNDARY_UNCERTAIN_EXCLUDED,OUTCOME_UNCERTAINTY,18,0.3,0.9045993171319542,false,,0.45673664334110864,NOT_AVAILABLE_PIT,NOT_AVAILABLE_PIT,UNIVERSE_ELIGIBLE_ONLY,CALENDAR_YEAR_2024
SBSP3-0241,SBSP3,2024-09-30,2025-03-31,LOW_VOL_252,BOUNDARY_UNCERTAIN_EXCLUDED,OUTCOME_UNCERTAINTY,14,0.23333333333333334,0.014493970712968877,false,,0.45673664334110864,NOT_AVAILABLE_PIT,NOT_AVAILABLE_PIT,UNIVERSE_ELIGIBLE_ONLY,CALENDAR_YEAR_2024
SBSP3-0241,SBSP3,2024-09-30,2025-03-31,MOMENTUM_12_1,BOUNDARY_UNCERTAIN_EXCLUDED,OUTCOME_UNCERTAINTY,8,0.13333333333333333,0.589568405265789,true,,0.45673664334110864,NOT_AVAILABLE_PIT,NOT_AVAILABLE_PIT,UNIVERSE_ELIGIBLE_ONLY,CALENDAR_YEAR_2024
SBSP3-0241,SBSP3,2024-09-30,2025-03-31,MOMENTUM_6_1,BOUNDARY_UNCERTAIN_EXCLUDED,OUTCOME_UNCERTAINTY,8,0.13333333333333333,0.16272549975621642,true,,0.45673664334110864,NOT_AVAILABLE_PIT,NOT_AVAILABLE_PIT,UNIVERSE_ELIGIBLE_ONLY,CALENDAR_YEAR_2024
SBSP3-0241,SBSP3,2024-09-30,2025-03-31,MOMENTUM_LOW_VOL,BOUNDARY_UNCERTAIN_EXCLUDED,OUTCOME_UNCERTAINTY,5,0.20833333333333334,-0.014493970712968877,true,,0.45673664334110864,NOT_AVAILABLE_PIT,NOT_AVAILABLE_PIT,UNIVERSE_ELIGIBLE_ONLY,CALENDAR_YEAR_2024
SBSP3-0241,SBSP3,2024-09-30,2025-03-31,REVERSAL_21,BOUNDARY_UNCERTAIN_EXCLUDED,OUTCOME_UNCERTAINTY,19,0.31666666666666665,-0.055666212391236036,false,,0.45673664334110864,NOT_AVAILABLE_PIT,NOT_AVAILABLE_PIT,UNIVERSE_ELIGIBLE_ONLY,CALENDAR_YEAR_2024
SBSP3-0241,SBSP3,2024-09-30,2025-03-31,VOLUME_SURGE,BOUNDARY_UNCERTAIN_EXCLUDED,OUTCOME_UNCERTAINTY,21,0.35,0.08536954527646867,false,,0.45673664334110864,NOT_AVAILABLE_PIT,NOT_AVAILABLE_PIT,UNIVERSE_ELIGIBLE_ONLY,CALENDAR_YEAR_2024
SMFT3-0242,SMFT3,2024-11-29,2024-12-30,52W_HIGH,MISS,RANK_TOO_LOW,43,0.7166666666666667,0.6798667653589934,false,,0.4653846153846155,NOT_AVAILABLE_PIT,NOT_AVAILABLE_PIT,UNIVERSE_ELIGIBLE_ONLY,CALENDAR_YEAR_2024
SMFT3-0242,SMFT3,2024-11-29,2024-12-30,LOW_VOL_252,MISS,RANK_TOO_LOW,29,0.48333333333333334,0.01987842233241383,false,,0.4653846153846155,NOT_AVAILABLE_PIT,NOT_AVAILABLE_PIT,UNIVERSE_ELIGIBLE_ONLY,CALENDAR_YEAR_2024
SMFT3-0242,SMFT3,2024-11-29,2024-12-30,MOMENTUM_12_1,MISS,RANK_TOO_LOW,28,0.4666666666666667,-0.03660714285714284,false,,0.4653846153846155,NOT_AVAILABLE_PIT,NOT_AVAILABLE_PIT,UNIVERSE_ELIGIBLE_ONLY,CALENDAR_YEAR_2024
SMFT3-0242,SMFT3,2024-11-29,2024-12-30,MOMENTUM_6_1,MISS,RANK_TOO_LOW,47,0.7833333333333333,-0.06173913043478263,false,,0.4653846153846155,NOT_AVAILABLE_PIT,NOT_AVAILABLE_PIT,UNIVERSE_ELIGIBLE_ONLY,CALENDAR_YEAR_2024
SMFT3-0242,SMFT3,2024-11-29,2024-12-30,MOMENTUM_LOW_VOL,NOT_SCORABLE_BY_DETECTOR,INSUFFICIENT_HISTORY,,,,false,,0.4653846153846155,NOT_AVAILABLE_PIT,NOT_AVAILABLE_PIT,UNIVERSE_ELIGIBLE_ONLY,CALENDAR_YEAR_2024
SMFT3-0242,SMFT3,2024-11-29,2024-12-30,REVERSAL_21,EARLY_HIT,DETECTED,12,0.2,-0.14874884151992573,true,1.0,0.4653846153846155,NOT_AVAILABLE_PIT,NOT_AVAILABLE_PIT,UNIVERSE_ELIGIBLE_ONLY,CALENDAR_YEAR_2024
SMFT3-0242,SMFT3,2024-11-29,2024-12-30,VOLUME_SURGE,MISS,RANK_TOO_LOW,33,0.55,0.06729529041997995,false,,0.4653846153846155,NOT_AVAILABLE_PIT,NOT_AVAILABLE_PIT,UNIVERSE_ELIGIBLE_ONLY,CALENDAR_YEAR_2024
SOMA3-0243,SOMA3,2022-06-30,2022-06-30,52W_HIGH,BOUNDARY_UNCERTAIN_EXCLUDED,OUTCOME_UNCERTAINTY,45,0.75,0.45891089108910893,false,,0.3129102844638949,NOT_AVAILABLE_PIT,NOT_AVAILABLE_PIT,UNIVERSE_ELIGIBLE_ONLY,CALENDAR_YEAR_2022
SOMA3-0243,SOMA3,2022-06-30,2022-06-30,LOW_VOL_252,BOUNDARY_UNCERTAIN_EXCLUDED,OUTCOME_UNCERTAINTY,51,0.85,0.032858735710653945,false,,0.3129102844638949,NOT_AVAILABLE_PIT,NOT_AVAILABLE_PIT,UNIVERSE_ELIGIBLE_ONLY,CALENDAR_YEAR_2022
SOMA3-0243,SOMA3,2022-06-30,2022-06-30,MOMENTUM_12_1,BOUNDARY_UNCERTAIN_EXCLUDED,OUTCOME_UNCERTAINTY,41,0.6833333333333333,-0.3285543608124253,false,,0.3129102844638949,NOT_AVAILABLE_PIT,NOT_AVAILABLE_PIT,UNIVERSE_ELIGIBLE_ONLY,CALENDAR_YEAR_2022
SOMA3-0243,SOMA3,2022-06-30,2022-06-30,MOMENTUM_6_1,BOUNDARY_UNCERTAIN_EXCLUDED,OUTCOME_UNCERTAINTY,44,0.7333333333333333,-0.13869731800766283,false,,0.3129102844638949,NOT_AVAILABLE_PIT,NOT_AVAILABLE_PIT,UNIVERSE_ELIGIBLE_ONLY,CALENDAR_YEAR_2022
SOMA3-0243,SOMA3,2022-06-30,2022-06-30,MOMENTUM_LOW_VOL,BOUNDARY_UNCERTAIN_EXCLUDED,OUTCOME_UNCERTAINTY,,,,false,,0.3129102844638949,NOT_AVAILABLE_PIT,NOT_AVAILABLE_PIT,UNIVERSE_ELIGIBLE_ONLY,CALENDAR_YEAR_2022
SOMA3-0243,SOMA3,2022-06-30,2022-06-30,REVERSAL_21,BOUNDARY_UNCERTAIN_EXCLUDED,OUTCOME_UNCERTAINTY,16,0.26666666666666666,-0.17526690391459077,false,,0.3129102844638949,NOT_AVAILABLE_PIT,NOT_AVAILABLE_PIT,UNIVERSE_ELIGIBLE_ONLY,CALENDAR_YEAR_2022
SOMA3-0243,SOMA3,2022-06-30,2022-06-30,VOLUME_SURGE,BOUNDARY_UNCERTAIN_EXCLUDED,OUTCOME_UNCERTAINTY,29,0.48333333333333334,-0.16765998127952453,false,,0.3129102844638949,NOT_AVAILABLE_PIT,NOT_AVAILABLE_PIT,UNIVERSE_ELIGIBLE_ONLY,CALENDAR_YEAR_2022
STBP3-0244,STBP3,2021-10-29,2021-10-29,52W_HIGH,MISS,RANK_TOO_LOW,52,0.8666666666666667,0.5387713997985901,false,,0.6164623467600701,NOT_AVAILABLE_PIT,NOT_AVAILABLE_PIT,UNIVERSE_ELIGIBLE_ONLY,CALENDAR_YEAR_2021
STBP3-0244,STBP3,2021-10-29,2021-10-29,LOW_VOL_252,MISS,RANK_TOO_LOW,47,0.7833333333333333,0.028124469953755414,false,,0.6164623467600701,NOT_AVAILABLE_PIT,NOT_AVAILABLE_PIT,UNIVERSE_ELIGIBLE_ONLY,CALENDAR_YEAR_2021
STBP3-0244,STBP3,2021-10-29,2021-10-29,MOMENTUM_12_1,EARLY_HIT,DETECTED,4,0.06666666666666667,0.845102505694761,true,1.0,0.6164623467600701,NOT_AVAILABLE_PIT,NOT_AVAILABLE_PIT,UNIVERSE_ELIGIBLE_ONLY,CALENDAR_YEAR_2021
STBP3-0244,STBP3,2021-10-29,2021-10-29,MOMENTUM_6_1,EARLY_HIT,DETECTED,12,0.2,0.12656467315716258,true,1.0,0.6164623467600701,NOT_AVAILABLE_PIT,NOT_AVAILABLE_PIT,UNIVERSE_ELIGIBLE_ONLY,CALENDAR_YEAR_2021
STBP3-0244,STBP3,2021-10-29,2021-10-29,MOMENTUM_LOW_VOL,MISS,RANK_TOO_LOW,15,0.625,-0.028124469953755414,false,,0.6164623467600701,NOT_AVAILABLE_PIT,NOT_AVAILABLE_PIT,UNIVERSE_ELIGIBLE_ONLY,CALENDAR_YEAR_2021
STBP3-0244,STBP3,2021-10-29,2021-10-29,REVERSAL_21,EARLY_HIT,DETECTED,1,0.016666666666666666,-0.33950617283950624,true,1.0,0.6164623467600701,NOT_AVAILABLE_PIT,NOT_AVAILABLE_PIT,UNIVERSE_ELIGIBLE_ONLY,CALENDAR_YEAR_2021
STBP3-0244,STBP3,2021-10-29,2021-10-29,VOLUME_SURGE,MISS,RANK_TOO_LOW,38,0.6333333333333333,-0.0436432007994868,false,,0.6164623467600701,NOT_AVAILABLE_PIT,NOT_AVAILABLE_PIT,UNIVERSE_ELIGIBLE_ONLY,CALENDAR_YEAR_2021
STBP3-0245,STBP3,2022-05-31,2022-07-29,52W_HIGH,MISS,RANK_TOO_LOW,31,0.5166666666666667,0.7522658610271903,false,,0.4244105409153953,NOT_AVAILABLE_PIT,NOT_AVAILABLE_PIT,UNIVERSE_ELIGIBLE_ONLY,CALENDAR_YEAR_2022
STBP3-0245,STBP3,2022-05-31,2022-07-29,LOW_VOL_252,MISS,RANK_TOO_LOW,48,0.8,0.03160065943752041,false,,0.4244105409153953,NOT_AVAILABLE_PIT,NOT_AVAILABLE_PIT,UNIVERSE_ELIGIBLE_ONLY,CALENDAR_YEAR_2022
STBP3-0245,STBP3,2022-05-31,2022-07-29,MOMENTUM_12_1,MISS,RANK_TOO_LOW,30,0.5,-0.1519138755980861,false,,0.4244105409153953,NOT_AVAILABLE_PIT,NOT_AVAILABLE_PIT,UNIVERSE_ELIGIBLE_ONLY,CALENDAR_YEAR_2022
STBP3-0245,STBP3,2022-05-31,2022-07-29,MOMENTUM_6_1,EARLY_HIT,DETECTED,14,0.23333333333333334,0.14170692431561993,false,1.107843137254902,0.4244105409153953,NOT_AVAILABLE_PIT,NOT_AVAILABLE_PIT,UNIVERSE_ELIGIBLE_ONLY,CALENDAR_YEAR_2022
STBP3-0245,STBP3,2022-05-31,2022-07-29,MOMENTUM_LOW_VOL,NOT_SCORABLE_BY_DETECTOR,INSUFFICIENT_HISTORY,,,,false,,0.4244105409153953,NOT_AVAILABLE_PIT,NOT_AVAILABLE_PIT,UNIVERSE_ELIGIBLE_ONLY,CALENDAR_YEAR_2022
STBP3-0245,STBP3,2022-05-31,2022-07-29,REVERSAL_21,MISS,RANK_TOO_LOW,43,0.7166666666666667,0.05359661495063461,false,,0.4244105409153953,NOT_AVAILABLE_PIT,NOT_AVAILABLE_PIT,UNIVERSE_ELIGIBLE_ONLY,CALENDAR_YEAR_2022
STBP3-0245,STBP3,2022-05-31,2022-07-29,VOLUME_SURGE,MISS,RANK_TOO_LOW,20,0.3333333333333333,0.07835612645630197,false,,0.4244105409153953,NOT_AVAILABLE_PIT,NOT_AVAILABLE_PIT,UNIVERSE_ELIGIBLE_ONLY,CALENDAR_YEAR_2022
STBP3-0246,STBP3,2023-02-28,2023-04-28,52W_HIGH,EARLY_HIT,DETECTED,4,0.06666666666666667,0.8786565547128926,true,1.0,0.34134007585335,NOT_AVAILABLE_PIT,NOT_AVAILABLE_PIT,UNIVERSE_ELIGIBLE_ONLY,CALENDAR_YEAR_2023
STBP3-0246,STBP3,2023-02-28,2023-04-28,LOW_VOL_252,MISS,RANK_TOO_LOW,35,0.5833333333333334,0.02920440278264878,false,1.0,0.34134007585335,NOT_AVAILABLE_PIT,NOT_AVAILABLE_PIT,UNIVERSE_ELIGIBLE_ONLY,CALENDAR_YEAR_2023
STBP3-0246,STBP3,2023-02-28,2023-04-28,MOMENTUM_12_1,EARLY_HIT,DETECTED,9,0.15,0.282991202346041,true,1.0,0.34134007585335,NOT_AVAILABLE_PIT,NOT_AVAILABLE_PIT,UNIVERSE_ELIGIBLE_ONLY,CALENDAR_YEAR_2023
STBP3-0246,STBP3,2023-02-28,2023-04-28,MOMENTUM_6_1,MISS,RANK_TOO_LOW,13,0.21666666666666667,0.11323155216284975,false,1.0,0.34134007585335,NOT_AVAILABLE_PIT,NOT_AVAILABLE_PIT,UNIVERSE_ELIGIBLE_ONLY,CALENDAR_YEAR_2023
STBP3-0246,STBP3,2023-02-28,2023-04-28,MOMENTUM_LOW_VOL,MISS,RANK_TOO_LOW,19,0.7916666666666666,-0.02920440278264878,false,1.0,0.34134007585335,NOT_AVAILABLE_PIT,NOT_AVAILABLE_PIT,UNIVERSE_ELIGIBLE_ONLY,CALENDAR_YEAR_2023
STBP3-0246,STBP3,2023-02-28,2023-04-28,REVERSAL_21,MISS,RANK_TOO_LOW,34,0.5666666666666667,-0.07314285714285718,false,1.0,0.34134007585335,NOT_AVAILABLE_PIT,NOT_AVAILABLE_PIT,UNIVERSE_ELIGIBLE_ONLY,CALENDAR_YEAR_2023
STBP3-0246,STBP3,2023-02-28,2023-04-28,VOLUME_SURGE,EARLY_HIT,DETECTED,4,0.06666666666666667,0.3363255491079187,true,1.0,0.34134007585335,NOT_AVAILABLE_PIT,NOT_AVAILABLE_PIT,UNIVERSE_ELIGIBLE_ONLY,CALENDAR_YEAR_2023
STBP3-0247,STBP3,2023-06-30,2023-12-28,52W_HIGH,BOUNDARY_UNCERTAIN_EXCLUDED,OUTCOME_UNCERTAINTY,6,0.1,0.9737098344693281,true,,0.30852105778648364,NOT_AVAILABLE_PIT,NOT_AVAILABLE_PIT,UNIVERSE_ELIGIBLE_ONLY,CALENDAR_YEAR_2023
STBP3-0247,STBP3,2023-06-30,2023-12-28,LOW_VOL_252,BOUNDARY_UNCERTAIN_EXCLUDED,OUTCOME_UNCERTAINTY,31,0.5166666666666667,0.026813212987811974,false,,0.30852105778648364,NOT_AVAILABLE_PIT,NOT_AVAILABLE_PIT,UNIVERSE_ELIGIBLE_ONLY,CALENDAR_YEAR_2023
STBP3-0247,STBP3,2023-06-30,2023-12-28,MOMENTUM_12_1,BOUNDARY_UNCERTAIN_EXCLUDED,OUTCOME_UNCERTAINTY,6,0.1,0.5261538461538462,true,,0.30852105778648364,NOT_AVAILABLE_PIT,NOT_AVAILABLE_PIT,UNIVERSE_ELIGIBLE_ONLY,CALENDAR_YEAR_2023
STBP3-0247,STBP3,2023-06-30,2023-12-28,MOMENTUM_6_1,BOUNDARY_UNCERTAIN_EXCLUDED,OUTCOME_UNCERTAINTY,15,0.25,0.21568627450980382,false,,0.30852105778648364,NOT_AVAILABLE_PIT,NOT_AVAILABLE_PIT,UNIVERSE_ELIGIBLE_ONLY,CALENDAR_YEAR_2023
STBP3-0247,STBP3,2023-06-30,2023-12-28,MOMENTUM_LOW_VOL,BOUNDARY_UNCERTAIN_EXCLUDED,OUTCOME_UNCERTAINTY,16,0.6666666666666666,-0.026813212987811974,false,,0.30852105778648364,NOT_AVAILABLE_PIT,NOT_AVAILABLE_PIT,UNIVERSE_ELIGIBLE_ONLY,CALENDAR_YEAR_2023
STBP3-0247,STBP3,2023-06-30,2023-12-28,REVERSAL_21,BOUNDARY_UNCERTAIN_EXCLUDED,OUTCOME_UNCERTAINTY,17,0.2833333333333333,0.008064516129032251,false,,0.30852105778648364,NOT_AVAILABLE_PIT,NOT_AVAILABLE_PIT,UNIVERSE_ELIGIBLE_ONLY,CALENDAR_YEAR_2023
STBP3-0247,STBP3,2023-06-30,2023-12-28,VOLUME_SURGE,BOUNDARY_UNCERTAIN_EXCLUDED,OUTCOME_UNCERTAINTY,11,0.18333333333333332,0.39569103068590694,true,,0.30852105778648364,NOT_AVAILABLE_PIT,NOT_AVAILABLE_PIT,UNIVERSE_ELIGIBLE_ONLY,CALENDAR_YEAR_2023
SULA11-0248,SULA11,2018-05-30,2019-02-28,52W_HIGH,EARLY_HIT,DETECTED,13,0.21666666666666667,0.8417805200528867,false,0.7735368956743003,0.8191766545075556,NOT_AVAILABLE_PIT,NOT_AVAILABLE_PIT,UNIVERSE_ELIGIBLE_ONLY,CALENDAR_YEAR_2018
SULA11-0248,SULA11,2018-05-30,2019-02-28,LOW_VOL_252,MISS,RANK_TOO_LOW,20,0.3333333333333333,0.01717080345198311,false,0.4332061068702288,0.8191766545075556,NOT_AVAILABLE_PIT,NOT_AVAILABLE_PIT,UNIVERSE_ELIGIBLE_ONLY,CALENDAR_YEAR_2018
SULA11-0248,SULA11,2018-05-30,2019-02-28,MOMENTUM_12_1,EARLY_HIT,DETECTED,34,0.5666666666666667,0.20208105147864175,false,0.5610687022900763,0.8191766545075556,NOT_AVAILABLE_PIT,NOT_AVAILABLE_PIT,UNIVERSE_ELIGIBLE_ONLY,CALENDAR_YEAR_2018
SULA11-0248,SULA11,2018-05-30,2019-02-28,MOMENTUM_6_1,EARLY_HIT,DETECTED,21,0.35,0.19034707158351405,false,0.5610687022900763,0.8191766545075556,NOT_AVAILABLE_PIT,NOT_AVAILABLE_PIT,UNIVERSE_ELIGIBLE_ONLY,CALENDAR_YEAR_2018
SULA11-0248,SULA11,2018-05-30,2019-02-28,MOMENTUM_LOW_VOL,LATE_HIT,DETECTED,,,,false,0.45610687022900764,0.8191766545075556,NOT_AVAILABLE_PIT,NOT_AVAILABLE_PIT,UNIVERSE_ELIGIBLE_ONLY,CALENDAR_YEAR_2018
SULA11-0248,SULA11,2018-05-30,2019-02-28,REVERSAL_21,MISS,RANK_TOO_LOW,31,0.5166666666666667,-0.1298405466970386,false,0.4332061068702288,0.8191766545075556,NOT_AVAILABLE_PIT,NOT_AVAILABLE_PIT,UNIVERSE_ELIGIBLE_ONLY,CALENDAR_YEAR_2018
SULA11-0248,SULA11,2018-05-30,2019-02-28,VOLUME_SURGE,LATE_HIT,DETECTED,22,0.36666666666666664,0.34618696251563685,false,0.4332061068702288,0.8191766545075556,NOT_AVAILABLE_PIT,NOT_AVAILABLE_PIT,UNIVERSE_ELIGIBLE_ONLY,CALENDAR_YEAR_2018
SULA11-0249,SULA11,2019-04-30,2019-05-31,52W_HIGH,BOUNDARY_UNCERTAIN_EXCLUDED,OUTCOME_UNCERTAINTY,22,0.36666666666666664,0.9221202250518211,false,,0.4624183006535947,NOT_AVAILABLE_PIT,NOT_AVAILABLE_PIT,UNIVERSE_ELIGIBLE_ONLY,CALENDAR_YEAR_2019
SULA11-0249,SULA11,2019-04-30,2019-05-31,LOW_VOL_252,BOUNDARY_UNCERTAIN_EXCLUDED,OUTCOME_UNCERTAINTY,15,0.25,0.020360987420045468,false,,0.4624183006535947,NOT_AVAILABLE_PIT,NOT_AVAILABLE_PIT,UNIVERSE_ELIGIBLE_ONLY,CALENDAR_YEAR_2019
SULA11-0249,SULA11,2019-04-30,2019-05-31,MOMENTUM_12_1,BOUNDARY_UNCERTAIN_EXCLUDED,OUTCOME_UNCERTAINTY,9,0.15,0.36214185063410054,true,,0.4624183006535947,NOT_AVAILABLE_PIT,NOT_AVAILABLE_PIT,UNIVERSE_ELIGIBLE_ONLY,CALENDAR_YEAR_2019
SULA11-0249,SULA11,2019-04-30,2019-05-31,MOMENTUM_6_1,BOUNDARY_UNCERTAIN_EXCLUDED,OUTCOME_UNCERTAINTY,21,0.35,0.21899957965531747,false,,0.4624183006535947,NOT_AVAILABLE_PIT,NOT_AVAILABLE_PIT,UNIVERSE_ELIGIBLE_ONLY,CALENDAR_YEAR_2019
SULA11-0249,SULA11,2019-04-30,2019-05-31,MOMENTUM_LOW_VOL,BOUNDARY_UNCERTAIN_EXCLUDED,OUTCOME_UNCERTAINTY,6,0.25,-0.020360987420045468,false,,0.4624183006535947,NOT_AVAILABLE_PIT,NOT_AVAILABLE_PIT,UNIVERSE_ELIGIBLE_ONLY,CALENDAR_YEAR_2019
SULA11-0249,SULA11,2019-04-30,2019-05-31,REVERSAL_21,BOUNDARY_UNCERTAIN_EXCLUDED,OUTCOME_UNCERTAINTY,47,0.7833333333333333,0.07379310344827594,false,,0.4624183006535947,NOT_AVAILABLE_PIT,NOT_AVAILABLE_PIT,UNIVERSE_ELIGIBLE_ONLY,CALENDAR_YEAR_2019
SULA11-0249,SULA11,2019-04-30,2019-05-31,VOLUME_SURGE,BOUNDARY_UNCERTAIN_EXCLUDED,OUTCOME_UNCERTAINTY,28,0.4666666666666667,0.0738383602254471,false,,0.4624183006535947,NOT_AVAILABLE_PIT,NOT_AVAILABLE_PIT,UNIVERSE_ELIGIBLE_ONLY,CALENDAR_YEAR_2019
SUZB3-0250,SUZB3,2019-07-31,2020-06-30,52W_HIGH,EARLY_HIT,DETECTED,58,0.9666666666666667,0.5712973171628077,false,0.5060180541624875,0.3703099510603589,NOT_AVAILABLE_PIT,NOT_AVAILABLE_PIT,UNIVERSE_ELIGIBLE_ONLY,CALENDAR_YEAR_2019
SUZB3-0250,SUZB3,2019-07-31,2020-06-30,LOW_VOL_252,MISS,RANK_TOO_LOW,53,0.8833333333333333,0.027492346134668708,false,0.6088264794383148,0.3703099510603589,NOT_AVAILABLE_PIT,NOT_AVAILABLE_PIT,UNIVERSE_ELIGIBLE_ONLY,CALENDAR_YEAR_2019
SUZB3-0250,SUZB3,2019-07-31,2020-06-30,MOMENTUM_12_1,MISS,RANK_TOO_LOW,58,0.9666666666666667,-0.21785714285714286,false,0.6088264794383148,0.3703099510603589,NOT_AVAILABLE_PIT,NOT_AVAILABLE_PIT,UNIVERSE_ELIGIBLE_ONLY,CALENDAR_YEAR_2019
SUZB3-0250,SUZB3,2019-07-31,2020-06-30,MOMENTUM_6_1,EARLY_HIT,DETECTED,59,0.9833333333333333,-0.3149113660062566,false,0.5060180541624875,0.3703099510603589,NOT_AVAILABLE_PIT,NOT_AVAILABLE_PIT,UNIVERSE_ELIGIBLE_ONLY,CALENDAR_YEAR_2019
SUZB3-0250,SUZB3,2019-07-31,2020-06-30,MOMENTUM_LOW_VOL,MISS,NO_SIGNAL,,,,false,0.6088264794383148,0.3703099510603589,NOT_AVAILABLE_PIT,NOT_AVAILABLE_PIT,UNIVERSE_ELIGIBLE_ONLY,CALENDAR_YEAR_2019
SUZB3-0250,SUZB3,2019-07-31,2020-06-30,REVERSAL_21,EARLY_HIT,DETECTED,5,0.08333333333333333,-0.05357686453576871,true,1.0,0.3703099510603589,NOT_AVAILABLE_PIT,NOT_AVAILABLE_PIT,UNIVERSE_ELIGIBLE_ONLY,CALENDAR_YEAR_2019
SUZB3-0250,SUZB3,2019-07-31,2020-06-30,VOLUME_SURGE,EARLY_HIT,DETECTED,34,0.5666666666666667,0.036852241259371255,false,0.6088264794383148,0.3703099510603589,NOT_AVAILABLE_PIT,NOT_AVAILABLE_PIT,UNIVERSE_ELIGIBLE_ONLY,CALENDAR_YEAR_2019
SUZB3-0251,SUZB3,2023-03-31,2023-04-28,52W_HIGH,MISS,RANK_TOO_LOW,28,0.4666666666666667,0.7346416382252559,false,,0.5114646700982683,NOT_AVAILABLE_PIT,NOT_AVAILABLE_PIT,UNIVERSE_ELIGIBLE_ONLY,CALENDAR_YEAR_2023
SUZB3-0251,SUZB3,2023-03-31,2023-04-28,LOW_VOL_252,MISS,RANK_TOO_LOW,14,0.23333333333333334,0.018903454190417782,false,,0.5114646700982683,NOT_AVAILABLE_PIT,NOT_AVAILABLE_PIT,UNIVERSE_ELIGIBLE_ONLY,CALENDAR_YEAR_2023
SUZB3-0251,SUZB3,2023-03-31,2023-04-28,MOMENTUM_12_1,MISS,RANK_TOO_LOW,25,0.4166666666666667,-0.17513227513227514,false,,0.5114646700982683,NOT_AVAILABLE_PIT,NOT_AVAILABLE_PIT,UNIVERSE_ELIGIBLE_ONLY,CALENDAR_YEAR_2023
SUZB3-0251,SUZB3,2023-03-31,2023-04-28,MOMENTUM_6_1,EARLY_HIT,DETECTED,12,0.2,0.07939072236325884,true,1.0,0.5114646700982683,NOT_AVAILABLE_PIT,NOT_AVAILABLE_PIT,UNIVERSE_ELIGIBLE_ONLY,CALENDAR_YEAR_2023
SUZB3-0251,SUZB3,2023-03-31,2023-04-28,MOMENTUM_LOW_VOL,NOT_SCORABLE_BY_DETECTOR,INSUFFICIENT_HISTORY,,,,false,,0.5114646700982683,NOT_AVAILABLE_PIT,NOT_AVAILABLE_PIT,UNIVERSE_ELIGIBLE_ONLY,CALENDAR_YEAR_2023
SUZB3-0251,SUZB3,2023-03-31,2023-04-28,REVERSAL_21,EARLY_HIT,DETECTED,10,0.16666666666666666,-0.07953816549069925,true,1.0,0.5114646700982683,NOT_AVAILABLE_PIT,NOT_AVAILABLE_PIT,UNIVERSE_ELIGIBLE_ONLY,CALENDAR_YEAR_2023
SUZB3-0251,SUZB3,2023-03-31,2023-04-28,VOLUME_SURGE,MISS,RANK_TOO_LOW,54,0.9,-0.29319084746522306,false,,0.5114646700982683,NOT_AVAILABLE_PIT,NOT_AVAILABLE_PIT,UNIVERSE_ELIGIBLE_ONLY,CALENDAR_YEAR_2023
TAEE11-0252,TAEE11,2018-05-30,2018-09-28,52W_HIGH,MISS,RANK_TOO_LOW,36,0.6,0.7665562913907285,false,1.1409495548961424,0.3405760485093483,NOT_AVAILABLE_PIT,NOT_AVAILABLE_PIT,UNIVERSE_ELIGIBLE_ONLY,CALENDAR_YEAR_2018
TAEE11-0252,TAEE11,2018-05-30,2018-09-28,LOW_VOL_252,EARLY_HIT,DETECTED,8,0.13333333333333333,0.014413874335248496,true,1.0,0.3405760485093483,NOT_AVAILABLE_PIT,NOT_AVAILABLE_PIT,UNIVERSE_ELIGIBLE_ONLY,CALENDAR_YEAR_2018
TAEE11-0252,TAEE11,2018-05-30,2018-09-28,MOMENTUM_12_1,MISS,RANK_TOO_LOW,55,0.9166666666666666,-0.06986899563318771,false,1.1409495548961424,0.3405760485093483,NOT_AVAILABLE_PIT,NOT_AVAILABLE_PIT,UNIVERSE_ELIGIBLE_ONLY,CALENDAR_YEAR_2018
TAEE11-0252,TAEE11,2018-05-30,2018-09-28,MOMENTUM_6_1,MISS,RANK_TOO_LOW,40,0.6666666666666666,0.0314769975786926,false,1.1409495548961424,0.3405760485093483,NOT_AVAILABLE_PIT,NOT_AVAILABLE_PIT,UNIVERSE_ELIGIBLE_ONLY,CALENDAR_YEAR_2018
TAEE11-0252,TAEE11,2018-05-30,2018-09-28,MOMENTUM_LOW_VOL,NOT_SCORABLE_BY_DETECTOR,INSUFFICIENT_HISTORY,,,,false,1.1409495548961424,0.3405760485093483,NOT_AVAILABLE_PIT,NOT_AVAILABLE_PIT,UNIVERSE_ELIGIBLE_ONLY,CALENDAR_YEAR_2018
TAEE11-0252,TAEE11,2018-05-30,2018-09-28,REVERSAL_21,MISS,RANK_TOO_LOW,30,0.5,-0.13051643192488271,false,1.1409495548961424,0.3405760485093483,NOT_AVAILABLE_PIT,NOT_AVAILABLE_PIT,UNIVERSE_ELIGIBLE_ONLY,CALENDAR_YEAR_2018
TAEE11-0252,TAEE11,2018-05-30,2018-09-28,VOLUME_SURGE,EARLY_HIT,DETECTED,40,0.6666666666666666,0.14185669254282152,false,1.1409495548961424,0.3405760485093483,NOT_AVAILABLE_PIT,NOT_AVAILABLE_PIT,UNIVERSE_ELIGIBLE_ONLY,CALENDAR_YEAR_2018
TAEE11-0253,TAEE11,2020-03-31,2020-05-29,52W_HIGH,EARLY_HIT,DETECTED,4,0.06666666666666667,0.7845389630549519,true,1.0,0.4911452184179457,NOT_AVAILABLE_PIT,NOT_AVAILABLE_PIT,UNIVERSE_ELIGIBLE_ONLY,CALENDAR_YEAR_2020
TAEE11-0253,TAEE11,2020-03-31,2020-05-29,LOW_VOL_252,EARLY_HIT,DETECTED,1,0.016666666666666666,0.015150327523365219,true,1.0,0.4911452184179457,NOT_AVAILABLE_PIT,NOT_AVAILABLE_PIT,UNIVERSE_ELIGIBLE_ONLY,CALENDAR_YEAR_2020
TAEE11-0253,TAEE11,2020-03-31,2020-05-29,MOMENTUM_12_1,MISS,RANK_TOO_LOW,30,0.5,0.21515397082658017,false,1.0,0.4911452184179457,NOT_AVAILABLE_PIT,NOT_AVAILABLE_PIT,UNIVERSE_ELIGIBLE_ONLY,CALENDAR_YEAR_2020
TAEE11-0253,TAEE11,2020-03-31,2020-05-29,MOMENTUM_6_1,EARLY_HIT,DETECTED,37,0.6166666666666667,0.046771378708551525,false,0.7519600855310049,0.4911452184179457,NOT_AVAILABLE_PIT,NOT_AVAILABLE_PIT,UNIVERSE_ELIGIBLE_ONLY,CALENDAR_YEAR_2020
TAEE11-0253,TAEE11,2020-03-31,2020-05-29,MOMENTUM_LOW_VOL,EARLY_HIT,DETECTED,,,,false,0.7519600855310049,0.4911452184179457,NOT_AVAILABLE_PIT,NOT_AVAILABLE_PIT,UNIVERSE_ELIGIBLE_ONLY,CALENDAR_YEAR_2020
TAEE11-0253,TAEE11,2020-03-31,2020-05-29,REVERSAL_21,MISS,RANK_TOO_LOW,51,0.85,-0.15738579526508834,false,1.0,0.4911452184179457,NOT_AVAILABLE_PIT,NOT_AVAILABLE_PIT,UNIVERSE_ELIGIBLE_ONLY,CALENDAR_YEAR_2020
TAEE11-0253,TAEE11,2020-03-31,2020-05-29,VOLUME_SURGE,EARLY_HIT,DETECTED,6,0.1,1.399246598301037,true,1.0,0.4911452184179457,NOT_AVAILABLE_PIT,NOT_AVAILABLE_PIT,UNIVERSE_ELIGIBLE_ONLY,CALENDAR_YEAR_2020
TAEE11-0254,TAEE11,2020-07-31,2020-08-31,52W_HIGH,MISS,RANK_TOO_LOW,16,0.26666666666666666,0.9065507606333436,false,,0.369284467713787,NOT_AVAILABLE_PIT,NOT_AVAILABLE_PIT,UNIVERSE_ELIGIBLE_ONLY,CALENDAR_YEAR_2020
TAEE11-0254,TAEE11,2020-07-31,2020-08-31,LOW_VOL_252,EARLY_HIT,DETECTED,1,0.016666666666666666,0.01558582620439249,true,1.0,0.369284467713787,NOT_AVAILABLE_PIT,NOT_AVAILABLE_PIT,UNIVERSE_ELIGIBLE_ONLY,CALENDAR_YEAR_2020
TAEE11-0254,TAEE11,2020-07-31,2020-08-31,MOMENTUM_12_1,MISS,RANK_TOO_LOW,32,0.5333333333333333,0.021879483500717445,false,,0.369284467713787,NOT_AVAILABLE_PIT,NOT_AVAILABLE_PIT,UNIVERSE_ELIGIBLE_ONLY,CALENDAR_YEAR_2020
TAEE11-0254,TAEE11,2020-07-31,2020-08-31,MOMENTUM_6_1,MISS,RANK_TOO_LOW,22,0.36666666666666664,-0.10913070669168234,false,,0.369284467713787,NOT_AVAILABLE_PIT,NOT_AVAILABLE_PIT,UNIVERSE_ELIGIBLE_ONLY,CALENDAR_YEAR_2020
TAEE11-0254,TAEE11,2020-07-31,2020-08-31,MOMENTUM_LOW_VOL,NOT_SCORABLE_BY_DETECTOR,INSUFFICIENT_HISTORY,,,,false,,0.369284467713787,NOT_AVAILABLE_PIT,NOT_AVAILABLE_PIT,UNIVERSE_ELIGIBLE_ONLY,CALENDAR_YEAR_2020
TAEE11-0254,TAEE11,2020-07-31,2020-08-31,REVERSAL_21,MISS,RANK_TOO_LOW,18,0.3,0.024921024921024992,false,,0.369284467713787,NOT_AVAILABLE_PIT,NOT_AVAILABLE_PIT,UNIVERSE_ELIGIBLE_ONLY,CALENDAR_YEAR_2020
TAEE11-0254,TAEE11,2020-07-31,2020-08-31,VOLUME_SURGE,MISS,RANK_TOO_LOW,32,0.5333333333333333,0.031058091456107828,false,,0.369284467713787,NOT_AVAILABLE_PIT,NOT_AVAILABLE_PIT,UNIVERSE_ELIGIBLE_ONLY,CALENDAR_YEAR_2020
TAEE11-0255,TAEE11,2020-10-30,2020-10-30,52W_HIGH,MISS,RANK_TOO_LOW,13,0.21666666666666667,0.8814032909034462,false,,0.32790944464096206,NOT_AVAILABLE_PIT,NOT_AVAILABLE_PIT,UNIVERSE_ELIGIBLE_ONLY,CALENDAR_YEAR_2020
TAEE11-0255,TAEE11,2020-10-30,2020-10-30,LOW_VOL_252,EARLY_HIT,DETECTED,1,0.016666666666666666,0.015020355831987287,true,1.0,0.32790944464096206,NOT_AVAILABLE_PIT,NOT_AVAILABLE_PIT,UNIVERSE_ELIGIBLE_ONLY,CALENDAR_YEAR_2020
TAEE11-0255,TAEE11,2020-10-30,2020-10-30,MOMENTUM_12_1,MISS,RANK_TOO_LOW,24,0.4,-0.003558718861210064,false,,0.32790944464096206,NOT_AVAILABLE_PIT,NOT_AVAILABLE_PIT,UNIVERSE_ELIGIBLE_ONLY,CALENDAR_YEAR_2020
TAEE11-0255,TAEE11,2020-10-30,2020-10-30,MOMENTUM_6_1,MISS,RANK_TOO_LOW,36,0.6,0.018181818181818077,false,,0.32790944464096206,NOT_AVAILABLE_PIT,NOT_AVAILABLE_PIT,UNIVERSE_ELIGIBLE_ONLY,CALENDAR_YEAR_2020
TAEE11-0255,TAEE11,2020-10-30,2020-10-30,MOMENTUM_LOW_VOL,EARLY_HIT,DETECTED,1,0.041666666666666664,-0.015020355831987287,true,1.0,0.32790944464096206,NOT_AVAILABLE_PIT,NOT_AVAILABLE_PIT,UNIVERSE_ELIGIBLE_ONLY,CALENDAR_YEAR_2020
TAEE11-0255,TAEE11,2020-10-30,2020-10-30,REVERSAL_21,MISS,RANK_TOO_LOW,30,0.5,0.013928571428571512,false,,0.32790944464096206,NOT_AVAILABLE_PIT,NOT_AVAILABLE_PIT,UNIVERSE_ELIGIBLE_ONLY,CALENDAR_YEAR_2020
TAEE11-0255,TAEE11,2020-10-30,2020-10-30,VOLUME_SURGE,MISS,RANK_TOO_LOW,16,0.26666666666666666,0.0725803209434257,false,,0.32790944464096206,NOT_AVAILABLE_PIT,NOT_AVAILABLE_PIT,UNIVERSE_ELIGIBLE_ONLY,CALENDAR_YEAR_2020
TAEE11-0256,TAEE11,2021-02-26,2021-02-26,52W_HIGH,EARLY_HIT,DETECTED,5,0.08333333333333333,0.9072438162544169,true,1.0,0.306061609804571,NOT_AVAILABLE_PIT,NOT_AVAILABLE_PIT,UNIVERSE_ELIGIBLE_ONLY,CALENDAR_YEAR_2021
TAEE11-0256,TAEE11,2021-02-26,2021-02-26,LOW_VOL_252,EARLY_HIT,DETECTED,1,0.016666666666666666,0.016115646792498037,true,1.0,0.306061609804571,NOT_AVAILABLE_PIT,NOT_AVAILABLE_PIT,UNIVERSE_ELIGIBLE_ONLY,CALENDAR_YEAR_2021
TAEE11-0256,TAEE11,2021-02-26,2021-02-26,MOMENTUM_12_1,MISS,RANK_TOO_LOW,17,0.2833333333333333,0.037675606641123904,false,,0.306061609804571,NOT_AVAILABLE_PIT,NOT_AVAILABLE_PIT,UNIVERSE_ELIGIBLE_ONLY,CALENDAR_YEAR_2021
TAEE11-0256,TAEE11,2021-02-26,2021-02-26,MOMENTUM_6_1,MISS,RANK_TOO_LOW,19,0.31666666666666665,0.14155251141552516,false,,0.306061609804571,NOT_AVAILABLE_PIT,NOT_AVAILABLE_PIT,UNIVERSE_ELIGIBLE_ONLY,CALENDAR_YEAR_2021
TAEE11-0256,TAEE11,2021-02-26,2021-02-26,MOMENTUM_LOW_VOL,EARLY_HIT,DETECTED,1,0.041666666666666664,-0.016115646792498037,true,1.0,0.306061609804571,NOT_AVAILABLE_PIT,NOT_AVAILABLE_PIT,UNIVERSE_ELIGIBLE_ONLY,CALENDAR_YEAR_2021
TAEE11-0256,TAEE11,2021-02-26,2021-02-26,REVERSAL_21,MISS,RANK_TOO_LOW,33,0.55,-0.052000000000000046,false,,0.306061609804571,NOT_AVAILABLE_PIT,NOT_AVAILABLE_PIT,UNIVERSE_ELIGIBLE_ONLY,CALENDAR_YEAR_2021
TAEE11-0256,TAEE11,2021-02-26,2021-02-26,VOLUME_SURGE,MISS,RANK_TOO_LOW,54,0.9,-0.19866895617382285,false,,0.306061609804571,NOT_AVAILABLE_PIT,NOT_AVAILABLE_PIT,UNIVERSE_ELIGIBLE_ONLY,CALENDAR_YEAR_2021
TIMP3-0257,TIMP3,2017-01-31,2017-06-30,52W_HIGH,EARLY_HIT,DETECTED,6,0.1,0.9790055248618783,true,1.0,0.5168918918918919,NOT_AVAILABLE_PIT,NOT_AVAILABLE_PIT,UNIVERSE_ELIGIBLE_ONLY,CALENDAR_YEAR_2017
TIMP3-0257,TIMP3,2017-01-31,2017-06-30,LOW_VOL_252,EARLY_HIT,DETECTED,23,0.38333333333333336,0.02224275975253285,false,0.8203463203463203,0.5168918918918919,NOT_AVAILABLE_PIT,NOT_AVAILABLE_PIT,UNIVERSE_ELIGIBLE_ONLY,CALENDAR_YEAR_2017
TIMP3-0257,TIMP3,2017-01-31,2017-06-30,MOMENTUM_12_1,MISS,RANK_TOO_LOW,44,0.7333333333333333,0.2282091917591127,false,0.7965367965367967,0.5168918918918919,NOT_AVAILABLE_PIT,NOT_AVAILABLE_PIT,UNIVERSE_ELIGIBLE_ONLY,CALENDAR_YEAR_2017
TIMP3-0257,TIMP3,2017-01-31,2017-06-30,MOMENTUM_6_1,EARLY_HIT,DETECTED,39,0.65,-0.07517899761336522,false,0.7748917748917751,0.5168918918918919,NOT_AVAILABLE_PIT,NOT_AVAILABLE_PIT,UNIVERSE_ELIGIBLE_ONLY,CALENDAR_YEAR_2017
TIMP3-0257,TIMP3,2017-01-31,2017-06-30,MOMENTUM_LOW_VOL,EARLY_HIT,DETECTED,,,,false,0.670995670995671,0.5168918918918919,NOT_AVAILABLE_PIT,NOT_AVAILABLE_PIT,UNIVERSE_ELIGIBLE_ONLY,CALENDAR_YEAR_2017
TIMP3-0257,TIMP3,2017-01-31,2017-06-30,REVERSAL_21,MISS,RANK_TOO_LOW,51,0.85,0.14322580645161276,false,0.7965367965367967,0.5168918918918919,NOT_AVAILABLE_PIT,NOT_AVAILABLE_PIT,UNIVERSE_ELIGIBLE_ONLY,CALENDAR_YEAR_2017
TIMP3-0257,TIMP3,2017-01-31,2017-06-30,VOLUME_SURGE,EARLY_HIT,DETECTED,20,0.3333333333333333,0.10422016954757485,false,0.7965367965367967,0.5168918918918919,NOT_AVAILABLE_PIT,NOT_AVAILABLE_PIT,UNIVERSE_ELIGIBLE_ONLY,CALENDAR_YEAR_2017
TIMP3-0258,TIMP3,2019-01-31,2019-02-28,52W_HIGH,BOUNDARY_UNCERTAIN_EXCLUDED,OUTCOME_UNCERTAINTY,47,0.7833333333333333,0.7542319749216301,false,,0.3304209690230342,NOT_AVAILABLE_PIT,NOT_AVAILABLE_PIT,UNIVERSE_ELIGIBLE_ONLY,CALENDAR_YEAR_2019
TIMP3-0258,TIMP3,2019-01-31,2019-02-28,LOW_VOL_252,BOUNDARY_UNCERTAIN_EXCLUDED,OUTCOME_UNCERTAINTY,20,0.3333333333333333,0.020776680532677835,false,,0.3304209690230342,NOT_AVAILABLE_PIT,NOT_AVAILABLE_PIT,UNIVERSE_ELIGIBLE_ONLY,CALENDAR_YEAR_2019
TIMP3-0258,TIMP3,2019-01-31,2019-02-28,MOMENTUM_12_1,BOUNDARY_UNCERTAIN_EXCLUDED,OUTCOME_UNCERTAINTY,40,0.6666666666666666,-0.09062499999999996,false,,0.3304209690230342,NOT_AVAILABLE_PIT,NOT_AVAILABLE_PIT,UNIVERSE_ELIGIBLE_ONLY,CALENDAR_YEAR_2019
TIMP3-0258,TIMP3,2019-01-31,2019-02-28,MOMENTUM_6_1,BOUNDARY_UNCERTAIN_EXCLUDED,OUTCOME_UNCERTAINTY,44,0.7333333333333333,-0.09697439875872771,false,,0.3304209690230342,NOT_AVAILABLE_PIT,NOT_AVAILABLE_PIT,UNIVERSE_ELIGIBLE_ONLY,CALENDAR_YEAR_2019
TIMP3-0258,TIMP3,2019-01-31,2019-02-28,MOMENTUM_LOW_VOL,BOUNDARY_UNCERTAIN_EXCLUDED,OUTCOME_UNCERTAINTY,,,,false,,0.3304209690230342,NOT_AVAILABLE_PIT,NOT_AVAILABLE_PIT,UNIVERSE_ELIGIBLE_ONLY,CALENDAR_YEAR_2019
TIMP3-0258,TIMP3,2019-01-31,2019-02-28,REVERSAL_21,BOUNDARY_UNCERTAIN_EXCLUDED,OUTCOME_UNCERTAINTY,8,0.13333333333333333,0.03350515463917514,true,,0.3304209690230342,NOT_AVAILABLE_PIT,NOT_AVAILABLE_PIT,UNIVERSE_ELIGIBLE_ONLY,CALENDAR_YEAR_2019
TIMP3-0258,TIMP3,2019-01-31,2019-02-28,VOLUME_SURGE,BOUNDARY_UNCERTAIN_EXCLUDED,OUTCOME_UNCERTAINTY,56,0.9333333333333333,-0.04359981603391172,false,,0.3304209690230342,NOT_AVAILABLE_PIT,NOT_AVAILABLE_PIT,UNIVERSE_ELIGIBLE_ONLY,CALENDAR_YEAR_2019
TIMS3-0259,TIMS3,2022-11-30,2023-03-31,52W_HIGH,EARLY_HIT,DETECTED,7,0.11666666666666667,0.9085872576177285,true,1.0,0.3353846153846154,NOT_AVAILABLE_PIT,NOT_AVAILABLE_PIT,UNIVERSE_ELIGIBLE_ONLY,CALENDAR_YEAR_2022
TIMS3-0259,TIMS3,2022-11-30,2023-03-31,LOW_VOL_252,EARLY_HIT,DETECTED,5,0.08333333333333333,0.01525126126493489,true,1.0,0.3353846153846154,NOT_AVAILABLE_PIT,NOT_AVAILABLE_PIT,UNIVERSE_ELIGIBLE_ONLY,CALENDAR_YEAR_2022
TIMS3-0259,TIMS3,2022-11-30,2023-03-31,MOMENTUM_12_1,MISS,RANK_TOO_LOW,34,0.5666666666666667,-0.09500351864883894,false,1.1743119266055047,0.3353846153846154,NOT_AVAILABLE_PIT,NOT_AVAILABLE_PIT,UNIVERSE_ELIGIBLE_ONLY,CALENDAR_YEAR_2022
TIMS3-0259,TIMS3,2022-11-30,2023-03-31,MOMENTUM_6_1,MISS,RANK_TOO_LOW,38,0.6333333333333333,-0.09052333804809065,false,1.1743119266055047,0.3353846153846154,NOT_AVAILABLE_PIT,NOT_AVAILABLE_PIT,UNIVERSE_ELIGIBLE_ONLY,CALENDAR_YEAR_2022
TIMS3-0259,TIMS3,2022-11-30,2023-03-31,MOMENTUM_LOW_VOL,EARLY_HIT,DETECTED,,,,false,1.2339449541284404,0.3353846153846154,NOT_AVAILABLE_PIT,NOT_AVAILABLE_PIT,UNIVERSE_ELIGIBLE_ONLY,CALENDAR_YEAR_2022
TIMS3-0259,TIMS3,2022-11-30,2023-03-31,REVERSAL_21,EARLY_HIT,DETECTED,49,0.8166666666666667,0.020217729393467998,false,1.3302752293577982,0.3353846153846154,NOT_AVAILABLE_PIT,NOT_AVAILABLE_PIT,UNIVERSE_ELIGIBLE_ONLY,CALENDAR_YEAR_2022
TIMS3-0259,TIMS3,2022-11-30,2023-03-31,VOLUME_SURGE,EARLY_HIT,DETECTED,31,0.5166666666666667,0.20372449783866875,false,1.1743119266055047,0.3353846153846154,NOT_AVAILABLE_PIT,NOT_AVAILABLE_PIT,UNIVERSE_ELIGIBLE_ONLY,CALENDAR_YEAR_2022
TIMS3-0260,TIMS3,2024-06-28,2024-06-28,52W_HIGH,MISS,RANK_TOO_LOW,24,0.4,0.8432717678100264,false,,0.3781931464174455,NOT_AVAILABLE_PIT,NOT_AVAILABLE_PIT,UNIVERSE_ELIGIBLE_ONLY,CALENDAR_YEAR_2024
TIMS3-0260,TIMS3,2024-06-28,2024-06-28,LOW_VOL_252,EARLY_HIT,DETECTED,12,0.2,0.01409832189982868,true,1.0,0.3781931464174455,NOT_AVAILABLE_PIT,NOT_AVAILABLE_PIT,UNIVERSE_ELIGIBLE_ONLY,CALENDAR_YEAR_2024
TIMS3-0260,TIMS3,2024-06-28,2024-06-28,MOMENTUM_12_1,MISS,RANK_TOO_LOW,16,0.26666666666666666,0.12938747419132834,false,,0.3781931464174455,NOT_AVAILABLE_PIT,NOT_AVAILABLE_PIT,UNIVERSE_ELIGIBLE_ONLY,CALENDAR_YEAR_2024
TIMS3-0260,TIMS3,2024-06-28,2024-06-28,MOMENTUM_6_1,MISS,RANK_TOO_LOW,28,0.4666666666666667,-0.082727780883175,false,,0.3781931464174455,NOT_AVAILABLE_PIT,NOT_AVAILABLE_PIT,UNIVERSE_ELIGIBLE_ONLY,CALENDAR_YEAR_2024
TIMS3-0260,TIMS3,2024-06-28,2024-06-28,MOMENTUM_LOW_VOL,EARLY_HIT,DETECTED,4,0.16666666666666666,-0.01409832189982868,true,1.0,0.3781931464174455,NOT_AVAILABLE_PIT,NOT_AVAILABLE_PIT,UNIVERSE_ELIGIBLE_ONLY,CALENDAR_YEAR_2024
TIMS3-0260,TIMS3,2024-06-28,2024-06-28,REVERSAL_21,MISS,RANK_TOO_LOW,18,0.3,-0.026203534430225495,false,,0.3781931464174455,NOT_AVAILABLE_PIT,NOT_AVAILABLE_PIT,UNIVERSE_ELIGIBLE_ONLY,CALENDAR_YEAR_2024
TIMS3-0260,TIMS3,2024-06-28,2024-06-28,VOLUME_SURGE,MISS,RANK_TOO_LOW,22,0.36666666666666664,-0.045758137695517065,false,,0.3781931464174455,NOT_AVAILABLE_PIT,NOT_AVAILABLE_PIT,UNIVERSE_ELIGIBLE_ONLY,CALENDAR_YEAR_2024
TIMS3-0261,TIMS3,2024-10-31,2025-04-30,52W_HIGH,EARLY_HIT,DETECTED,19,0.31666666666666665,0.8775725593667546,false,1.0233100233100232,0.47033898305084754,NOT_AVAILABLE_PIT,NOT_AVAILABLE_PIT,UNIVERSE_ELIGIBLE_ONLY,CALENDAR_YEAR_2024
TIMS3-0261,TIMS3,2024-10-31,2025-04-30,LOW_VOL_252,MISS,RANK_TOO_LOW,20,0.3333333333333333,0.015390323093291943,false,,0.47033898305084754,NOT_AVAILABLE_PIT,NOT_AVAILABLE_PIT,UNIVERSE_ELIGIBLE_ONLY,CALENDAR_YEAR_2024
TIMS3-0261,TIMS3,2024-10-31,2025-04-30,MOMENTUM_12_1,MISS,RANK_TOO_LOW,19,0.31666666666666665,0.24331550802139046,false,,0.47033898305084754,NOT_AVAILABLE_PIT,NOT_AVAILABLE_PIT,UNIVERSE_ELIGIBLE_ONLY,CALENDAR_YEAR_2024
TIMS3-0261,TIMS3,2024-10-31,2025-04-30,MOMENTUM_6_1,MISS,RANK_TOO_LOW,27,0.45,0.0026954177897573484,false,,0.47033898305084754,NOT_AVAILABLE_PIT,NOT_AVAILABLE_PIT,UNIVERSE_ELIGIBLE_ONLY,CALENDAR_YEAR_2024
TIMS3-0261,TIMS3,2024-10-31,2025-04-30,MOMENTUM_LOW_VOL,MISS,RANK_TOO_LOW,6,0.25,-0.015390323093291943,false,,0.47033898305084754,NOT_AVAILABLE_PIT,NOT_AVAILABLE_PIT,UNIVERSE_ELIGIBLE_ONLY,CALENDAR_YEAR_2024
TIMS3-0261,TIMS3,2024-10-31,2025-04-30,REVERSAL_21,EARLY_HIT,DETECTED,6,0.1,-0.1059139784946238,true,1.0,0.47033898305084754,NOT_AVAILABLE_PIT,NOT_AVAILABLE_PIT,UNIVERSE_ELIGIBLE_ONLY,CALENDAR_YEAR_2024
TIMS3-0261,TIMS3,2024-10-31,2025-04-30,VOLUME_SURGE,MISS,RANK_TOO_LOW,23,0.38333333333333336,-0.015193666936877182,false,,0.47033898305084754,NOT_AVAILABLE_PIT,NOT_AVAILABLE_PIT,UNIVERSE_ELIGIBLE_ONLY,CALENDAR_YEAR_2024
TOTS3-0262,TOTS3,2020-04-30,2020-04-30,52W_HIGH,MISS,RANK_TOO_LOW,31,0.5166666666666667,0.7023411371237458,false,,0.6190000000000002,NOT_AVAILABLE_PIT,NOT_AVAILABLE_PIT,UNIVERSE_ELIGIBLE_ONLY,CALENDAR_YEAR_2020
TOTS3-0262,TOTS3,2020-04-30,2020-04-30,LOW_VOL_252,MISS,RANK_TOO_LOW,34,0.5666666666666667,0.03485958299026275,false,,0.6190000000000002,NOT_AVAILABLE_PIT,NOT_AVAILABLE_PIT,UNIVERSE_ELIGIBLE_ONLY,CALENDAR_YEAR_2020
TOTS3-0262,TOTS3,2020-04-30,2020-04-30,MOMENTUM_12_1,MISS,RANK_TOO_LOW,20,0.3333333333333333,0.05370370370370381,false,,0.6190000000000002,NOT_AVAILABLE_PIT,NOT_AVAILABLE_PIT,UNIVERSE_ELIGIBLE_ONLY,CALENDAR_YEAR_2020
TOTS3-0262,TOTS3,2020-04-30,2020-04-30,MOMENTUM_6_1,MISS,RANK_TOO_LOW,26,0.43333333333333335,-0.20433490648488017,false,,0.6190000000000002,NOT_AVAILABLE_PIT,NOT_AVAILABLE_PIT,UNIVERSE_ELIGIBLE_ONLY,CALENDAR_YEAR_2020
TOTS3-0262,TOTS3,2020-04-30,2020-04-30,MOMENTUM_LOW_VOL,MISS,RANK_TOO_LOW,14,0.5833333333333334,-0.03485958299026275,false,,0.6190000000000002,NOT_AVAILABLE_PIT,NOT_AVAILABLE_PIT,UNIVERSE_ELIGIBLE_ONLY,CALENDAR_YEAR_2020
TOTS3-0262,TOTS3,2020-04-30,2020-04-30,REVERSAL_21,MISS,RANK_TOO_LOW,52,0.8666666666666667,0.29173989455184524,false,,0.6190000000000002,NOT_AVAILABLE_PIT,NOT_AVAILABLE_PIT,UNIVERSE_ELIGIBLE_ONLY,CALENDAR_YEAR_2020
TOTS3-0262,TOTS3,2020-04-30,2020-04-30,VOLUME_SURGE,MISS,RANK_TOO_LOW,23,0.38333333333333336,0.27134814561749554,false,,0.6190000000000002,NOT_AVAILABLE_PIT,NOT_AVAILABLE_PIT,UNIVERSE_ELIGIBLE_ONLY,CALENDAR_YEAR_2020
VALE3-0263,VALE3,2017-11-30,2017-11-30,52W_HIGH,EARLY_HIT,DETECTED,6,0.1,0.9799615701345046,true,1.0,0.4881623449830892,NOT_AVAILABLE_PIT,NOT_AVAILABLE_PIT,UNIVERSE_ELIGIBLE_ONLY,CALENDAR_YEAR_2017
VALE3-0263,VALE3,2017-11-30,2017-11-30,LOW_VOL_252,MISS,RANK_TOO_LOW,51,0.85,0.026057324905239664,false,1.0,0.4881623449830892,NOT_AVAILABLE_PIT,NOT_AVAILABLE_PIT,UNIVERSE_ELIGIBLE_ONLY,CALENDAR_YEAR_2017
VALE3-0263,VALE3,2017-11-30,2017-11-30,MOMENTUM_12_1,MISS,RANK_TOO_LOW,37,0.6166666666666667,0.15974440894568698,false,1.0,0.4881623449830892,NOT_AVAILABLE_PIT,NOT_AVAILABLE_PIT,UNIVERSE_ELIGIBLE_ONLY,CALENDAR_YEAR_2017
VALE3-0263,VALE3,2017-11-30,2017-11-30,MOMENTUM_6_1,MISS,RANK_TOO_LOW,30,0.5,0.16429080541696384,false,1.0,0.4881623449830892,NOT_AVAILABLE_PIT,NOT_AVAILABLE_PIT,UNIVERSE_ELIGIBLE_ONLY,CALENDAR_YEAR_2017
VALE3-0263,VALE3,2017-11-30,2017-11-30,MOMENTUM_LOW_VOL,NOT_SCORABLE_BY_DETECTOR,INSUFFICIENT_HISTORY,,,,false,1.0,0.4881623449830892,NOT_AVAILABLE_PIT,NOT_AVAILABLE_PIT,UNIVERSE_ELIGIBLE_ONLY,CALENDAR_YEAR_2017
VALE3-0263,VALE3,2017-11-30,2017-11-30,REVERSAL_21,MISS,RANK_TOO_LOW,57,0.95,0.09274563820018367,false,1.0,0.4881623449830892,NOT_AVAILABLE_PIT,NOT_AVAILABLE_PIT,UNIVERSE_ELIGIBLE_ONLY,CALENDAR_YEAR_2017
VALE3-0263,VALE3,2017-11-30,2017-11-30,VOLUME_SURGE,EARLY_HIT,DETECTED,2,0.03333333333333333,1.1069262529633854,true,1.0,0.4881623449830892,NOT_AVAILABLE_PIT,NOT_AVAILABLE_PIT,UNIVERSE_ELIGIBLE_ONLY,CALENDAR_YEAR_2017
VALE3-0264,VALE3,2019-08-30,2019-08-30,52W_HIGH,MISS,RANK_TOO_LOW,54,0.9,0.72508038585209,false,,0.3327537491849599,NOT_AVAILABLE_PIT,NOT_AVAILABLE_PIT,UNIVERSE_ELIGIBLE_ONLY,CALENDAR_YEAR_2019
VALE3-0264,VALE3,2019-08-30,2019-08-30,LOW_VOL_252,MISS,RANK_TOO_LOW,50,0.8333333333333334,0.026101509741824527,false,,0.3327537491849599,NOT_AVAILABLE_PIT,NOT_AVAILABLE_PIT,UNIVERSE_ELIGIBLE_ONLY,CALENDAR_YEAR_2019
VALE3-0264,VALE3,2019-08-30,2019-08-30,MOMENTUM_12_1,MISS,RANK_TOO_LOW,54,0.9,-0.03168740279937787,false,,0.3327537491849599,NOT_AVAILABLE_PIT,NOT_AVAILABLE_PIT,UNIVERSE_ELIGIBLE_ONLY,CALENDAR_YEAR_2019
VALE3-0264,VALE3,2019-08-30,2019-08-30,MOMENTUM_6_1,MISS,RANK_TOO_LOW,39,0.65,0.05529661016949161,false,,0.3327537491849599,NOT_AVAILABLE_PIT,NOT_AVAILABLE_PIT,UNIVERSE_ELIGIBLE_ONLY,CALENDAR_YEAR_2019
VALE3-0264,VALE3,2019-08-30,2019-08-30,MOMENTUM_LOW_VOL,NOT_SCORABLE_BY_DETECTOR,INSUFFICIENT_HISTORY,,,,false,,0.3327537491849599,NOT_AVAILABLE_PIT,NOT_AVAILABLE_PIT,UNIVERSE_ELIGIBLE_ONLY,CALENDAR_YEAR_2019
VALE3-0264,VALE3,2019-08-30,2019-08-30,REVERSAL_21,EARLY_HIT,DETECTED,5,0.08333333333333333,-0.09455932543665935,true,1.0,0.3327537491849599,NOT_AVAILABLE_PIT,NOT_AVAILABLE_PIT,UNIVERSE_ELIGIBLE_ONLY,CALENDAR_YEAR_2019
VALE3-0264,VALE3,2019-08-30,2019-08-30,VOLUME_SURGE,MISS,RANK_TOO_LOW,47,0.7833333333333333,-0.020396274193534403,false,,0.3327537491849599,NOT_AVAILABLE_PIT,NOT_AVAILABLE_PIT,UNIVERSE_ELIGIBLE_ONLY,CALENDAR_YEAR_2019
VALE3-0265,VALE3,2019-11-29,2020-08-31,52W_HIGH,EARLY_HIT,DETECTED,42,0.7,0.8970614425645592,false,1.2664660648612507,0.5551227113361901,NOT_AVAILABLE_PIT,NOT_AVAILABLE_PIT,UNIVERSE_ELIGIBLE_ONLY,CALENDAR_YEAR_2019
VALE3-0265,VALE3,2019-11-29,2020-08-31,LOW_VOL_252,MISS,RANK_TOO_LOW,52,0.8666666666666667,0.02534545412739664,false,0.6516215312604482,0.5551227113361901,NOT_AVAILABLE_PIT,NOT_AVAILABLE_PIT,UNIVERSE_ELIGIBLE_ONLY,CALENDAR_YEAR_2019
VALE3-0265,VALE3,2019-11-29,2020-08-31,MOMENTUM_12_1,MISS,RANK_TOO_LOW,53,0.8833333333333333,-0.09881569207994068,false,0.6516215312604482,0.5551227113361901,NOT_AVAILABLE_PIT,NOT_AVAILABLE_PIT,UNIVERSE_ELIGIBLE_ONLY,CALENDAR_YEAR_2019
VALE3-0265,VALE3,2019-11-29,2020-08-31,MOMENTUM_6_1,EARLY_HIT,DETECTED,50,0.8333333333333334,-0.026194761047790394,false,0.7017719826145103,0.5551227113361901,NOT_AVAILABLE_PIT,NOT_AVAILABLE_PIT,UNIVERSE_ELIGIBLE_ONLY,CALENDAR_YEAR_2019
VALE3-0265,VALE3,2019-11-29,2020-08-31,MOMENTUM_LOW_VOL,MISS,NO_SIGNAL,,,,false,0.6516215312604482,0.5551227113361901,NOT_AVAILABLE_PIT,NOT_AVAILABLE_PIT,UNIVERSE_ELIGIBLE_ONLY,CALENDAR_YEAR_2019
VALE3-0265,VALE3,2019-11-29,2020-08-31,REVERSAL_21,EARLY_HIT,DETECTED,35,0.5833333333333334,0.03429158110882935,false,0.9000334336342362,0.5551227113361901,NOT_AVAILABLE_PIT,NOT_AVAILABLE_PIT,UNIVERSE_ELIGIBLE_ONLY,CALENDAR_YEAR_2019
VALE3-0265,VALE3,2019-11-29,2020-08-31,VOLUME_SURGE,EARLY_HIT,DETECTED,49,0.8166666666666667,-0.125044046096354,false,0.6516215312604482,0.5551227113361901,NOT_AVAILABLE_PIT,NOT_AVAILABLE_PIT,UNIVERSE_ELIGIBLE_ONLY,CALENDAR_YEAR_2019
VALE3-0266,VALE3,2024-12-30,2025-07-31,52W_HIGH,MISS,RANK_TOO_LOW,31,0.5166666666666667,0.7072351421188631,false,1.0021197668256492,0.3341935483870966,NOT_AVAILABLE_PIT,NOT_AVAILABLE_PIT,UNIVERSE_ELIGIBLE_ONLY,CALENDAR_YEAR_2024
VALE3-0266,VALE3,2024-12-30,2025-07-31,LOW_VOL_252,MISS,RANK_TOO_LOW,15,0.25,0.014922782631702712,false,1.0021197668256492,0.3341935483870966,NOT_AVAILABLE_PIT,NOT_AVAILABLE_PIT,UNIVERSE_ELIGIBLE_ONLY,CALENDAR_YEAR_2024
VALE3-0266,VALE3,2024-12-30,2025-07-31,MOMENTUM_12_1,MISS,RANK_TOO_LOW,50,0.8333333333333334,-0.25084789981737543,false,1.0021197668256492,0.3341935483870966,NOT_AVAILABLE_PIT,NOT_AVAILABLE_PIT,UNIVERSE_ELIGIBLE_ONLY,CALENDAR_YEAR_2024
VALE3-0266,VALE3,2024-12-30,2025-07-31,MOMENTUM_6_1,MISS,RANK_TOO_LOW,52,0.8666666666666667,-0.07698489231758276,false,1.0021197668256492,0.3341935483870966,NOT_AVAILABLE_PIT,NOT_AVAILABLE_PIT,UNIVERSE_ELIGIBLE_ONLY,CALENDAR_YEAR_2024
VALE3-0266,VALE3,2024-12-30,2025-07-31,MOMENTUM_LOW_VOL,MISS,NO_SIGNAL,,,,false,1.0021197668256492,0.3341935483870966,NOT_AVAILABLE_PIT,NOT_AVAILABLE_PIT,UNIVERSE_ELIGIBLE_ONLY,CALENDAR_YEAR_2024
VALE3-0266,VALE3,2024-12-30,2025-07-31,REVERSAL_21,EARLY_HIT,DETECTED,50,0.8333333333333334,-0.046839630854953795,false,1.0768415474297828,0.3341935483870966,NOT_AVAILABLE_PIT,NOT_AVAILABLE_PIT,UNIVERSE_ELIGIBLE_ONLY,CALENDAR_YEAR_2024
VALE3-0266,VALE3,2024-12-30,2025-07-31,VOLUME_SURGE,EARLY_HIT,DETECTED,46,0.7666666666666667,-0.03708331588850433,false,1.0021197668256492,0.3341935483870966,NOT_AVAILABLE_PIT,NOT_AVAILABLE_PIT,UNIVERSE_ELIGIBLE_ONLY,CALENDAR_YEAR_2024
VBBR3-0267,VBBR3,2022-11-30,2023-04-28,52W_HIGH,MISS,RANK_TOO_LOW,41,0.6833333333333333,0.6666666666666666,false,,0.4916615194564544,NOT_AVAILABLE_PIT,NOT_AVAILABLE_PIT,UNIVERSE_ELIGIBLE_ONLY,CALENDAR_YEAR_2022
VBBR3-0267,VBBR3,2022-11-30,2023-04-28,LOW_VOL_252,MISS,RANK_TOO_LOW,24,0.4,0.023050697141590974,false,,0.4916615194564544,NOT_AVAILABLE_PIT,NOT_AVAILABLE_PIT,UNIVERSE_ELIGIBLE_ONLY,CALENDAR_YEAR_2022
VBBR3-0267,VBBR3,2022-11-30,2023-04-28,MOMENTUM_12_1,MISS,RANK_TOO_LOW,44,0.7333333333333333,-0.2101481814099686,false,,0.4916615194564544,NOT_AVAILABLE_PIT,NOT_AVAILABLE_PIT,UNIVERSE_ELIGIBLE_ONLY,CALENDAR_YEAR_2022
VBBR3-0267,VBBR3,2022-11-30,2023-04-28,MOMENTUM_6_1,MISS,RANK_TOO_LOW,43,0.7166666666666667,-0.1156359979889392,false,,0.4916615194564544,NOT_AVAILABLE_PIT,NOT_AVAILABLE_PIT,UNIVERSE_ELIGIBLE_ONLY,CALENDAR_YEAR_2022
VBBR3-0267,VBBR3,2022-11-30,2023-04-28,MOMENTUM_LOW_VOL,NOT_SCORABLE_BY_DETECTOR,INSUFFICIENT_HISTORY,,,,false,,0.4916615194564544,NOT_AVAILABLE_PIT,NOT_AVAILABLE_PIT,UNIVERSE_ELIGIBLE_ONLY,CALENDAR_YEAR_2022
VBBR3-0267,VBBR3,2022-11-30,2023-04-28,REVERSAL_21,MISS,RANK_TOO_LOW,32,0.5333333333333333,-0.0699260943718022,false,,0.4916615194564544,NOT_AVAILABLE_PIT,NOT_AVAILABLE_PIT,UNIVERSE_ELIGIBLE_ONLY,CALENDAR_YEAR_2022
VBBR3-0267,VBBR3,2022-11-30,2023-04-28,VOLUME_SURGE,MISS,RANK_TOO_LOW,42,0.7,0.033229128308803535,false,,0.4916615194564544,NOT_AVAILABLE_PIT,NOT_AVAILABLE_PIT,UNIVERSE_ELIGIBLE_ONLY,CALENDAR_YEAR_2022
VBBR3-0268,VBBR3,2023-07-31,2023-08-31,52W_HIGH,EARLY_HIT,DETECTED,33,0.55,0.8697435897435898,false,0.8029350104821801,0.3728018757327083,NOT_AVAILABLE_PIT,NOT_AVAILABLE_PIT,UNIVERSE_ELIGIBLE_ONLY,CALENDAR_YEAR_2023
VBBR3-0268,VBBR3,2023-07-31,2023-08-31,LOW_VOL_252,MISS,RANK_TOO_LOW,30,0.5,0.02467834700760609,false,,0.3728018757327083,NOT_AVAILABLE_PIT,NOT_AVAILABLE_PIT,UNIVERSE_ELIGIBLE_ONLY,CALENDAR_YEAR_2023
VBBR3-0268,VBBR3,2023-07-31,2023-08-31,MOMENTUM_12_1,MISS,RANK_TOO_LOW,28,0.4666666666666667,0.11317254174397018,false,,0.3728018757327083,NOT_AVAILABLE_PIT,NOT_AVAILABLE_PIT,UNIVERSE_ELIGIBLE_ONLY,CALENDAR_YEAR_2023
VBBR3-0268,VBBR3,2023-07-31,2023-08-31,MOMENTUM_6_1,MISS,RANK_TOO_LOW,25,0.4166666666666667,0.12570356472795496,false,,0.3728018757327083,NOT_AVAILABLE_PIT,NOT_AVAILABLE_PIT,UNIVERSE_ELIGIBLE_ONLY,CALENDAR_YEAR_2023
VBBR3-0268,VBBR3,2023-07-31,2023-08-31,MOMENTUM_LOW_VOL,NOT_SCORABLE_BY_DETECTOR,INSUFFICIENT_HISTORY,,,,false,,0.3728018757327083,NOT_AVAILABLE_PIT,NOT_AVAILABLE_PIT,UNIVERSE_ELIGIBLE_ONLY,CALENDAR_YEAR_2023
VBBR3-0268,VBBR3,2023-07-31,2023-08-31,REVERSAL_21,EARLY_HIT,DETECTED,7,0.11666666666666667,-0.057777777777777706,true,1.0,0.3728018757327083,NOT_AVAILABLE_PIT,NOT_AVAILABLE_PIT,UNIVERSE_ELIGIBLE_ONLY,CALENDAR_YEAR_2023
VBBR3-0268,VBBR3,2023-07-31,2023-08-31,VOLUME_SURGE,MISS,RANK_TOO_LOW,39,0.65,-0.22823625625392574,false,,0.3728018757327083,NOT_AVAILABLE_PIT,NOT_AVAILABLE_PIT,UNIVERSE_ELIGIBLE_ONLY,CALENDAR_YEAR_2023
VBBR3-0269,VBBR3,2024-12-30,2025-07-31,52W_HIGH,MISS,RANK_TOO_LOW,39,0.65,0.6729323308270676,false,1.1471571906354514,0.4537246049661401,NOT_AVAILABLE_PIT,NOT_AVAILABLE_PIT,UNIVERSE_ELIGIBLE_ONLY,CALENDAR_YEAR_2024
VBBR3-0269,VBBR3,2024-12-30,2025-07-31,LOW_VOL_252,MISS,RANK_TOO_LOW,23,0.38333333333333336,0.01698466707169382,false,1.1471571906354514,0.4537246049661401,NOT_AVAILABLE_PIT,NOT_AVAILABLE_PIT,UNIVERSE_ELIGIBLE_ONLY,CALENDAR_YEAR_2024
VBBR3-0269,VBBR3,2024-12-30,2025-07-31,MOMENTUM_12_1,MISS,RANK_TOO_LOW,23,0.38333333333333336,-0.01342281879194629,false,1.1471571906354514,0.4537246049661401,NOT_AVAILABLE_PIT,NOT_AVAILABLE_PIT,UNIVERSE_ELIGIBLE_ONLY,CALENDAR_YEAR_2024
VBBR3-0269,VBBR3,2024-12-30,2025-07-31,MOMENTUM_6_1,MISS,RANK_TOO_LOW,26,0.43333333333333335,0.055023923444976086,false,1.1471571906354514,0.4537246049661401,NOT_AVAILABLE_PIT,NOT_AVAILABLE_PIT,UNIVERSE_ELIGIBLE_ONLY,CALENDAR_YEAR_2024
VBBR3-0269,VBBR3,2024-12-30,2025-07-31,MOMENTUM_LOW_VOL,MISS,RANK_TOO_LOW,8,0.3333333333333333,-0.01698466707169382,false,1.1471571906354514,0.4537246049661401,NOT_AVAILABLE_PIT,NOT_AVAILABLE_PIT,UNIVERSE_ELIGIBLE_ONLY,CALENDAR_YEAR_2024
VBBR3-0269,VBBR3,2024-12-30,2025-07-31,REVERSAL_21,MISS,RANK_TOO_LOW,20,0.3333333333333333,-0.1882086167800454,false,1.1471571906354514,0.4537246049661401,NOT_AVAILABLE_PIT,NOT_AVAILABLE_PIT,UNIVERSE_ELIGIBLE_ONLY,CALENDAR_YEAR_2024
VBBR3-0269,VBBR3,2024-12-30,2025-07-31,VOLUME_SURGE,EARLY_HIT,DETECTED,28,0.4666666666666667,0.19082508862837888,false,1.1471571906354514,0.4537246049661401,NOT_AVAILABLE_PIT,NOT_AVAILABLE_PIT,UNIVERSE_ELIGIBLE_ONLY,CALENDAR_YEAR_2024
VIVT3-0270,VIVT3,2022-11-30,2023-03-31,52W_HIGH,BOUNDARY_UNCERTAIN_EXCLUDED,OUTCOME_UNCERTAINTY,35,0.5833333333333334,0.6944896115627822,false,,0.35969917012448116,NOT_AVAILABLE_PIT,NOT_AVAILABLE_PIT,UNIVERSE_ELIGIBLE_ONLY,CALENDAR_YEAR_2022
VIVT3-0270,VIVT3,2022-11-30,2023-03-31,LOW_VOL_252,BOUNDARY_UNCERTAIN_EXCLUDED,OUTCOME_UNCERTAINTY,2,0.03333333333333333,0.012645714098997007,true,,0.35969917012448116,NOT_AVAILABLE_PIT,NOT_AVAILABLE_PIT,UNIVERSE_ELIGIBLE_ONLY,CALENDAR_YEAR_2022
VIVT3-0270,VIVT3,2022-11-30,2023-03-31,MOMENTUM_12_1,BOUNDARY_UNCERTAIN_EXCLUDED,OUTCOME_UNCERTAINTY,43,0.7166666666666667,-0.2023391812865496,false,,0.35969917012448116,NOT_AVAILABLE_PIT,NOT_AVAILABLE_PIT,UNIVERSE_ELIGIBLE_ONLY,CALENDAR_YEAR_2022
VIVT3-0270,VIVT3,2022-11-30,2023-03-31,MOMENTUM_6_1,BOUNDARY_UNCERTAIN_EXCLUDED,OUTCOME_UNCERTAINTY,51,0.85,-0.20589947603337855,false,,0.35969917012448116,NOT_AVAILABLE_PIT,NOT_AVAILABLE_PIT,UNIVERSE_ELIGIBLE_ONLY,CALENDAR_YEAR_2022
VIVT3-0270,VIVT3,2022-11-30,2023-03-31,MOMENTUM_LOW_VOL,BOUNDARY_UNCERTAIN_EXCLUDED,OUTCOME_UNCERTAINTY,,,,false,,0.35969917012448116,NOT_AVAILABLE_PIT,NOT_AVAILABLE_PIT,UNIVERSE_ELIGIBLE_ONLY,CALENDAR_YEAR_2022
VIVT3-0270,VIVT3,2022-11-30,2023-03-31,REVERSAL_21,BOUNDARY_UNCERTAIN_EXCLUDED,OUTCOME_UNCERTAINTY,34,0.5666666666666667,-0.06060606060606066,false,,0.35969917012448116,NOT_AVAILABLE_PIT,NOT_AVAILABLE_PIT,UNIVERSE_ELIGIBLE_ONLY,CALENDAR_YEAR_2022
VIVT3-0270,VIVT3,2022-11-30,2023-03-31,VOLUME_SURGE,BOUNDARY_UNCERTAIN_EXCLUDED,OUTCOME_UNCERTAINTY,38,0.6333333333333333,0.09678723491578478,false,,0.35969917012448116,NOT_AVAILABLE_PIT,NOT_AVAILABLE_PIT,UNIVERSE_ELIGIBLE_ONLY,CALENDAR_YEAR_2022
VIVT4-0271,VIVT4,2018-08-31,2018-09-28,52W_HIGH,BOUNDARY_UNCERTAIN_EXCLUDED,OUTCOME_UNCERTAINTY,38,0.6333333333333333,0.7329928871055991,false,,0.3686075949367089,NOT_AVAILABLE_PIT,NOT_AVAILABLE_PIT,UNIVERSE_ELIGIBLE_ONLY,CALENDAR_YEAR_2018
VIVT4-0271,VIVT4,2018-08-31,2018-09-28,LOW_VOL_252,BOUNDARY_UNCERTAIN_EXCLUDED,OUTCOME_UNCERTAINTY,2,0.03333333333333333,0.012379298306442126,true,,0.3686075949367089,NOT_AVAILABLE_PIT,NOT_AVAILABLE_PIT,UNIVERSE_ELIGIBLE_ONLY,CALENDAR_YEAR_2018
VIVT4-0271,VIVT4,2018-08-31,2018-09-28,MOMENTUM_12_1,BOUNDARY_UNCERTAIN_EXCLUDED,OUTCOME_UNCERTAINTY,51,0.85,-0.14105219552609782,false,,0.3686075949367089,NOT_AVAILABLE_PIT,NOT_AVAILABLE_PIT,UNIVERSE_ELIGIBLE_ONLY,CALENDAR_YEAR_2018
VIVT4-0271,VIVT4,2018-08-31,2018-09-28,MOMENTUM_6_1,BOUNDARY_UNCERTAIN_EXCLUDED,OUTCOME_UNCERTAINTY,44,0.7333333333333333,-0.20065535851966076,false,,0.3686075949367089,NOT_AVAILABLE_PIT,NOT_AVAILABLE_PIT,UNIVERSE_ELIGIBLE_ONLY,CALENDAR_YEAR_2018
VIVT4-0271,VIVT4,2018-08-31,2018-09-28,MOMENTUM_LOW_VOL,BOUNDARY_UNCERTAIN_EXCLUDED,OUTCOME_UNCERTAINTY,,,,false,,0.3686075949367089,NOT_AVAILABLE_PIT,NOT_AVAILABLE_PIT,UNIVERSE_ELIGIBLE_ONLY,CALENDAR_YEAR_2018
VIVT4-0271,VIVT4,2018-08-31,2018-09-28,REVERSAL_21,BOUNDARY_UNCERTAIN_EXCLUDED,OUTCOME_UNCERTAINTY,35,0.5833333333333334,-0.030865686038099804,false,,0.3686075949367089,NOT_AVAILABLE_PIT,NOT_AVAILABLE_PIT,UNIVERSE_ELIGIBLE_ONLY,CALENDAR_YEAR_2018
VIVT4-0271,VIVT4,2018-08-31,2018-09-28,VOLUME_SURGE,BOUNDARY_UNCERTAIN_EXCLUDED,OUTCOME_UNCERTAINTY,39,0.65,-0.16388962633585047,false,,0.3686075949367089,NOT_AVAILABLE_PIT,NOT_AVAILABLE_PIT,UNIVERSE_ELIGIBLE_ONLY,CALENDAR_YEAR_2018
WEGE3-0272,WEGE3,2017-01-31,2017-02-24,52W_HIGH,MISS,RANK_TOO_LOW,29,0.48333333333333334,0.8805723720418271,false,,0.4882837238758708,NOT_AVAILABLE_PIT,NOT_AVAILABLE_PIT,UNIVERSE_ELIGIBLE_ONLY,CALENDAR_YEAR_2017
WEGE3-0272,WEGE3,2017-01-31,2017-02-24,LOW_VOL_252,MISS,RANK_TOO_LOW,16,0.26666666666666666,0.01997482735827326,false,,0.4882837238758708,NOT_AVAILABLE_PIT,NOT_AVAILABLE_PIT,UNIVERSE_ELIGIBLE_ONLY,CALENDAR_YEAR_2017
WEGE3-0272,WEGE3,2017-01-31,2017-02-24,MOMENTUM_12_1,MISS,RANK_TOO_LOW,52,0.8666666666666667,0.015572105619499066,false,,0.4882837238758708,NOT_AVAILABLE_PIT,NOT_AVAILABLE_PIT,UNIVERSE_ELIGIBLE_ONLY,CALENDAR_YEAR_2017
WEGE3-0272,WEGE3,2017-01-31,2017-02-24,MOMENTUM_6_1,MISS,RANK_TOO_LOW,27,0.45,-0.019607843137254943,false,,0.4882837238758708,NOT_AVAILABLE_PIT,NOT_AVAILABLE_PIT,UNIVERSE_ELIGIBLE_ONLY,CALENDAR_YEAR_2017
WEGE3-0272,WEGE3,2017-01-31,2017-02-24,MOMENTUM_LOW_VOL,NOT_SCORABLE_BY_DETECTOR,INSUFFICIENT_HISTORY,,,,false,,0.4882837238758708,NOT_AVAILABLE_PIT,NOT_AVAILABLE_PIT,UNIVERSE_ELIGIBLE_ONLY,CALENDAR_YEAR_2017
WEGE3-0272,WEGE3,2017-01-31,2017-02-24,REVERSAL_21,MISS,RANK_TOO_LOW,31,0.5166666666666667,0.06666666666666665,false,,0.4882837238758708,NOT_AVAILABLE_PIT,NOT_AVAILABLE_PIT,UNIVERSE_ELIGIBLE_ONLY,CALENDAR_YEAR_2017
WEGE3-0272,WEGE3,2017-01-31,2017-02-24,VOLUME_SURGE,MISS,RANK_TOO_LOW,37,0.6166666666666667,-0.12860114897017683,false,,0.4882837238758708,NOT_AVAILABLE_PIT,NOT_AVAILABLE_PIT,UNIVERSE_ELIGIBLE_ONLY,CALENDAR_YEAR_2017
WEGE3-0273,WEGE3,2018-06-29,2018-06-29,52W_HIGH,MISS,RANK_TOO_LOW,49,0.8166666666666667,0.6184261036468329,false,1.0,0.3767560664112388,NOT_AVAILABLE_PIT,NOT_AVAILABLE_PIT,UNIVERSE_ELIGIBLE_ONLY,CALENDAR_YEAR_2018
WEGE3-0273,WEGE3,2018-06-29,2018-06-29,LOW_VOL_252,MISS,RANK_TOO_LOW,45,0.75,0.023487467104523808,false,1.0,0.3767560664112388,NOT_AVAILABLE_PIT,NOT_AVAILABLE_PIT,UNIVERSE_ELIGIBLE_ONLY,CALENDAR_YEAR_2018
WEGE3-0273,WEGE3,2018-06-29,2018-06-29,MOMENTUM_12_1,MISS,RANK_TOO_LOW,44,0.7333333333333333,-0.02960893854748592,false,1.0,0.3767560664112388,NOT_AVAILABLE_PIT,NOT_AVAILABLE_PIT,UNIVERSE_ELIGIBLE_ONLY,CALENDAR_YEAR_2018
WEGE3-0273,WEGE3,2018-06-29,2018-06-29,MOMENTUM_6_1,MISS,RANK_TOO_LOW,51,0.85,-0.2822314049586776,false,1.0,0.3767560664112388,NOT_AVAILABLE_PIT,NOT_AVAILABLE_PIT,UNIVERSE_ELIGIBLE_ONLY,CALENDAR_YEAR_2018
WEGE3-0273,WEGE3,2018-06-29,2018-06-29,MOMENTUM_LOW_VOL,NOT_SCORABLE_BY_DETECTOR,INSUFFICIENT_HISTORY,,,,false,1.0,0.3767560664112388,NOT_AVAILABLE_PIT,NOT_AVAILABLE_PIT,UNIVERSE_ELIGIBLE_ONLY,CALENDAR_YEAR_2018
WEGE3-0273,WEGE3,2018-06-29,2018-06-29,REVERSAL_21,MISS,RANK_TOO_LOW,26,0.43333333333333335,-0.07253886010362698,false,1.0,0.3767560664112388,NOT_AVAILABLE_PIT,NOT_AVAILABLE_PIT,UNIVERSE_ELIGIBLE_ONLY,CALENDAR_YEAR_2018
WEGE3-0273,WEGE3,2018-06-29,2018-06-29,VOLUME_SURGE,EARLY_HIT,DETECTED,6,0.1,0.5384279440345923,true,1.0,0.3767560664112388,NOT_AVAILABLE_PIT,NOT_AVAILABLE_PIT,UNIVERSE_ELIGIBLE_ONLY,CALENDAR_YEAR_2018
WEGE3-0274,WEGE3,2018-10-31,2020-03-31,52W_HIGH,BOUNDARY_UNCERTAIN_EXCLUDED,OUTCOME_UNCERTAINTY,49,0.8166666666666667,0.7024952015355086,false,,0.42197802197802203,NOT_AVAILABLE_PIT,NOT_AVAILABLE_PIT,UNIVERSE_ELIGIBLE_ONLY,CALENDAR_YEAR_2018
WEGE3-0274,WEGE3,2018-10-31,2020-03-31,LOW_VOL_252,BOUNDARY_UNCERTAIN_EXCLUDED,OUTCOME_UNCERTAINTY,40,0.6666666666666666,0.02432143738137262,false,,0.42197802197802203,NOT_AVAILABLE_PIT,NOT_AVAILABLE_PIT,UNIVERSE_ELIGIBLE_ONLY,CALENDAR_YEAR_2018
WEGE3-0274,WEGE3,2018-10-31,2020-03-31,MOMENTUM_12_1,BOUNDARY_UNCERTAIN_EXCLUDED,OUTCOME_UNCERTAINTY,31,0.5166666666666667,-0.1183035714285714,false,,0.42197802197802203,NOT_AVAILABLE_PIT,NOT_AVAILABLE_PIT,UNIVERSE_ELIGIBLE_ONLY,CALENDAR_YEAR_2018
WEGE3-0274,WEGE3,2018-10-31,2020-03-31,MOMENTUM_6_1,BOUNDARY_UNCERTAIN_EXCLUDED,OUTCOME_UNCERTAINTY,8,0.13333333333333333,0.11079865016872881,true,,0.42197802197802203,NOT_AVAILABLE_PIT,NOT_AVAILABLE_PIT,UNIVERSE_ELIGIBLE_ONLY,CALENDAR_YEAR_2018
WEGE3-0274,WEGE3,2018-10-31,2020-03-31,MOMENTUM_LOW_VOL,BOUNDARY_UNCERTAIN_EXCLUDED,OUTCOME_UNCERTAINTY,,,,false,,0.42197802197802203,NOT_AVAILABLE_PIT,NOT_AVAILABLE_PIT,UNIVERSE_ELIGIBLE_ONLY,CALENDAR_YEAR_2018
WEGE3-0274,WEGE3,2018-10-31,2020-03-31,REVERSAL_21,BOUNDARY_UNCERTAIN_EXCLUDED,OUTCOME_UNCERTAINTY,11,0.18333333333333332,-0.07341772151898729,true,,0.42197802197802203,NOT_AVAILABLE_PIT,NOT_AVAILABLE_PIT,UNIVERSE_ELIGIBLE_ONLY,CALENDAR_YEAR_2018
WEGE3-0274,WEGE3,2018-10-31,2020-03-31,VOLUME_SURGE,BOUNDARY_UNCERTAIN_EXCLUDED,OUTCOME_UNCERTAINTY,22,0.36666666666666664,0.44963590685312504,false,,0.42197802197802203,NOT_AVAILABLE_PIT,NOT_AVAILABLE_PIT,UNIVERSE_ELIGIBLE_ONLY,CALENDAR_YEAR_2018
YDUQ3-0275,YDUQ3,2022-06-30,2022-09-30,52W_HIGH,MISS,RANK_TOO_LOW,54,0.9,0.37746478873239436,false,,0.5269645608628659,NOT_AVAILABLE_PIT,NOT_AVAILABLE_PIT,UNIVERSE_ELIGIBLE_ONLY,CALENDAR_YEAR_2022
YDUQ3-0275,YDUQ3,2022-06-30,2022-09-30,LOW_VOL_252,MISS,RANK_TOO_LOW,54,0.9,0.033255908266425036,false,,0.5269645608628659,NOT_AVAILABLE_PIT,NOT_AVAILABLE_PIT,UNIVERSE_ELIGIBLE_ONLY,CALENDAR_YEAR_2022
YDUQ3-0275,YDUQ3,2022-06-30,2022-09-30,MOMENTUM_12_1,MISS,RANK_TOO_LOW,57,0.95,-0.5340845070422535,false,,0.5269645608628659,NOT_AVAILABLE_PIT,NOT_AVAILABLE_PIT,UNIVERSE_ELIGIBLE_ONLY,CALENDAR_YEAR_2022
YDUQ3-0275,YDUQ3,2022-06-30,2022-09-30,MOMENTUM_6_1,MISS,RANK_TOO_LOW,49,0.8166666666666667,-0.17588440458395616,false,,0.5269645608628659,NOT_AVAILABLE_PIT,NOT_AVAILABLE_PIT,UNIVERSE_ELIGIBLE_ONLY,CALENDAR_YEAR_2022
YDUQ3-0275,YDUQ3,2022-06-30,2022-09-30,MOMENTUM_LOW_VOL,NOT_SCORABLE_BY_DETECTOR,INSUFFICIENT_HISTORY,,,,false,,0.5269645608628659,NOT_AVAILABLE_PIT,NOT_AVAILABLE_PIT,UNIVERSE_ELIGIBLE_ONLY,CALENDAR_YEAR_2022
YDUQ3-0275,YDUQ3,2022-06-30,2022-09-30,REVERSAL_21,EARLY_HIT,DETECTED,15,0.25,-0.1898428053204353,false,1.0488466757123476,0.5269645608628659,NOT_AVAILABLE_PIT,NOT_AVAILABLE_PIT,UNIVERSE_ELIGIBLE_ONLY,CALENDAR_YEAR_2022
YDUQ3-0275,YDUQ3,2022-06-30,2022-09-30,VOLUME_SURGE,MISS,RANK_TOO_LOW,59,0.9833333333333333,-0.4406460148982332,false,,0.5269645608628659,NOT_AVAILABLE_PIT,NOT_AVAILABLE_PIT,UNIVERSE_ELIGIBLE_ONLY,CALENDAR_YEAR_2022
YDUQ3-0276,YDUQ3,2022-11-30,2023-04-28,52W_HIGH,MISS,RANK_TOO_LOW,50,0.8333333333333334,0.4702990577632118,false,1.0,0.8275862068965518,NOT_AVAILABLE_PIT,NOT_AVAILABLE_PIT,UNIVERSE_ELIGIBLE_ONLY,CALENDAR_YEAR_2022
YDUQ3-0276,YDUQ3,2022-11-30,2023-04-28,LOW_VOL_252,MISS,RANK_TOO_LOW,56,0.9333333333333333,0.04006975087992174,false,1.0,0.8275862068965518,NOT_AVAILABLE_PIT,NOT_AVAILABLE_PIT,UNIVERSE_ELIGIBLE_ONLY,CALENDAR_YEAR_2022
YDUQ3-0276,YDUQ3,2022-11-30,2023-04-28,MOMENTUM_12_1,MISS,RANK_TOO_LOW,47,0.7833333333333333,-0.33018018018018025,false,1.0,0.8275862068965518,NOT_AVAILABLE_PIT,NOT_AVAILABLE_PIT,UNIVERSE_ELIGIBLE_ONLY,CALENDAR_YEAR_2022
YDUQ3-0276,YDUQ3,2022-11-30,2023-04-28,MOMENTUM_6_1,MISS,RANK_TOO_LOW,41,0.6833333333333333,-0.10096735187424422,false,1.0,0.8275862068965518,NOT_AVAILABLE_PIT,NOT_AVAILABLE_PIT,UNIVERSE_ELIGIBLE_ONLY,CALENDAR_YEAR_2022
YDUQ3-0276,YDUQ3,2022-11-30,2023-04-28,MOMENTUM_LOW_VOL,NOT_SCORABLE_BY_DETECTOR,INSUFFICIENT_HISTORY,,,,false,1.0,0.8275862068965518,NOT_AVAILABLE_PIT,NOT_AVAILABLE_PIT,UNIVERSE_ELIGIBLE_ONLY,CALENDAR_YEAR_2022
YDUQ3-0276,YDUQ3,2022-11-30,2023-04-28,REVERSAL_21,EARLY_HIT,DETECTED,7,0.11666666666666667,-0.22797579018157355,true,1.0,0.8275862068965518,NOT_AVAILABLE_PIT,NOT_AVAILABLE_PIT,UNIVERSE_ELIGIBLE_ONLY,CALENDAR_YEAR_2022
YDUQ3-0276,YDUQ3,2022-11-30,2023-04-28,VOLUME_SURGE,EARLY_HIT,DETECTED,6,0.1,0.598957503667076,true,1.0,0.8275862068965518,NOT_AVAILABLE_PIT,NOT_AVAILABLE_PIT,UNIVERSE_ELIGIBLE_ONLY,CALENDAR_YEAR_2022
YDUQ3-0277,YDUQ3,2024-05-31,2024-06-28,52W_HIGH,MISS,RANK_TOO_LOW,56,0.9333333333333333,0.5241666666666667,false,,0.40617180984153456,NOT_AVAILABLE_PIT,NOT_AVAILABLE_PIT,UNIVERSE_ELIGIBLE_ONLY,CALENDAR_YEAR_2024
YDUQ3-0277,YDUQ3,2024-05-31,2024-06-28,LOW_VOL_252,MISS,RANK_TOO_LOW,57,0.95,0.033614404177119445,false,,0.40617180984153456,NOT_AVAILABLE_PIT,NOT_AVAILABLE_PIT,UNIVERSE_ELIGIBLE_ONLY,CALENDAR_YEAR_2024
YDUQ3-0277,YDUQ3,2024-05-31,2024-06-28,MOMENTUM_12_1,MISS,RANK_TOO_LOW,27,0.45,0.10830324909747291,false,,0.40617180984153456,NOT_AVAILABLE_PIT,NOT_AVAILABLE_PIT,UNIVERSE_ELIGIBLE_ONLY,CALENDAR_YEAR_2024
YDUQ3-0277,YDUQ3,2024-05-31,2024-06-28,MOMENTUM_6_1,MISS,RANK_TOO_LOW,55,0.9166666666666666,-0.20010422094841074,false,,0.40617180984153456,NOT_AVAILABLE_PIT,NOT_AVAILABLE_PIT,UNIVERSE_ELIGIBLE_ONLY,CALENDAR_YEAR_2024
YDUQ3-0277,YDUQ3,2024-05-31,2024-06-28,MOMENTUM_LOW_VOL,NOT_SCORABLE_BY_DETECTOR,INSUFFICIENT_HISTORY,,,,false,,0.40617180984153456,NOT_AVAILABLE_PIT,NOT_AVAILABLE_PIT,UNIVERSE_ELIGIBLE_ONLY,CALENDAR_YEAR_2024
YDUQ3-0277,YDUQ3,2024-05-31,2024-06-28,REVERSAL_21,EARLY_HIT,DETECTED,4,0.06666666666666667,-0.18045602605863187,true,1.0,0.40617180984153456,NOT_AVAILABLE_PIT,NOT_AVAILABLE_PIT,UNIVERSE_ELIGIBLE_ONLY,CALENDAR_YEAR_2024
YDUQ3-0277,YDUQ3,2024-05-31,2024-06-28,VOLUME_SURGE,MISS,RANK_TOO_LOW,30,0.5,0.0009172621274848858,false,,0.40617180984153456,NOT_AVAILABLE_PIT,NOT_AVAILABLE_PIT,UNIVERSE_ELIGIBLE_ONLY,CALENDAR_YEAR_2024
YDUQ3-0278,YDUQ3,2024-08-30,2025-01-31,52W_HIGH,MISS,RANK_TOO_LOW,59,0.9833333333333333,0.4342162396873643,false,,0.34022750775594623,NOT_AVAILABLE_PIT,NOT_AVAILABLE_PIT,UNIVERSE_ELIGIBLE_ONLY,CALENDAR_YEAR_2024
YDUQ3-0278,YDUQ3,2024-08-30,2025-01-31,LOW_VOL_252,MISS,RANK_TOO_LOW,55,0.9166666666666666,0.03044077382897582,false,,0.34022750775594623,NOT_AVAILABLE_PIT,NOT_AVAILABLE_PIT,UNIVERSE_ELIGIBLE_ONLY,CALENDAR_YEAR_2024
YDUQ3-0278,YDUQ3,2024-08-30,2025-01-31,MOMENTUM_12_1,MISS,RANK_TOO_LOW,58,0.9666666666666667,-0.48003802281368824,false,,0.34022750775594623,NOT_AVAILABLE_PIT,NOT_AVAILABLE_PIT,UNIVERSE_ELIGIBLE_ONLY,CALENDAR_YEAR_2024
YDUQ3-0278,YDUQ3,2024-08-30,2025-01-31,MOMENTUM_6_1,MISS,RANK_TOO_LOW,60,1.0,-0.4678988326848249,false,,0.34022750775594623,NOT_AVAILABLE_PIT,NOT_AVAILABLE_PIT,UNIVERSE_ELIGIBLE_ONLY,CALENDAR_YEAR_2024
YDUQ3-0278,YDUQ3,2024-08-30,2025-01-31,MOMENTUM_LOW_VOL,NOT_SCORABLE_BY_DETECTOR,INSUFFICIENT_HISTORY,,,,false,,0.34022750775594623,NOT_AVAILABLE_PIT,NOT_AVAILABLE_PIT,UNIVERSE_ELIGIBLE_ONLY,CALENDAR_YEAR_2024
YDUQ3-0278,YDUQ3,2024-08-30,2025-01-31,REVERSAL_21,EARLY_HIT,DETECTED,1,0.016666666666666666,-0.08592321755027421,true,1.0,0.34022750775594623,NOT_AVAILABLE_PIT,NOT_AVAILABLE_PIT,UNIVERSE_ELIGIBLE_ONLY,CALENDAR_YEAR_2024
YDUQ3-0278,YDUQ3,2024-08-30,2025-01-31,VOLUME_SURGE,MISS,RANK_TOO_LOW,58,0.9666666666666667,-0.3995199339544865,false,,0.34022750775594623,NOT_AVAILABLE_PIT,NOT_AVAILABLE_PIT,UNIVERSE_ELIGIBLE_ONLY,CALENDAR_YEAR_2024
